sector,contract_type,barra,months_observed,avg_industrial_exposure_score,p90_industrial_exposure_score,max_industrial_exposure_score,priority_months,watchlist_months,low_info_months,spot_share,monthly_mwh,dominant_driver,watchlist_share,profile_priority_score,signal_stability_label_es
agroindustry_seasonal,balanced_30pct_spot_ppa,PLANTAETANOL 60,36,59.1,68.86,70.87,0,9,0,0.3,6000,Nivel de precio,0.25,58.19,Estable
agroindustry_seasonal,balanced_30pct_spot_ppa,HUAYLLACHO 15,36,58.97,69.52,72.3,0,11,0,0.3,6000,Nivel de precio,0.306,59.35,Estable
agroindustry_seasonal,balanced_30pct_spot_ppa,SAN IGNACIO 15,36,58.75,69.06,71.88,0,10,0,0.3,6000,Nivel de precio,0.278,58.65,Estable
agroindustry_seasonal,balanced_30pct_spot_ppa,SAN ANTONIO 15,36,58.73,69.06,71.88,0,10,0,0.3,6000,Nivel de precio,0.278,58.64,Estable
agroindustry_seasonal,balanced_30pct_spot_ppa,ZORRITOS 220,36,58.53,68.72,70.32,0,10,0,0.3,6000,Nivel de precio,0.278,58.24,Estable
agroindustry_seasonal,balanced_30pct_spot_ppa,NCTUMBES60,36,58.36,68.93,69.84,0,10,0,0.3,6000,Nivel de precio,0.278,58.14,Estable
agroindustry_seasonal,balanced_30pct_spot_ppa,MISAPUQUIO 33,36,57.59,68.15,71.27,0,7,0,0.3,6000,Nivel de precio,0.194,56.56,Estable
agroindustry_seasonal,balanced_30pct_spot_ppa,GE1 33,36,57.43,67.13,70.11,0,8,0,0.3,6000,Nivel de precio,0.222,56.47,Estable
agroindustry_seasonal,balanced_30pct_spot_ppa,TINTAYA EXISTENTE 138,36,57.21,67.79,70.75,0,8,0,0.3,6000,Nivel de precio,0.222,56.64,Estable
agroindustry_seasonal,balanced_30pct_spot_ppa,PIURA OESTE 220,36,56.94,66.25,69.54,0,6,0,0.3,6000,Nivel de precio,0.167,55.11,Estable
agroindustry_seasonal,balanced_30pct_spot_ppa,TALARA 220,36,56.93,65.87,69.79,0,8,0,0.3,6000,Nivel de precio,0.222,55.89,Estable
agroindustry_seasonal,balanced_30pct_spot_ppa,TINTAYA NUEVA 220,36,56.84,67.22,70.3,0,8,0,0.3,6000,Nivel de precio,0.222,56.26,Estable
agroindustry_seasonal,balanced_30pct_spot_ppa,TALARA13.2,36,56.62,66.1,70.04,0,8,0,0.3,6000,Nivel de precio,0.222,55.85,Estable
agroindustry_seasonal,balanced_30pct_spot_ppa,GALLITO CIEGO 60,36,56.36,65.32,68.15,0,4,0,0.3,6000,Nivel de precio,0.111,53.58,Estable
agroindustry_seasonal,balanced_30pct_spot_ppa,BELAUNDE 138,36,56.27,65.21,68.9,0,5,0,0.3,6000,Nivel de precio,0.139,54.04,Estable
agroindustry_seasonal,balanced_30pct_spot_ppa,VALLE DEL CHIRA 220,14,54.94,65.04,68.15,0,2,0,0.3,6000,Nivel de precio,0.143,53.35,Estable
agroindustry_seasonal,balanced_30pct_spot_ppa,PARIAC 66,36,53.72,63.7,68.1,0,1,0,0.3,6000,Nivel de precio,0.028,50.73,Estable
agroindustry_seasonal,balanced_30pct_spot_ppa,JULIACA10,36,52.19,62.75,65.66,0,2,0,0.3,6000,Nivel de precio,0.056,49.86,Estable
agroindustry_seasonal,balanced_30pct_spot_ppa,JAEN 138,24,51.5,61.89,66.12,0,1,0,0.3,6000,Nivel de precio,0.042,49.19,Estable
agroindustry_seasonal,balanced_30pct_spot_ppa,TOCACHE 138,36,48.73,57.95,63.36,0,0,0,0.3,6000,Nivel de precio,0.0,45.92,Estable
agroindustry_seasonal,balanced_30pct_spot_ppa,JULIACA 138,36,47.59,58.07,61.1,0,0,0,0.3,6000,Nivel de precio,0.0,45.1,Estable
agroindustry_seasonal,balanced_30pct_spot_ppa,CALLALLI 138,36,47.21,57.96,61.33,0,0,0,0.3,6000,Nivel de precio,0.0,44.93,Estable
agroindustry_seasonal,balanced_30pct_spot_ppa,PLANTA CASA GRANDE 13.8,1,47.19,47.19,47.19,0,0,0,0.3,6000,Nivel de precio,0.0,40.11,Sensible
agroindustry_seasonal,balanced_30pct_spot_ppa,GUADALUPE 60,36,47.15,56.09,57.91,0,0,0,0.3,6000,Nivel de precio,0.0,43.93,Estable
agroindustry_seasonal,balanced_30pct_spot_ppa,LA BREA 220,21,46.59,57.39,61.98,0,0,0,0.3,6000,Nivel de precio,0.0,44.61,Estable
agroindustry_seasonal,balanced_30pct_spot_ppa,ILO1 138,36,45.64,54.43,58.5,0,0,0,0.3,6000,Nivel de precio,0.0,42.92,Estable
agroindustry_seasonal,balanced_30pct_spot_ppa,TOQUEPALA 138,36,45.36,53.97,58.42,0,0,0,0.3,6000,Nivel de precio,0.0,42.67,Estable
agroindustry_seasonal,balanced_30pct_spot_ppa,AYAVIRI 138,36,45.27,56.59,59.52,0,0,0,0.3,6000,Nivel de precio,0.0,43.45,Estable
agroindustry_seasonal,balanced_30pct_spot_ppa,PUNO 138,36,45.19,55.63,58.96,0,0,0,0.3,6000,Nivel de precio,0.0,43.09,Estable
agroindustry_seasonal,balanced_30pct_spot_ppa,ILO ELP 138,36,45.05,53.85,58.0,0,0,0,0.3,6000,Nivel de precio,0.0,42.43,Estable
agroindustry_seasonal,balanced_30pct_spot_ppa,CHICLAYO 220,36,44.93,54.13,55.69,0,0,0,0.3,6000,Nivel de precio,0.0,42.11,Estable
agroindustry_seasonal,balanced_30pct_spot_ppa,PUNO 220,36,44.74,55.27,58.52,0,0,0,0.3,6000,Nivel de precio,0.0,42.73,Estable
agroindustry_seasonal,balanced_30pct_spot_ppa,ARICOTA2 138,36,44.61,53.34,57.69,0,0,0,0.3,6000,Nivel de precio,0.0,42.06,Estable
agroindustry_seasonal,balanced_30pct_spot_ppa,CT ETEN 220,36,44.5,53.78,55.4,0,0,0,0.3,6000,Nivel de precio,0.0,41.78,Estable
agroindustry_seasonal,balanced_30pct_spot_ppa,RECKA 220,36,44.49,53.96,55.16,0,0,0,0.3,6000,Nivel de precio,0.0,41.78,Estable
agroindustry_seasonal,balanced_30pct_spot_ppa,ETEN 18,36,44.44,53.56,55.28,0,0,0,0.3,6000,Nivel de precio,0.0,41.68,Estable
agroindustry_seasonal,balanced_30pct_spot_ppa,RECKA 18,36,44.42,53.8,55.02,0,0,0,0.3,6000,Nivel de precio,0.0,41.69,Estable
agroindustry_seasonal,balanced_30pct_spot_ppa,PUERTO MALDONADO 10,36,44.38,57.74,61.92,0,0,0,0.3,6000,Nivel de precio,0.0,43.7,Estable
agroindustry_seasonal,balanced_30pct_spot_ppa,BOTIFLACA 138,36,44.37,53.14,57.51,0,0,0,0.3,6000,Nivel de precio,0.0,41.88,Estable
agroindustry_seasonal,balanced_30pct_spot_ppa,LA NIÑA 220,36,44.18,53.05,55.82,0,0,0,0.3,6000,Nivel de precio,0.0,41.52,Estable
agroindustry_seasonal,balanced_30pct_spot_ppa,ARICOTA 66,36,44.16,52.68,57.24,0,0,0,0.3,6000,Nivel de precio,0.0,41.63,Estable
agroindustry_seasonal,balanced_30pct_spot_ppa,CHILINA 33,36,44.12,54.5,57.17,0,0,0,0.3,6000,Nivel de precio,0.0,42.06,Estable
agroindustry_seasonal,balanced_30pct_spot_ppa,MOLLENDO 138,36,44.07,55.29,58.82,0,0,0,0.3,6000,Nivel de precio,0.0,42.48,Estable
agroindustry_seasonal,balanced_30pct_spot_ppa,CACLIC 220,36,43.99,53.67,55.67,0,0,0,0.3,6000,Nivel de precio,0.0,41.57,Estable
agroindustry_seasonal,balanced_30pct_spot_ppa,AZANGARO 138,36,43.87,55.58,58.79,0,0,0,0.3,6000,Nivel de precio,0.0,42.45,Estable
agroindustry_seasonal,balanced_30pct_spot_ppa,PUERTO MALDONADO 138,36,43.73,57.15,62.29,0,0,0,0.3,6000,Nivel de precio,0.0,43.31,Estable
agroindustry_seasonal,balanced_30pct_spot_ppa,ARICOTA1 66,36,43.54,51.81,56.11,0,0,0,0.3,6000,Nivel de precio,0.0,40.96,Variable
agroindustry_seasonal,balanced_30pct_spot_ppa,LOS HEROES 66,36,43.49,51.84,56.13,0,0,0,0.3,6000,Nivel de precio,0.0,40.95,Variable
agroindustry_seasonal,balanced_30pct_spot_ppa,GUADALUPE 220,36,43.41,52.4,54.5,0,0,0,0.3,6000,Nivel de precio,0.0,40.81,Estable
agroindustry_seasonal,balanced_30pct_spot_ppa,PUCALLPA 60,36,43.38,52.11,59.04,0,0,0,0.3,6000,Nivel de precio,0.0,41.4,Estable
agroindustry_seasonal,balanced_30pct_spot_ppa,CHILINA 138,36,43.37,53.05,57.04,0,0,0,0.3,6000,Nivel de precio,0.0,41.33,Variable
agroindustry_seasonal,balanced_30pct_spot_ppa,CT PLANTA PUCALLPA 60,36,43.33,51.99,58.92,0,0,0,0.3,6000,Nivel de precio,0.0,41.33,Estable
agroindustry_seasonal,balanced_30pct_spot_ppa,COMBAPATA 138,36,43.21,54.52,56.45,0,0,0,0.3,6000,Nivel de precio,0.0,41.54,Estable
agroindustry_seasonal,balanced_30pct_spot_ppa,REPARTICIÓN 138,36,43.17,54.14,57.72,0,0,0,0.3,6000,Nivel de precio,0.0,41.62,Estable
agroindustry_seasonal,balanced_30pct_spot_ppa,LOS HEROES 220,36,42.9,51.09,55.31,0,0,0,0.3,6000,Nivel de precio,0.0,40.37,Variable
agroindustry_seasonal,balanced_30pct_spot_ppa,CUTERVO 138,36,42.84,52.94,56.12,0,0,0,0.3,6000,Nivel de precio,0.0,40.93,Estable
agroindustry_seasonal,balanced_30pct_spot_ppa,PUCALLPA 138,36,42.79,51.71,58.21,0,0,0,0.3,6000,Nivel de precio,0.0,40.91,Estable
agroindustry_seasonal,balanced_30pct_spot_ppa,CERRO VERDE 138,36,42.56,52.1,55.59,0,0,0,0.3,6000,Nivel de precio,0.0,40.51,Variable
agroindustry_seasonal,balanced_30pct_spot_ppa,AGROLMOS 60,6,42.31,51.84,54.32,0,0,0,0.3,6000,Nivel de precio,0.0,40.15,Variable
agroindustry_seasonal,balanced_30pct_spot_ppa,MOQUEGUA 138,36,42.06,50.49,54.44,0,0,0,0.3,6000,Nivel de precio,0.0,39.71,Variable
agroindustry_seasonal,balanced_30pct_spot_ppa,SANTUARIO 138,36,41.8,51.8,55.63,0,0,0,0.3,6000,Nivel de precio,0.0,40.1,Variable
agroindustry_seasonal,balanced_30pct_spot_ppa,PLANTA SAN JACINTO 13.8,36,41.71,50.34,53.46,0,0,0,0.3,6000,Nivel de precio,0.0,39.37,Variable
agroindustry_seasonal,balanced_30pct_spot_ppa,MOQUEGUA 220,36,41.69,50.04,53.92,0,0,0,0.3,6000,Nivel de precio,0.0,39.36,Variable
agroindustry_seasonal,balanced_30pct_spot_ppa,SOCABAYA 138,36,41.52,50.96,54.86,0,0,0,0.3,6000,Nivel de precio,0.0,39.65,Variable
agroindustry_seasonal,balanced_30pct_spot_ppa,CAJAMARCA 220,36,41.48,51.68,52.55,0,0,0,0.3,6000,Nivel de precio,0.0,39.47,Variable
agroindustry_seasonal,balanced_30pct_spot_ppa,ILO2 220,36,41.38,49.32,53.59,0,0,0,0.3,6000,Nivel de precio,0.0,38.99,Variable
agroindustry_seasonal,balanced_30pct_spot_ppa,TRUJILLO 220,36,41.23,49.76,53.85,0,0,0,0.3,6000,Nivel de precio,0.0,39.07,Variable
agroindustry_seasonal,balanced_30pct_spot_ppa,SOCABAYA 220,36,41.1,50.42,54.08,0,0,0,0.3,6000,Nivel de precio,0.0,39.22,Variable
agroindustry_seasonal,balanced_30pct_spot_ppa,CHARCANI VI 33,36,41.08,49.98,52.16,0,0,0,0.3,6000,Nivel de precio,0.0,38.8,Variable
agroindustry_seasonal,balanced_30pct_spot_ppa,MONTALVO 220,36,40.7,49.38,53.34,0,0,0,0.3,6000,Nivel de precio,0.0,38.66,Variable
agroindustry_seasonal,balanced_30pct_spot_ppa,CARHUAQUERO 220,36,40.57,51.72,52.79,0,0,0,0.3,6000,Nivel de precio,0.0,39.1,Variable
agroindustry_seasonal,balanced_30pct_spot_ppa,HUALLIN60,21,40.28,52.03,54.92,0,0,0,0.3,6000,Nivel de precio,0.0,39.37,Sensible
agroindustry_seasonal,balanced_30pct_spot_ppa,S.E. ILO4 500,36,39.92,48.51,52.16,0,0,0,0.3,6000,Nivel de precio,0.0,37.91,Variable
agroindustry_seasonal,balanced_30pct_spot_ppa,AUCAYACU 138,36,39.6,51.33,54.85,0,0,0,0.3,6000,Nivel de precio,0.0,38.88,Variable
agroindustry_seasonal,balanced_30pct_spot_ppa,RUBI 220,33,39.49,48.03,53.06,0,0,0,0.3,6000,Volatilidad,0.0,37.74,Variable
agroindustry_seasonal,balanced_30pct_spot_ppa,BIOENERGIA 13.8,36,39.25,50.81,59.17,0,0,0,0.3,6000,Nivel de precio,0.0,39.24,Variable
agroindustry_seasonal,balanced_30pct_spot_ppa,SAN JOSE 500,36,39.23,47.99,51.48,0,0,0,0.3,6000,Nivel de precio,0.0,37.37,Variable
agroindustry_seasonal,balanced_30pct_spot_ppa,PUERTO BRAVO 500,36,39.09,48.0,51.08,0,0,0,0.3,6000,Nivel de precio,0.0,37.25,Variable
agroindustry_seasonal,balanced_30pct_spot_ppa,DUNA HUAMBOS 34.5,31,39.02,50.64,55.37,0,0,0,0.3,6000,Nivel de precio,0.0,38.53,Variable
agroindustry_seasonal,balanced_30pct_spot_ppa,CHIMBOTE1 138,36,39.0,48.68,52.47,0,0,0,0.3,6000,Nivel de precio,0.0,37.59,Variable
agroindustry_seasonal,balanced_30pct_spot_ppa,PUERTO BRAVO 18,36,38.98,47.85,50.96,0,0,0,0.3,6000,Nivel de precio,0.0,37.14,Variable
agroindustry_seasonal,balanced_30pct_spot_ppa,CHAPARRAL 138,18,38.97,48.23,50.43,0,0,0,0.3,6000,Volatilidad,0.0,37.16,Variable
agroindustry_seasonal,balanced_30pct_spot_ppa,CARHUAQUERO 10_S,24,38.59,51.24,52.68,0,0,0,0.3,6000,Nivel de precio,0.0,38.08,Variable
agroindustry_seasonal,balanced_30pct_spot_ppa,LA RAMADA 220,36,38.56,49.5,51.02,0,0,0,0.3,6000,Nivel de precio,0.0,37.38,Variable
agroindustry_seasonal,balanced_30pct_spot_ppa,CHIMBOTE1 220,36,38.26,48.27,52.69,0,0,0,0.3,6000,Nivel de precio,0.0,37.19,Variable
agroindustry_seasonal,balanced_30pct_spot_ppa,CHARCANI I 33,36,37.96,47.87,51.46,0,0,0,0.3,6000,Nivel de precio,0.0,36.77,Variable
agroindustry_seasonal,balanced_30pct_spot_ppa,QUENCORO 138,36,37.89,49.73,53.24,0,0,0,0.3,6000,Nivel de precio,0.0,37.47,Variable
agroindustry_seasonal,balanced_30pct_spot_ppa,DOLORESPATA 138,36,37.65,49.57,53.08,0,0,0,0.3,6000,Nivel de precio,0.0,37.3,Variable
agroindustry_seasonal,balanced_30pct_spot_ppa,QUITARACSA 220,36,36.64,48.61,50.83,0,0,0,0.3,6000,Nivel de precio,0.0,36.27,Variable
agroindustry_seasonal,balanced_30pct_spot_ppa,MAZUCO138,36,36.47,53.03,59.62,0,0,0,0.3,6000,Volatilidad,0.0,38.61,Variable
agroindustry_seasonal,balanced_30pct_spot_ppa,CACHIMAYO 138,36,36.33,48.15,52.59,0,0,0,0.3,6000,Nivel de precio,0.0,36.27,Variable
agroindustry_seasonal,balanced_30pct_spot_ppa,SAN NICOLAS 13.8,36,36.0,44.86,58.12,0,0,0,0.3,6000,Prima de estrés,0.0,36.13,Variable
agroindustry_seasonal,balanced_30pct_spot_ppa,ZAÑA 60,36,35.72,49.05,55.03,0,0,0,0.3,6000,Nivel de precio,0.0,36.59,Variable
agroindustry_seasonal,balanced_30pct_spot_ppa,AGUAYTIA 138,36,35.48,48.94,53.38,0,0,0,0.3,6000,Nivel de precio,0.0,36.21,Variable
agroindustry_seasonal,balanced_30pct_spot_ppa,TINGO MARIA 138,36,35.3,47.52,50.21,0,0,0,0.3,6000,Nivel de precio,0.0,35.3,Variable
agroindustry_seasonal,balanced_30pct_spot_ppa,AGUAYTIA 22.9,36,35.11,48.45,52.54,0,0,0,0.3,6000,Nivel de precio,0.0,35.8,Variable
agroindustry_seasonal,balanced_30pct_spot_ppa,AGUAYTIA 220,36,34.84,48.2,52.22,0,0,0,0.3,6000,Nivel de precio,0.0,35.56,Variable
agroindustry_seasonal,balanced_30pct_spot_ppa,PURMACANA 20,36,34.82,46.56,51.5,0,0,0,0.3,6000,Nivel de precio,0.0,35.04,Variable
agroindustry_seasonal,balanced_30pct_spot_ppa,SAN MARTIN 220,9,34.65,40.35,41.56,0,0,0,0.3,6000,Volatilidad,0.0,31.91,Variable
agroindustry_seasonal,balanced_30pct_spot_ppa,CHARCANI IV 33,36,34.11,46.29,50.07,0,0,0,0.3,6000,Ventanas críticas,0.0,34.43,Variable
agroindustry_seasonal,balanced_30pct_spot_ppa,COTARUSE 220,36,33.78,44.7,51.07,0,0,0,0.3,6000,Ventanas críticas,0.0,34.04,Variable
agroindustry_seasonal,balanced_30pct_spot_ppa,HUALLANCA 138,36,33.7,45.88,51.21,0,0,0,0.3,6000,Nivel de precio,0.0,34.32,Variable
agroindustry_seasonal,balanced_30pct_spot_ppa,PAQUILLUSI 220,9,33.6,43.04,48.96,0,0,0,0.3,6000,Volatilidad,0.0,33.22,Variable
agroindustry_seasonal,balanced_30pct_spot_ppa,HUANUCO 138,36,33.23,44.46,48.96,0,0,0,0.3,6000,Nivel de precio,0.0,33.42,Variable
agroindustry_seasonal,balanced_30pct_spot_ppa,PIEDRA BLANCA 34.5,36,32.41,44.72,49.19,0,0,0,0.3,6000,Nivel de precio,0.0,33.15,Variable
agroindustry_seasonal,balanced_30pct_spot_ppa,SUNNY 220,4,32.4,37.25,37.66,0,0,0,0.3,6000,Volatilidad,0.0,29.54,Variable
agroindustry_seasonal,balanced_30pct_spot_ppa,TUPURI 22.9,36,32.29,49.67,57.06,0,0,0,0.3,6000,Ventanas críticas,0.0,35.51,Variable
agroindustry_seasonal,balanced_30pct_spot_ppa,SAN GABAN 138,36,32.17,49.07,55.89,0,0,0,0.3,6000,Ventanas críticas,0.0,35.13,Variable
agroindustry_seasonal,balanced_30pct_spot_ppa,PARAMONGA NUEVA 220,36,31.63,42.09,50.77,0,0,0,0.3,6000,Ventanas críticas,0.0,32.37,Variable
agroindustry_seasonal,balanced_30pct_spot_ppa,VIZCARRA 220,36,31.45,44.57,51.79,0,0,0,0.3,6000,Ventanas críticas,0.0,33.06,Variable
agroindustry_seasonal,balanced_30pct_spot_ppa,PARAMONGA NUEVA 138,36,31.39,41.73,51.03,0,0,0,0.3,6000,Ventanas críticas,0.0,32.21,Variable
agroindustry_seasonal,balanced_30pct_spot_ppa,OQUENDO 60,36,31.37,42.07,51.2,0,0,0,0.3,6000,Ventanas críticas,0.0,32.31,Variable
agroindustry_seasonal,balanced_30pct_spot_ppa,PARAMONGA EXISTENTE 138,36,31.22,41.45,51.0,0,0,0,0.3,6000,Ventanas críticas,0.0,32.06,Variable
agroindustry_seasonal,balanced_30pct_spot_ppa,MEDIO MUNDO 220,36,30.95,40.85,51.21,0,0,0,0.3,6000,Ventanas críticas,0.0,31.82,Variable
agroindustry_seasonal,balanced_30pct_spot_ppa,PACHACHACA50,36,30.49,40.34,43.98,0,0,0,0.3,6000,Ventanas críticas,0.0,30.4,Variable
agroindustry_seasonal,balanced_30pct_spot_ppa,MARCONA 220,36,29.8,38.03,44.97,0,0,0,0.3,6000,Ventanas críticas,0.0,29.66,Variable
agroindustry_seasonal,balanced_30pct_spot_ppa,POROMA 220,36,29.76,36.95,44.53,0,0,0,0.3,6000,Ventanas críticas,0.0,29.31,Variable
agroindustry_seasonal,balanced_30pct_spot_ppa,LOMERA 220,36,29.2,36.22,45.77,0,0,0,0.3,6000,Ventanas críticas,0.0,29.06,Variable
agroindustry_seasonal,balanced_30pct_spot_ppa,SANTIAGO DE CAO 138,1,29.05,29.05,29.05,0,0,0,0.3,6000,Prima de estrés,0.0,24.7,Sensible
agroindustry_seasonal,balanced_30pct_spot_ppa,HUACHO 220,36,28.96,37.55,45.14,0,0,0,0.3,6000,Ventanas críticas,0.0,29.19,Variable
agroindustry_seasonal,balanced_30pct_spot_ppa,CHAVARRIA 220,36,28.37,34.68,48.75,0,0,0,0.3,6000,Ventanas críticas,0.0,28.75,Variable
agroindustry_seasonal,balanced_30pct_spot_ppa,MARCONA 60,27,28.28,34.48,38.91,0,0,2,0.3,6000,Ventanas críticas,0.0,27.18,Variable
agroindustry_seasonal,balanced_30pct_spot_ppa,ZAPALLAL 220,36,28.26,34.72,48.13,0,0,0,0.3,6000,Ventanas críticas,0.0,28.61,Variable
agroindustry_seasonal,balanced_30pct_spot_ppa,SANTA TERESA 220,36,28.18,41.22,47.87,0,0,0,0.3,6000,Ventanas críticas,0.0,30.16,Variable
agroindustry_seasonal,balanced_30pct_spot_ppa,VENTANILLA 220,36,27.97,33.69,48.14,0,0,0,0.3,6000,Ventanas críticas,0.0,28.23,Variable
agroindustry_seasonal,balanced_30pct_spot_ppa,CARABAYLLO 220,36,27.9,34.56,47.85,0,0,0,0.3,6000,Ventanas críticas,0.0,28.37,Variable
agroindustry_seasonal,balanced_30pct_spot_ppa,ICA 220,36,27.55,34.88,45.94,0,0,0,0.3,6000,Ventanas críticas,0.0,28.01,Variable
agroindustry_seasonal,balanced_30pct_spot_ppa,FLAMENCO 220,26,27.47,34.01,38.14,0,0,0,0.3,6000,Ventanas críticas,0.0,26.59,Variable
agroindustry_seasonal,balanced_30pct_spot_ppa,INDEPENDENCIA 60,36,27.41,33.76,47.34,0,0,0,0.3,6000,Ventanas críticas,0.0,27.88,Variable
agroindustry_seasonal,balanced_30pct_spot_ppa,CT PISCO 60,36,27.41,33.76,47.34,0,0,0,0.3,6000,Ventanas críticas,0.0,27.87,Variable
agroindustry_seasonal,balanced_30pct_spot_ppa,INDUSTRIALES 220,36,27.22,35.74,44.16,0,0,0,0.3,6000,Ventanas críticas,0.0,27.81,Variable
agroindustry_seasonal,balanced_30pct_spot_ppa,CAJAMARQUILLA 220,36,27.11,33.15,47.03,0,0,0,0.3,6000,Ventanas críticas,0.0,27.54,Variable
agroindustry_seasonal,balanced_30pct_spot_ppa,ERSUR 220,26,26.93,32.94,36.83,0,0,0,0.3,6000,Ventanas críticas,0.0,25.88,Variable
agroindustry_seasonal,balanced_30pct_spot_ppa,CT INDEPENDENCIA 60,36,26.92,33.04,46.81,0,0,0,0.3,6000,Ventanas críticas,0.0,27.39,Variable
agroindustry_seasonal,balanced_30pct_spot_ppa,NAZCA NUEVA 220,23,26.92,32.78,37.38,0,0,0,0.3,6000,Ventanas críticas,0.0,25.92,Variable
agroindustry_seasonal,balanced_30pct_spot_ppa,PLANICIE 220,36,26.64,33.3,37.71,0,0,0,0.3,6000,Ventanas críticas,0.0,25.97,Variable
agroindustry_seasonal,balanced_30pct_spot_ppa,SANTA ROSA 220,36,26.54,35.05,48.58,0,0,0,0.3,6000,Ventanas críticas,0.0,27.99,Variable
agroindustry_seasonal,balanced_30pct_spot_ppa,CHINCHA NUEVA 220,23,26.33,34.59,44.91,0,0,0,0.3,6000,Ventanas críticas,0.0,27.23,Variable
agroindustry_seasonal,balanced_30pct_spot_ppa,CARAPONGO 220,36,26.28,32.57,46.52,0,0,0,0.3,6000,Ventanas críticas,0.0,26.95,Variable
agroindustry_seasonal,balanced_30pct_spot_ppa,INDEPENDENCIA 220,36,26.27,32.39,46.23,0,0,0,0.3,6000,Ventanas críticas,0.0,26.85,Variable
agroindustry_seasonal,balanced_30pct_spot_ppa,HUANCHOR 50,36,26.14,43.58,53.1,0,0,0,0.3,6000,Ventanas críticas,0.0,30.62,Variable
agroindustry_seasonal,balanced_30pct_spot_ppa,CHEVES 220,36,26.13,34.72,43.94,0,0,0,0.3,6000,Ventanas críticas,0.0,27.03,Variable
agroindustry_seasonal,balanced_30pct_spot_ppa,MARAÑON 60,36,25.98,37.03,49.63,0,0,0,0.3,6000,Ventanas críticas,0.0,28.39,Variable
agroindustry_seasonal,balanced_30pct_spot_ppa,MACHUPICCHU 138,36,25.86,40.13,45.49,0,0,0,0.3,6000,Ventanas críticas,0.0,28.49,Variable
agroindustry_seasonal,balanced_30pct_spot_ppa,PARAGSHA2 138,36,25.56,34.08,43.94,0,0,0,0.3,6000,Ventanas críticas,0.0,26.61,Variable
agroindustry_seasonal,balanced_30pct_spot_ppa,CHEVES 13.8,36,25.29,34.04,43.62,0,0,0,0.3,6000,Ventanas críticas,0.0,26.43,Variable
agroindustry_seasonal,balanced_30pct_spot_ppa,CAHUA138,36,24.92,34.3,50.95,0,0,0,0.3,6000,Ventanas críticas,0.0,27.43,Variable
agroindustry_seasonal,balanced_30pct_spot_ppa,DESIERTO 220,35,24.58,29.9,43.75,0,0,0,0.3,6000,Ventanas críticas,0.0,25.1,Variable
agroindustry_seasonal,balanced_30pct_spot_ppa,CANTERA 220,36,24.36,29.28,44.72,0,0,0,0.3,6000,Ventanas críticas,0.0,24.99,Variable
agroindustry_seasonal,balanced_30pct_spot_ppa,PUNTA LOMITAS II,36,24.11,28.56,34.36,0,0,0,0.3,6000,Ventanas críticas,0.0,23.14,Variable
agroindustry_seasonal,balanced_30pct_spot_ppa,PUNTA LOMITAS I,36,24.08,28.69,32.92,0,0,0,0.3,6000,Ventanas críticas,0.0,22.94,Variable
agroindustry_seasonal,balanced_30pct_spot_ppa,HUINCO 220,36,24.07,30.95,44.6,0,0,0,0.3,6000,Ventanas críticas,0.0,25.26,Variable
agroindustry_seasonal,balanced_30pct_spot_ppa,CALLAHUANCA EDEGEL 220,36,24.04,28.25,35.81,0,0,0,0.3,6000,Ventanas críticas,0.0,23.25,Variable
agroindustry_seasonal,balanced_30pct_spot_ppa,PARAGSHA2 220,36,23.71,32.99,42.53,0,0,0,0.3,6000,Ventanas críticas,0.0,25.3,Variable
agroindustry_seasonal,balanced_30pct_spot_ppa,SAN JUAN 220,36,23.61,29.71,38.55,0,0,0,0.3,6000,Ventanas críticas,0.0,23.84,Variable
agroindustry_seasonal,balanced_30pct_spot_ppa,HUAMPANI 60,36,23.51,31.03,45.72,0,0,0,0.3,6000,Ventanas críticas,0.0,25.19,Variable
agroindustry_seasonal,balanced_30pct_spot_ppa,HUANZA 220,36,23.5,30.52,42.84,0,0,0,0.3,6000,Ventanas críticas,0.0,24.63,Variable
agroindustry_seasonal,balanced_30pct_spot_ppa,CHILCA500,36,23.28,28.53,33.11,0,0,0,0.3,6000,Ventanas críticas,0.0,22.58,Variable
agroindustry_seasonal,balanced_30pct_spot_ppa,OLLEROS 500,36,22.97,28.3,33.56,0,0,0,0.3,6000,Ventanas críticas,0.0,22.44,Variable
agroindustry_seasonal,balanced_30pct_spot_ppa,POMACOCHA 220,36,22.87,28.65,31.43,0,0,0,0.3,6000,Ventanas críticas,0.0,22.17,Variable
agroindustry_seasonal,balanced_30pct_spot_ppa,SANTA ANA 138,6,22.73,27.6,30.82,0,0,0,0.3,6000,Ventanas críticas,0.0,21.75,Variable
agroindustry_seasonal,balanced_30pct_spot_ppa,OROYA NUEVA 220,36,22.63,28.83,32.25,0,0,0,0.3,6000,Ventanas críticas,0.0,22.23,Variable
agroindustry_seasonal,balanced_30pct_spot_ppa,FENIX 500,36,22.63,27.88,32.91,0,0,0,0.3,6000,Ventanas críticas,0.0,22.09,Variable
agroindustry_seasonal,balanced_30pct_spot_ppa,CHIRIBAMBA 220,22,22.51,27.62,34.35,0,0,0,0.3,6000,Ventanas críticas,0.0,22.19,Variable
agroindustry_seasonal,balanced_30pct_spot_ppa,PACHACHACA 220,36,22.41,27.82,32.14,0,0,0,0.3,6000,Ventanas críticas,0.0,21.86,Variable
agroindustry_seasonal,balanced_30pct_spot_ppa,CS COENERGY 22.9,1,22.41,22.41,22.41,0,0,0,0.3,6000,Volatilidad,0.0,19.05,Variable
agroindustry_seasonal,balanced_30pct_spot_ppa,ALTO PRADERAS 220,36,22.31,28.39,44.18,0,0,0,0.3,6000,Ventanas críticas,0.0,23.76,Variable
agroindustry_seasonal,balanced_30pct_spot_ppa,CARHUAMAYO 138,36,22.17,30.67,34.15,0,0,0,0.3,6000,Ventanas críticas,0.0,22.77,Variable
agroindustry_seasonal,balanced_30pct_spot_ppa,MATUCANA 220,36,22.07,26.07,34.54,0,0,0,0.3,6000,Ventanas críticas,0.0,21.63,Variable
agroindustry_seasonal,balanced_30pct_spot_ppa,ASIA 220,36,22.04,27.4,44.06,0,0,0,0.3,6000,Ventanas críticas,0.0,23.38,Variable
agroindustry_seasonal,balanced_30pct_spot_ppa,YANANGO 220,36,21.97,27.83,34.21,0,0,0,0.3,6000,Ventanas críticas,0.0,21.98,Variable
agroindustry_seasonal,balanced_30pct_spot_ppa,MOYOPAMPA 60,36,21.75,27.7,33.45,0,0,0,0.3,6000,Ventanas críticas,0.0,21.73,Variable
agroindustry_seasonal,balanced_30pct_spot_ppa,SANTA ISABEL 220,36,21.19,29.75,33.85,0,0,0,0.3,6000,Ventanas críticas,0.0,22.05,Variable
agroindustry_seasonal,balanced_30pct_spot_ppa,OROYA NUEVA 50,36,20.94,28.3,32.1,0,0,0,0.3,6000,Ventanas críticas,0.0,21.31,Variable
agroindustry_seasonal,balanced_30pct_spot_ppa,CHAGLLA 220,36,20.46,30.67,32.8,0,0,0,0.3,6000,Ventanas críticas,0.0,21.8,Variable
agroindustry_seasonal,balanced_30pct_spot_ppa,CONDORCOCHA 44,36,20.43,28.04,33.08,0,0,0,0.3,6000,Ventanas críticas,0.0,21.17,Variable
agroindustry_seasonal,balanced_30pct_spot_ppa,CONDORCOCHA 138,36,20.09,27.49,32.97,0,0,0,0.3,6000,Ventanas críticas,0.0,20.86,Variable
agroindustry_seasonal,balanced_30pct_spot_ppa,CHILCA UNO 220,36,19.97,25.06,32.13,0,0,0,0.3,6000,Ventanas críticas,0.0,20.07,Variable
agroindustry_seasonal,balanced_30pct_spot_ppa,CHIMAY 220,36,19.82,25.04,31.13,0,0,0,0.3,6000,Ventanas críticas,0.0,19.85,Variable
agroindustry_seasonal,balanced_30pct_spot_ppa,CARIPA 138,36,19.79,27.06,32.28,0,0,0,0.3,6000,Ventanas críticas,0.0,20.51,Variable
agroindustry_seasonal,balanced_30pct_spot_ppa,HUAYUCACHI 220,36,19.59,24.01,28.14,0,0,0,0.3,6000,Ventanas críticas,0.0,19.04,Variable
agroindustry_seasonal,balanced_30pct_spot_ppa,CH OROYA 50,36,19.41,25.2,31.03,0,0,0,0.3,6000,Ventanas críticas,0.0,19.69,Variable
agroindustry_seasonal,balanced_30pct_spot_ppa,LAS FLORES 220,36,19.33,24.63,31.88,0,0,0,0.3,6000,Ventanas críticas,0.0,19.64,Variable
agroindustry_seasonal,balanced_30pct_spot_ppa,HUANCAVELICA 220,36,19.29,23.66,29.41,0,0,0,0.3,6000,Ventanas críticas,0.0,19.01,Variable
agroindustry_seasonal,balanced_30pct_spot_ppa,CHILCA DOS 13.8,36,19.06,24.66,31.02,0,0,0,0.3,6000,Ventanas críticas,0.0,19.4,Variable
agroindustry_seasonal,balanced_30pct_spot_ppa,YAUPI 138,36,18.99,26.64,33.43,0,0,0,0.3,6000,Ventanas críticas,0.0,20.22,Variable
agroindustry_seasonal,balanced_30pct_spot_ppa,CALLAHUANCA 60,36,18.9,24.6,33.62,0,0,0,0.3,6000,Ventanas críticas,0.0,19.7,Variable
agroindustry_seasonal,balanced_30pct_spot_ppa,CERRO DEL AGUILA 220,36,18.65,24.03,28.31,0,0,0,0.3,6000,Ventanas críticas,0.0,18.65,Variable
agroindustry_seasonal,balanced_30pct_spot_ppa,CHILCA REP 220,36,18.46,24.2,30.93,0,0,0,0.3,6000,Ventanas críticas,0.0,19.0,Variable
agroindustry_seasonal,balanced_30pct_spot_ppa,LA VIRGEN 138,36,18.21,25.37,31.01,0,0,0,0.3,6000,Ventanas críticas,0.0,19.19,Variable
agroindustry_seasonal,balanced_30pct_spot_ppa,YAUPI13.8,36,18.19,25.43,32.76,0,0,0,0.3,6000,Ventanas críticas,0.0,19.46,Variable
agroindustry_seasonal,balanced_30pct_spot_ppa,YARUCAYA 13.8,36,17.42,22.54,34.4,0,0,0,0.3,6000,Ventanas críticas,0.0,18.63,Variable
agroindustry_seasonal,balanced_30pct_spot_ppa,CAMPO ARMIÑO 220,36,16.73,20.73,22.92,0,0,0,0.3,6000,Ventanas críticas,0.0,16.15,Variable
agroindustry_seasonal,balanced_30pct_spot_ppa,MALPASO 50,36,16.7,21.81,27.12,0,0,0,0.3,6000,Ventanas críticas,0.0,17.03,Variable
agroindustry_seasonal,balanced_30pct_spot_ppa,RESTITUCIÓN 220,36,16.25,20.21,22.26,0,0,0,0.3,6000,Ventanas críticas,0.0,15.7,Variable
agroindustry_seasonal,balanced_30pct_spot_ppa,CORACORA 60,4,15.13,23.6,28.01,0,0,4,0.3,6000,Prima de estrés,0.0,16.91,Variable
agroindustry_seasonal,balanced_30pct_spot_ppa,PLATANAL 220,36,15.03,19.38,21.36,0,0,0,0.3,6000,Ventanas críticas,0.0,14.81,Variable
agroindustry_seasonal,balanced_30pct_spot_ppa,NAZCA 22.9,4,14.72,23.14,27.63,0,0,4,0.3,6000,Prima de estrés,0.0,16.55,Variable
agroindustry_seasonal,balanced_30pct_spot_ppa,LLIPATA 60,4,14.18,22.69,27.5,0,0,4,0.3,6000,Prima de estrés,0.0,16.18,Variable
agroindustry_seasonal,balanced_30pct_spot_ppa,ALTO LA LUNA 10,14,12.17,18.66,20.79,0,0,11,0.3,6000,Prima de estrés,0.0,13.26,Variable
agroindustry_seasonal,balanced_30pct_spot_ppa,ALTO LA LUNA 60,14,11.87,18.13,20.28,0,0,11,0.3,6000,Prima de estrés,0.0,12.92,Variable
agroindustry_seasonal,balanced_30pct_spot_ppa,PISCO 10,14,11.66,17.66,19.86,0,0,11,0.3,6000,Prima de estrés,0.0,12.64,Variable
agroindustry_seasonal,balanced_30pct_spot_ppa,VILLACURI 22.9,14,11.56,17.84,20.55,0,0,11,0.3,6000,Prima de estrés,0.0,12.75,Variable
agroindustry_seasonal,balanced_30pct_spot_ppa,PARACAS 22,14,11.49,17.56,23.55,0,0,11,0.3,6000,Prima de estrés,0.0,13.09,Variable
agroindustry_seasonal,balanced_30pct_spot_ppa,PARACAS 10,14,11.41,17.11,23.73,0,0,11,0.3,6000,Prima de estrés,0.0,12.97,Variable
agroindustry_seasonal,balanced_30pct_spot_ppa,TAMBO DE MORA 10,5,11.03,16.23,21.12,0,0,4,0.3,6000,Prima de estrés,0.0,12.19,Variable
agroindustry_seasonal,balanced_30pct_spot_ppa,VILLACURI 60,14,10.77,16.38,19.43,0,0,11,0.3,6000,Prima de estrés,0.0,11.86,Variable
agroindustry_seasonal,balanced_30pct_spot_ppa,PEDREGAL 10,5,10.54,15.89,20.56,0,0,4,0.3,6000,Prima de estrés,0.0,11.8,Variable
agroindustry_seasonal,balanced_30pct_spot_ppa,PUEBLO NUEVO 10,5,10.06,14.29,16.91,0,0,4,0.3,6000,Prima de estrés,0.0,10.64,Variable
agroindustry_seasonal,balanced_30pct_spot_ppa,INDEPENDENCIA 10,14,9.85,14.08,21.63,0,0,11,0.3,6000,Prima de estrés,0.0,11.19,Variable
agroindustry_seasonal,balanced_30pct_spot_ppa,CHALA 60,1,8.54,8.54,8.54,0,0,1,0.3,6000,Prima de estrés,0.0,7.26,Variable
agroindustry_seasonal,balanced_30pct_spot_ppa,BELLA UNION 60,1,8.1,8.1,8.1,0,0,1,0.3,6000,Prima de estrés,0.0,6.89,Variable
agroindustry_seasonal,balanced_30pct_spot_ppa,JAHUAY 60,1,7.58,7.58,7.58,0,0,1,0.3,6000,Prima de estrés,0.0,6.45,Variable
agroindustry_seasonal,balanced_30pct_spot_ppa,FUNSUR 60,1,7.48,7.48,7.48,0,0,1,0.3,6000,Prima de estrés,0.0,6.35,Variable
agroindustry_seasonal,balanced_30pct_spot_ppa,MINA 60,1,6.91,6.91,6.91,0,0,1,0.3,6000,Prima de estrés,0.0,5.87,Variable
agroindustry_seasonal,balanced_30pct_spot_ppa,HUARANGO 60,1,6.39,6.39,6.39,0,0,1,0.3,6000,Prima de estrés,0.0,5.43,Variable
agroindustry_seasonal,balanced_30pct_spot_ppa,LOMAS 60,1,6.39,6.39,6.39,0,0,1,0.3,6000,Prima de estrés,0.0,5.43,Variable
agroindustry_seasonal,fixed_reference_ppa,PLANTAETANOL 60,36,41.34,50.91,53.3,0,0,0,0.0,6000,Nivel de precio,0.0,39.33,Estable
agroindustry_seasonal,fixed_reference_ppa,HUAYLLACHO 15,36,41.22,50.63,53.66,0,0,0,0.0,6000,Nivel de precio,0.0,39.25,Estable
agroindustry_seasonal,fixed_reference_ppa,ZORRITOS 220,36,41.13,51.03,53.29,0,0,0,0.0,6000,Nivel de precio,0.0,39.26,Estable
agroindustry_seasonal,fixed_reference_ppa,SAN IGNACIO 15,36,41.07,50.35,53.52,0,0,0,0.0,6000,Nivel de precio,0.0,39.1,Estable
agroindustry_seasonal,fixed_reference_ppa,SAN ANTONIO 15,36,41.06,50.35,53.52,0,0,0,0.0,6000,Nivel de precio,0.0,39.09,Estable
agroindustry_seasonal,fixed_reference_ppa,NCTUMBES60,36,40.98,51.12,53.36,0,0,0,0.0,6000,Nivel de precio,0.0,39.22,Estable
agroindustry_seasonal,fixed_reference_ppa,GE1 33,36,40.71,50.36,52.13,0,0,0,0.0,6000,Nivel de precio,0.0,38.73,Estable
agroindustry_seasonal,fixed_reference_ppa,TINTAYA EXISTENTE 138,36,40.58,50.18,53.45,0,0,0,0.0,6000,Nivel de precio,0.0,38.82,Estable
agroindustry_seasonal,fixed_reference_ppa,PIURA OESTE 220,36,40.45,50.52,51.23,0,0,0,0.0,6000,Nivel de precio,0.0,38.52,Estable
agroindustry_seasonal,fixed_reference_ppa,MISAPUQUIO 33,36,40.42,50.09,53.35,0,0,0,0.0,6000,Nivel de precio,0.0,38.71,Estable
agroindustry_seasonal,fixed_reference_ppa,TALARA 220,36,40.4,50.19,51.08,0,0,0,0.0,6000,Nivel de precio,0.0,38.39,Estable
agroindustry_seasonal,fixed_reference_ppa,TINTAYA NUEVA 220,36,40.39,49.86,53.2,0,0,0,0.0,6000,Nivel de precio,0.0,38.62,Estable
agroindustry_seasonal,fixed_reference_ppa,BELAUNDE 138,36,40.38,49.63,52.4,0,0,0,0.0,6000,Nivel de precio,0.0,38.44,Estable
agroindustry_seasonal,fixed_reference_ppa,GALLITO CIEGO 60,36,40.37,49.42,52.35,0,0,0,0.0,6000,Nivel de precio,0.0,38.38,Estable
agroindustry_seasonal,fixed_reference_ppa,TALARA13.2,36,40.24,50.33,51.27,0,0,0,0.0,6000,Nivel de precio,0.0,38.38,Estable
agroindustry_seasonal,fixed_reference_ppa,VALLE DEL CHIRA 220,14,37.24,46.93,48.54,0,0,0,0.0,6000,Nivel de precio,0.0,35.77,Estable
agroindustry_seasonal,fixed_reference_ppa,PARIAC 66,36,37.19,46.84,50.2,0,0,0,0.0,6000,Nivel de precio,0.0,35.97,Estable
agroindustry_seasonal,fixed_reference_ppa,JULIACA10,36,36.27,45.43,48.8,0,0,0,0.0,6000,Nivel de precio,0.0,35.0,Estable
agroindustry_seasonal,fixed_reference_ppa,JAEN 138,24,35.07,45.05,47.93,0,0,0,0.0,6000,Nivel de precio,0.0,34.23,Estable
agroindustry_seasonal,fixed_reference_ppa,TOCACHE 138,36,33.15,42.21,46.54,0,0,0,0.0,6000,Nivel de precio,0.0,32.45,Estable
agroindustry_seasonal,fixed_reference_ppa,JULIACA 138,36,31.92,41.22,44.4,0,0,0,0.0,6000,Nivel de precio,0.0,31.33,Estable
agroindustry_seasonal,fixed_reference_ppa,GUADALUPE 60,36,31.74,40.33,42.79,0,0,0,0.0,6000,Nivel de precio,0.0,30.78,Estable
agroindustry_seasonal,fixed_reference_ppa,CALLALLI 138,36,30.9,40.65,44.35,0,0,0,0.0,6000,Nivel de precio,0.0,30.72,Estable
agroindustry_seasonal,fixed_reference_ppa,LA BREA 220,21,30.37,39.65,42.18,0,0,0,0.0,6000,Nivel de precio,0.0,29.91,Estable
agroindustry_seasonal,fixed_reference_ppa,AYAVIRI 138,36,29.74,39.43,42.75,0,0,0,0.0,6000,Nivel de precio,0.0,29.65,Estable
agroindustry_seasonal,fixed_reference_ppa,PUERTO MALDONADO 10,36,29.73,39.74,42.38,0,0,0,0.0,6000,Nivel de precio,0.0,29.67,Estable
agroindustry_seasonal,fixed_reference_ppa,PUNO 138,36,29.68,38.94,42.36,0,0,0,0.0,6000,Nivel de precio,0.0,29.44,Estable
agroindustry_seasonal,fixed_reference_ppa,PUERTO MALDONADO 138,36,29.67,39.38,43.37,0,0,0,0.0,6000,Nivel de precio,0.0,29.7,Estable
agroindustry_seasonal,fixed_reference_ppa,CHICLAYO 220,36,29.67,38.61,40.27,0,0,0,0.0,6000,Nivel de precio,0.0,29.04,Estable
agroindustry_seasonal,fixed_reference_ppa,ILO1 138,36,29.61,38.36,42.0,0,0,0,0.0,6000,Nivel de precio,0.0,29.22,Estable
agroindustry_seasonal,fixed_reference_ppa,PUNO 220,36,29.41,38.79,42.06,0,0,0,0.0,6000,Nivel de precio,0.0,29.24,Estable
agroindustry_seasonal,fixed_reference_ppa,TOQUEPALA 138,36,29.41,37.93,41.96,0,0,0,0.0,6000,Nivel de precio,0.0,29.01,Estable
agroindustry_seasonal,fixed_reference_ppa,CACLIC 220,36,29.37,38.29,40.61,0,0,0,0.0,6000,Nivel de precio,0.0,28.88,Estable
agroindustry_seasonal,fixed_reference_ppa,CT ETEN 220,36,29.36,38.16,40.17,0,0,0,0.0,6000,Nivel de precio,0.0,28.78,Estable
agroindustry_seasonal,fixed_reference_ppa,MOLLENDO 138,36,29.34,38.65,42.2,0,0,0,0.0,6000,Nivel de precio,0.0,29.19,Estable
agroindustry_seasonal,fixed_reference_ppa,RECKA 220,36,29.34,38.12,39.98,0,0,0,0.0,6000,Nivel de precio,0.0,28.73,Estable
agroindustry_seasonal,fixed_reference_ppa,ETEN 18,36,29.31,38.03,40.08,0,0,0,0.0,6000,Nivel de precio,0.0,28.71,Estable
agroindustry_seasonal,fixed_reference_ppa,RECKA 18,36,29.29,38.12,39.88,0,0,0,0.0,6000,Nivel de precio,0.0,28.69,Estable
agroindustry_seasonal,fixed_reference_ppa,ILO ELP 138,36,29.24,38.08,41.7,0,0,0,0.0,6000,Nivel de precio,0.0,28.93,Estable
agroindustry_seasonal,fixed_reference_ppa,AZANGARO 138,36,29.22,38.66,42.2,0,0,0,0.0,6000,Nivel de precio,0.0,29.14,Estable
agroindustry_seasonal,fixed_reference_ppa,PUCALLPA 60,36,29.19,37.56,42.94,0,0,0,0.0,6000,Nivel de precio,0.0,28.97,Estable
agroindustry_seasonal,fixed_reference_ppa,CT PLANTA PUCALLPA 60,36,29.16,37.36,42.84,0,0,0,0.0,6000,Nivel de precio,0.0,28.89,Estable
agroindustry_seasonal,fixed_reference_ppa,LA NIÑA 220,36,29.12,37.86,40.36,0,0,0,0.0,6000,Nivel de precio,0.0,28.62,Estable
agroindustry_seasonal,fixed_reference_ppa,CUTERVO 138,36,29.1,37.8,39.39,0,0,0,0.0,6000,Nivel de precio,0.0,28.45,Estable
agroindustry_seasonal,fixed_reference_ppa,CHILINA 33,36,28.93,38.38,41.21,0,0,0,0.0,6000,Nivel de precio,0.0,28.8,Estable
agroindustry_seasonal,fixed_reference_ppa,ARICOTA2 138,36,28.91,37.28,41.45,0,0,0,0.0,6000,Nivel de precio,0.0,28.55,Estable
agroindustry_seasonal,fixed_reference_ppa,PUCALLPA 138,36,28.84,36.87,42.43,0,0,0,0.0,6000,Nivel de precio,0.0,28.56,Estable
agroindustry_seasonal,fixed_reference_ppa,COMBAPATA 138,36,28.79,38.2,40.35,0,0,0,0.0,6000,Nivel de precio,0.0,28.56,Estable
agroindustry_seasonal,fixed_reference_ppa,BOTIFLACA 138,36,28.79,37.56,41.37,0,0,0,0.0,6000,Nivel de precio,0.0,28.55,Estable
agroindustry_seasonal,fixed_reference_ppa,REPARTICIÓN 138,36,28.64,37.67,41.49,0,0,0,0.0,6000,Nivel de precio,0.0,28.53,Estable
agroindustry_seasonal,fixed_reference_ppa,GUADALUPE 220,36,28.64,37.01,39.59,0,0,0,0.0,6000,Nivel de precio,0.0,28.08,Estable
agroindustry_seasonal,fixed_reference_ppa,ARICOTA 66,36,28.6,36.81,41.14,0,0,0,0.0,6000,Nivel de precio,0.0,28.24,Estable
agroindustry_seasonal,fixed_reference_ppa,PLANTA CASA GRANDE 13.8,1,28.38,28.38,28.38,0,0,0,0.0,6000,Nivel de precio,0.0,24.12,Sensible
agroindustry_seasonal,fixed_reference_ppa,LOS HEROES 66,36,28.33,36.59,40.44,0,0,0,0.0,6000,Nivel de precio,0.0,27.96,Variable
agroindustry_seasonal,fixed_reference_ppa,CHILINA 138,36,28.3,37.43,41.12,0,0,0,0.0,6000,Nivel de precio,0.0,28.26,Variable
agroindustry_seasonal,fixed_reference_ppa,ARICOTA1 66,36,28.24,36.57,40.29,0,0,0,0.0,6000,Nivel de precio,0.0,27.9,Variable
agroindustry_seasonal,fixed_reference_ppa,AUCAYACU 138,36,28.18,36.03,40.37,0,0,0,0.0,6000,Nivel de precio,0.0,27.74,Variable
agroindustry_seasonal,fixed_reference_ppa,PLANTA SAN JACINTO 13.8,36,28.09,35.74,39.2,0,0,0,0.0,6000,Nivel de precio,0.0,27.45,Variable
agroindustry_seasonal,fixed_reference_ppa,CERRO VERDE 138,36,27.94,36.66,39.91,0,0,0,0.0,6000,Nivel de precio,0.0,27.73,Variable
agroindustry_seasonal,fixed_reference_ppa,LOS HEROES 220,36,27.93,36.0,39.81,0,0,0,0.0,6000,Nivel de precio,0.0,27.54,Variable
agroindustry_seasonal,fixed_reference_ppa,CAJAMARCA 220,36,27.91,36.44,38.6,0,0,0,0.0,6000,Nivel de precio,0.0,27.46,Variable
agroindustry_seasonal,fixed_reference_ppa,BIOENERGIA 13.8,36,27.89,37.33,39.22,0,0,0,0.0,6000,Nivel de precio,0.0,27.76,Variable
agroindustry_seasonal,fixed_reference_ppa,TRUJILLO 220,36,27.74,35.41,39.49,0,0,0,0.0,6000,Nivel de precio,0.0,27.26,Variable
agroindustry_seasonal,fixed_reference_ppa,CARHUAQUERO 220,36,27.72,36.42,38.59,0,0,0,0.0,6000,Nivel de precio,0.0,27.37,Variable
agroindustry_seasonal,fixed_reference_ppa,SANTUARIO 138,36,27.55,36.36,39.98,0,0,0,0.0,6000,Nivel de precio,0.0,27.48,Variable
agroindustry_seasonal,fixed_reference_ppa,AGROLMOS 60,6,27.55,35.23,36.86,0,0,0,0.0,6000,Nivel de precio,0.0,26.73,Variable
agroindustry_seasonal,fixed_reference_ppa,MOQUEGUA 138,36,27.53,35.63,39.15,0,0,0,0.0,6000,Nivel de precio,0.0,27.17,Variable
agroindustry_seasonal,fixed_reference_ppa,SOCABAYA 138,36,27.37,36.27,39.42,0,0,0,0.0,6000,Nivel de precio,0.0,27.29,Variable
agroindustry_seasonal,fixed_reference_ppa,MOQUEGUA 220,36,27.28,35.39,38.7,0,0,0,0.0,6000,Nivel de precio,0.0,26.93,Variable
agroindustry_seasonal,fixed_reference_ppa,DUNA HUAMBOS 34.5,31,27.14,34.75,39.05,0,0,0,0.0,6000,Nivel de precio,0.0,26.76,Variable
agroindustry_seasonal,fixed_reference_ppa,LA RAMADA 220,36,27.13,35.13,38.25,0,0,0,0.0,6000,Nivel de precio,0.0,26.73,Variable
agroindustry_seasonal,fixed_reference_ppa,CHARCANI VI 33,36,27.12,34.33,37.57,0,0,0,0.0,6000,Nivel de precio,0.0,26.42,Variable
agroindustry_seasonal,fixed_reference_ppa,CHAPARRAL 138,18,27.11,33.51,35.83,0,0,0,0.0,6000,Volatilidad,0.0,25.95,Variable
agroindustry_seasonal,fixed_reference_ppa,SOCABAYA 220,36,27.08,35.79,38.82,0,0,0,0.0,6000,Nivel de precio,0.0,26.96,Variable
agroindustry_seasonal,fixed_reference_ppa,ILO2 220,36,27.03,35.03,38.48,0,0,0,0.0,6000,Nivel de precio,0.0,26.69,Variable
agroindustry_seasonal,fixed_reference_ppa,MAZUCO138,36,26.97,37.3,42.45,0,0,0,0.0,6000,Volatilidad,0.0,27.83,Variable
agroindustry_seasonal,fixed_reference_ppa,CHIMBOTE1 138,36,26.97,34.9,38.69,0,0,0,0.0,6000,Nivel de precio,0.0,26.66,Variable
agroindustry_seasonal,fixed_reference_ppa,ZAÑA 60,36,26.96,34.59,39.2,0,0,0,0.0,6000,Nivel de precio,0.0,26.66,Variable
agroindustry_seasonal,fixed_reference_ppa,HUALLIN60,21,26.96,34.61,38.87,0,0,0,0.0,6000,Nivel de precio,0.0,26.61,Sensible
agroindustry_seasonal,fixed_reference_ppa,QUENCORO 138,36,26.86,35.95,38.8,0,0,0,0.0,6000,Nivel de precio,0.0,26.89,Variable
agroindustry_seasonal,fixed_reference_ppa,MONTALVO 220,36,26.79,34.7,38.37,0,0,0,0.0,6000,Nivel de precio,0.0,26.49,Variable
agroindustry_seasonal,fixed_reference_ppa,CHIMBOTE1 220,36,26.7,34.31,39.0,0,0,0,0.0,6000,Nivel de precio,0.0,26.44,Variable
agroindustry_seasonal,fixed_reference_ppa,DOLORESPATA 138,36,26.69,35.78,38.71,0,0,0,0.0,6000,Nivel de precio,0.0,26.76,Variable
agroindustry_seasonal,fixed_reference_ppa,QUITARACSA 220,36,26.51,34.66,37.84,0,0,0,0.0,6000,Nivel de precio,0.0,26.27,Variable
agroindustry_seasonal,fixed_reference_ppa,AGUAYTIA 138,36,26.5,34.31,39.27,0,0,0,0.0,6000,Nivel de precio,0.0,26.39,Variable
agroindustry_seasonal,fixed_reference_ppa,RUBI 220,33,26.36,33.98,38.27,0,0,0,0.0,6000,Volatilidad,0.0,26.1,Variable
agroindustry_seasonal,fixed_reference_ppa,S.E. ILO4 500,36,26.36,33.66,37.54,0,0,0,0.0,6000,Nivel de precio,0.0,25.91,Variable
agroindustry_seasonal,fixed_reference_ppa,AGUAYTIA 22.9,36,26.22,34.15,38.51,0,0,0,0.0,6000,Nivel de precio,0.0,26.12,Variable
agroindustry_seasonal,fixed_reference_ppa,TINGO MARIA 138,36,26.17,33.55,37.42,0,0,0,0.0,6000,Nivel de precio,0.0,25.78,Variable
agroindustry_seasonal,fixed_reference_ppa,PURMACANA 20,36,26.09,33.81,37.1,0,0,0,0.0,6000,Nivel de precio,0.0,25.76,Variable
agroindustry_seasonal,fixed_reference_ppa,SANTIAGO DE CAO 138,1,26.08,26.08,26.08,0,0,0,0.0,6000,Prima de estrés,0.0,22.17,Sensible
agroindustry_seasonal,fixed_reference_ppa,CACHIMAYO 138,36,26.07,35.04,38.43,0,0,0,0.0,6000,Nivel de precio,0.0,26.25,Variable
agroindustry_seasonal,fixed_reference_ppa,PAQUILLUSI 220,9,26.05,33.38,35.62,0,0,0,0.0,6000,Volatilidad,0.0,25.41,Variable
agroindustry_seasonal,fixed_reference_ppa,AGUAYTIA 220,36,26.02,33.99,38.22,0,0,0,0.0,6000,Nivel de precio,0.0,25.94,Variable
agroindustry_seasonal,fixed_reference_ppa,CHARCANI I 33,36,26.01,33.76,36.59,0,0,0,0.0,6000,Nivel de precio,0.0,25.63,Variable
agroindustry_seasonal,fixed_reference_ppa,SAN JOSE 500,36,25.95,33.43,37.02,0,0,0,0.0,6000,Nivel de precio,0.0,25.59,Variable
agroindustry_seasonal,fixed_reference_ppa,PUERTO BRAVO 500,36,25.85,33.43,36.66,0,0,0,0.0,6000,Nivel de precio,0.0,25.49,Variable
agroindustry_seasonal,fixed_reference_ppa,PUERTO BRAVO 18,36,25.77,33.16,36.57,0,0,0,0.0,6000,Nivel de precio,0.0,25.37,Variable
agroindustry_seasonal,fixed_reference_ppa,HUALLANCA 138,36,25.66,33.41,37.6,0,0,0,0.0,6000,Nivel de precio,0.0,25.54,Variable
agroindustry_seasonal,fixed_reference_ppa,SAN NICOLAS 13.8,36,25.65,32.36,40.67,0,0,0,0.0,6000,Prima de estrés,0.0,25.73,Variable
agroindustry_seasonal,fixed_reference_ppa,SAN MARTIN 220,9,25.45,30.23,30.9,0,0,0,0.0,6000,Volatilidad,0.0,23.64,Variable
agroindustry_seasonal,fixed_reference_ppa,HUANUCO 138,36,25.28,32.96,35.8,0,0,0,0.0,6000,Nivel de precio,0.0,24.98,Variable
agroindustry_seasonal,fixed_reference_ppa,CARHUAQUERO 10_S,24,25.22,34.92,37.5,0,0,0,0.0,6000,Nivel de precio,0.0,25.7,Variable
agroindustry_seasonal,fixed_reference_ppa,PARAMONGA NUEVA 220,36,25.02,32.27,36.25,0,0,0,0.0,6000,Ventanas críticas,0.0,24.77,Variable
agroindustry_seasonal,fixed_reference_ppa,PIEDRA BLANCA 34.5,36,25.02,32.19,35.42,0,0,0,0.0,6000,Nivel de precio,0.0,24.62,Variable
agroindustry_seasonal,fixed_reference_ppa,CHARCANI IV 33,36,24.87,32.76,36.16,0,0,0,0.0,6000,Ventanas críticas,0.0,24.81,Variable
agroindustry_seasonal,fixed_reference_ppa,PARAMONGA NUEVA 138,36,24.84,32.3,36.48,0,0,0,0.0,6000,Ventanas críticas,0.0,24.72,Variable
agroindustry_seasonal,fixed_reference_ppa,VIZCARRA 220,36,24.77,33.17,39.38,0,0,0,0.0,6000,Ventanas críticas,0.0,25.35,Variable
agroindustry_seasonal,fixed_reference_ppa,PARAMONGA EXISTENTE 138,36,24.76,32.17,36.39,0,0,0,0.0,6000,Ventanas críticas,0.0,24.64,Variable
agroindustry_seasonal,fixed_reference_ppa,COTARUSE 220,36,24.73,31.87,37.76,0,0,0,0.0,6000,Ventanas críticas,0.0,24.76,Variable
agroindustry_seasonal,fixed_reference_ppa,MEDIO MUNDO 220,36,24.68,31.79,36.59,0,0,0,0.0,6000,Ventanas críticas,0.0,24.54,Variable
agroindustry_seasonal,fixed_reference_ppa,SUNNY 220,4,24.45,30.24,31.92,0,0,0,0.0,6000,Volatilidad,0.0,23.35,Variable
agroindustry_seasonal,fixed_reference_ppa,OQUENDO 60,36,24.4,30.71,38.29,0,0,0,0.0,6000,Ventanas críticas,0.0,24.4,Variable
agroindustry_seasonal,fixed_reference_ppa,SAN GABAN 138,36,24.26,33.87,40.02,0,0,0,0.0,6000,Ventanas críticas,0.0,25.39,Variable
agroindustry_seasonal,fixed_reference_ppa,TUPURI 22.9,36,24.24,34.3,40.57,0,0,0,0.0,6000,Ventanas críticas,0.0,25.57,Variable
agroindustry_seasonal,fixed_reference_ppa,HUACHO 220,36,23.74,30.08,35.79,0,0,0,0.0,6000,Ventanas críticas,0.0,23.57,Variable
agroindustry_seasonal,fixed_reference_ppa,PACHACHACA50,36,23.63,30.7,32.93,0,0,0,0.0,6000,Ventanas críticas,0.0,23.25,Variable
agroindustry_seasonal,fixed_reference_ppa,LOMERA 220,36,23.62,30.55,36.34,0,0,0,0.0,6000,Ventanas críticas,0.0,23.72,Variable
agroindustry_seasonal,fixed_reference_ppa,MARCONA 220,36,23.42,29.97,33.78,0,0,0,0.0,6000,Ventanas críticas,0.0,23.1,Variable
agroindustry_seasonal,fixed_reference_ppa,POROMA 220,36,23.39,29.78,33.29,0,0,0,0.0,6000,Ventanas críticas,0.0,22.97,Variable
agroindustry_seasonal,fixed_reference_ppa,ZAPALLAL 220,36,23.06,28.44,37.26,0,0,0,0.0,6000,Ventanas críticas,0.0,23.07,Variable
agroindustry_seasonal,fixed_reference_ppa,CHAVARRIA 220,36,23.01,28.53,37.78,0,0,0,0.0,6000,Ventanas críticas,0.0,23.16,Variable
agroindustry_seasonal,fixed_reference_ppa,SANTA TERESA 220,36,22.95,30.95,36.59,0,0,0,0.0,6000,Ventanas críticas,0.0,23.55,Variable
agroindustry_seasonal,fixed_reference_ppa,CARABAYLLO 220,36,22.75,28.19,37.04,0,0,0,0.0,6000,Ventanas críticas,0.0,22.84,Variable
agroindustry_seasonal,fixed_reference_ppa,VENTANILLA 220,36,22.74,28.03,37.47,0,0,0,0.0,6000,Ventanas críticas,0.0,22.86,Variable
agroindustry_seasonal,fixed_reference_ppa,INDEPENDENCIA 60,36,22.32,27.81,35.92,0,0,0,0.0,6000,Ventanas críticas,0.0,22.39,Variable
agroindustry_seasonal,fixed_reference_ppa,CT PISCO 60,36,22.32,27.81,35.92,0,0,0,0.0,6000,Ventanas críticas,0.0,22.38,Variable
agroindustry_seasonal,fixed_reference_ppa,ICA 220,36,22.17,27.84,36.27,0,0,0,0.0,6000,Ventanas críticas,0.0,22.37,Variable
agroindustry_seasonal,fixed_reference_ppa,CHEVES 220,36,22.06,28.96,34.37,0,0,0,0.0,6000,Ventanas críticas,0.0,22.32,Variable
agroindustry_seasonal,fixed_reference_ppa,CAJAMARQUILLA 220,36,22.05,26.69,36.73,0,0,0,0.0,6000,Ventanas críticas,0.0,22.1,Variable
agroindustry_seasonal,fixed_reference_ppa,MARAÑON 60,36,22.04,31.09,36.68,0,0,0,0.0,6000,Ventanas críticas,0.0,23.19,Variable
agroindustry_seasonal,fixed_reference_ppa,INDUSTRIALES 220,36,22.01,27.1,34.6,0,0,0,0.0,6000,Ventanas críticas,0.0,21.87,Variable
agroindustry_seasonal,fixed_reference_ppa,PLANICIE 220,36,21.94,26.82,29.5,0,0,0,0.0,6000,Ventanas críticas,0.0,21.0,Variable
agroindustry_seasonal,fixed_reference_ppa,CT INDEPENDENCIA 60,36,21.86,27.07,35.46,0,0,0,0.0,6000,Ventanas críticas,0.0,21.93,Variable
agroindustry_seasonal,fixed_reference_ppa,PARAGSHA2 138,36,21.74,28.85,32.39,0,0,0,0.0,6000,Ventanas críticas,0.0,21.86,Variable
agroindustry_seasonal,fixed_reference_ppa,CHEVES 13.8,36,21.69,28.57,33.49,0,0,0,0.0,6000,Ventanas críticas,0.0,21.93,Variable
agroindustry_seasonal,fixed_reference_ppa,MARCONA 60,27,21.61,27.02,28.6,0,0,2,0.0,6000,Ventanas críticas,0.0,20.77,Variable
agroindustry_seasonal,fixed_reference_ppa,MACHUPICCHU 138,36,21.55,30.06,35.15,0,0,0,0.0,6000,Ventanas críticas,0.0,22.49,Variable
agroindustry_seasonal,fixed_reference_ppa,SANTA ROSA 220,36,21.52,26.59,37.88,0,0,0,0.0,6000,Ventanas críticas,0.0,22.02,Variable
agroindustry_seasonal,fixed_reference_ppa,CARAPONGO 220,36,21.5,26.33,36.3,0,0,0,0.0,6000,Ventanas críticas,0.0,21.7,Variable
agroindustry_seasonal,fixed_reference_ppa,INDEPENDENCIA 220,36,21.47,27.27,36.18,0,0,0,0.0,6000,Ventanas críticas,0.0,21.91,Variable
agroindustry_seasonal,fixed_reference_ppa,CAHUA138,36,21.41,30.11,36.5,0,0,0,0.0,6000,Ventanas críticas,0.0,22.64,Variable
agroindustry_seasonal,fixed_reference_ppa,NAZCA NUEVA 220,23,21.22,26.52,26.99,0,0,0,0.0,6000,Ventanas críticas,0.0,20.23,Variable
agroindustry_seasonal,fixed_reference_ppa,FLAMENCO 220,26,20.97,25.8,27.94,0,0,0,0.0,6000,Ventanas críticas,0.0,20.08,Variable
agroindustry_seasonal,fixed_reference_ppa,ERSUR 220,26,20.86,25.72,27.91,0,0,0,0.0,6000,Ventanas críticas,0.0,20.0,Variable
agroindustry_seasonal,fixed_reference_ppa,PARAGSHA2 220,36,20.71,28.46,32.12,0,0,0,0.0,6000,Ventanas críticas,0.0,21.25,Variable
agroindustry_seasonal,fixed_reference_ppa,PUNTA LOMITAS II,36,20.48,25.3,27.24,0,0,0,0.0,6000,Ventanas críticas,0.0,19.63,Variable
agroindustry_seasonal,fixed_reference_ppa,CHINCHA NUEVA 220,23,20.43,27.6,35.01,0,0,0,0.0,6000,Ventanas críticas,0.0,21.35,Variable
agroindustry_seasonal,fixed_reference_ppa,PUNTA LOMITAS I,36,20.4,25.5,26.8,0,0,0,0.0,6000,Ventanas críticas,0.0,19.57,Variable
agroindustry_seasonal,fixed_reference_ppa,CALLAHUANCA EDEGEL 220,36,20.07,25.32,33.89,0,0,0,0.0,6000,Ventanas críticas,0.0,20.45,Variable
agroindustry_seasonal,fixed_reference_ppa,DESIERTO 220,35,20.03,25.38,34.27,0,0,0,0.0,6000,Ventanas críticas,0.0,20.5,Variable
agroindustry_seasonal,fixed_reference_ppa,CANTERA 220,36,20.01,25.84,34.47,0,0,0,0.0,6000,Ventanas críticas,0.0,20.63,Variable
agroindustry_seasonal,fixed_reference_ppa,HUANCHOR 50,36,19.99,29.79,38.65,0,0,0,0.0,6000,Ventanas críticas,0.0,22.24,Variable
agroindustry_seasonal,fixed_reference_ppa,HUAMPANI 60,36,19.74,25.29,35.61,0,0,0,0.0,6000,Ventanas críticas,0.0,20.55,Variable
agroindustry_seasonal,fixed_reference_ppa,HUINCO 220,36,19.72,24.72,35.83,0,0,0,0.0,6000,Ventanas críticas,0.0,20.43,Variable
agroindustry_seasonal,fixed_reference_ppa,HUANZA 220,36,19.72,25.56,34.13,0,0,0,0.0,6000,Ventanas críticas,0.0,20.38,Variable
agroindustry_seasonal,fixed_reference_ppa,OROYA NUEVA 220,36,19.67,25.54,28.52,0,0,0,0.0,6000,Ventanas críticas,0.0,19.52,Variable
agroindustry_seasonal,fixed_reference_ppa,CARHUAMAYO 138,36,19.65,27.9,31.67,0,0,0,0.0,6000,Ventanas críticas,0.0,20.57,Variable
agroindustry_seasonal,fixed_reference_ppa,POMACOCHA 220,36,19.55,24.61,27.56,0,0,0,0.0,6000,Ventanas críticas,0.0,19.08,Variable
agroindustry_seasonal,fixed_reference_ppa,SAN JUAN 220,36,19.43,25.02,27.48,0,0,0,0.0,6000,Ventanas críticas,0.0,19.12,Variable
agroindustry_seasonal,fixed_reference_ppa,CHILCA500,36,19.35,23.46,30.31,0,0,0,0.0,6000,Ventanas críticas,0.0,19.12,Variable
agroindustry_seasonal,fixed_reference_ppa,SANTA ANA 138,6,19.34,24.93,27.84,0,0,0,0.0,6000,Ventanas críticas,0.0,19.11,Variable
agroindustry_seasonal,fixed_reference_ppa,PACHACHACA 220,36,19.2,23.95,27.23,0,0,0,0.0,6000,Ventanas críticas,0.0,18.71,Variable
agroindustry_seasonal,fixed_reference_ppa,OLLEROS 500,36,19.05,23.11,29.68,0,0,0,0.0,6000,Ventanas críticas,0.0,18.8,Variable
agroindustry_seasonal,fixed_reference_ppa,SANTA ISABEL 220,36,18.83,26.59,31.4,0,0,0,0.0,6000,Ventanas críticas,0.0,19.83,Variable
agroindustry_seasonal,fixed_reference_ppa,FENIX 500,36,18.75,22.95,30.47,0,0,0,0.0,6000,Ventanas críticas,0.0,18.74,Variable
agroindustry_seasonal,fixed_reference_ppa,MATUCANA 220,36,18.72,23.44,32.67,0,0,0,0.0,6000,Ventanas críticas,0.0,19.18,Variable
agroindustry_seasonal,fixed_reference_ppa,OROYA NUEVA 50,36,18.5,24.11,29.59,0,0,0,0.0,6000,Ventanas críticas,0.0,18.79,Variable
agroindustry_seasonal,fixed_reference_ppa,CHAGLLA 220,36,18.34,28.3,30.43,0,0,0,0.0,6000,Ventanas críticas,0.0,19.89,Variable
agroindustry_seasonal,fixed_reference_ppa,YANANGO 220,36,18.34,23.93,26.42,0,0,0,0.0,6000,Ventanas críticas,0.0,18.2,Variable
agroindustry_seasonal,fixed_reference_ppa,ALTO PRADERAS 220,36,18.26,24.52,28.93,0,0,0,0.0,6000,Ventanas críticas,0.0,18.69,Variable
agroindustry_seasonal,fixed_reference_ppa,CONDORCOCHA 44,36,18.17,25.84,30.63,0,0,0,0.0,6000,Ventanas críticas,0.0,19.23,Variable
agroindustry_seasonal,fixed_reference_ppa,CHIRIBAMBA 220,22,18.12,24.45,32.31,0,0,0,0.0,6000,Ventanas críticas,0.0,19.11,Variable
agroindustry_seasonal,fixed_reference_ppa,MOYOPAMPA 60,36,18.12,22.53,25.85,0,0,0,0.0,6000,Ventanas críticas,0.0,17.67,Variable
agroindustry_seasonal,fixed_reference_ppa,ASIA 220,36,18.11,24.17,33.81,0,0,0,0.0,6000,Ventanas críticas,0.0,19.26,Variable
agroindustry_seasonal,fixed_reference_ppa,CONDORCOCHA 138,36,17.84,25.49,30.53,0,0,0,0.0,6000,Ventanas críticas,0.0,18.98,Variable
agroindustry_seasonal,fixed_reference_ppa,CARIPA 138,36,17.58,25.07,29.85,0,0,0,0.0,6000,Ventanas críticas,0.0,18.65,Variable
agroindustry_seasonal,fixed_reference_ppa,CS COENERGY 22.9,1,17.4,17.4,17.4,0,0,0,0.0,6000,Volatilidad,0.0,14.79,Variable
agroindustry_seasonal,fixed_reference_ppa,CH OROYA 50,36,17.06,21.94,28.54,0,0,0,0.0,6000,Ventanas críticas,0.0,17.44,Variable
agroindustry_seasonal,fixed_reference_ppa,HUAYUCACHI 220,36,16.95,21.29,25.87,0,0,0,0.0,6000,Ventanas críticas,0.0,16.83,Variable
agroindustry_seasonal,fixed_reference_ppa,YAUPI 138,36,16.94,24.42,31.02,0,0,0,0.0,6000,Ventanas críticas,0.0,18.38,Variable
agroindustry_seasonal,fixed_reference_ppa,CHIMAY 220,36,16.73,22.04,23.04,0,0,0,0.0,6000,Ventanas críticas,0.0,16.5,Variable
agroindustry_seasonal,fixed_reference_ppa,CHILCA UNO 220,36,16.6,21.0,24.97,0,0,0,0.0,6000,Ventanas críticas,0.0,16.47,Variable
agroindustry_seasonal,fixed_reference_ppa,HUANCAVELICA 220,36,16.45,20.81,27.36,0,0,0,0.0,6000,Ventanas críticas,0.0,16.71,Variable
agroindustry_seasonal,fixed_reference_ppa,CALLAHUANCA 60,36,16.28,21.28,31.74,0,0,0,0.0,6000,Ventanas críticas,0.0,17.4,Variable
agroindustry_seasonal,fixed_reference_ppa,LAS FLORES 220,36,16.2,20.31,24.03,0,0,0,0.0,6000,Ventanas críticas,0.0,15.97,Variable
agroindustry_seasonal,fixed_reference_ppa,YAUPI13.8,36,16.16,23.13,30.35,0,0,0,0.0,6000,Ventanas críticas,0.0,17.61,Variable
agroindustry_seasonal,fixed_reference_ppa,LA VIRGEN 138,36,16.16,23.37,28.63,0,0,0,0.0,6000,Ventanas críticas,0.0,17.41,Variable
agroindustry_seasonal,fixed_reference_ppa,CERRO DEL AGUILA 220,36,16.04,21.03,23.67,0,0,0,0.0,6000,Ventanas críticas,0.0,16.03,Variable
agroindustry_seasonal,fixed_reference_ppa,CHILCA DOS 13.8,36,15.76,20.36,23.66,0,0,0,0.0,6000,Ventanas críticas,0.0,15.73,Variable
agroindustry_seasonal,fixed_reference_ppa,YARUCAYA 13.8,36,15.34,20.53,32.19,0,0,0,0.0,6000,Ventanas críticas,0.0,16.86,Variable
agroindustry_seasonal,fixed_reference_ppa,CHILCA REP 220,36,15.29,20.52,23.05,0,0,0,0.0,6000,Ventanas críticas,0.0,15.47,Variable
agroindustry_seasonal,fixed_reference_ppa,CORACORA 60,4,15.13,23.6,28.01,0,0,4,0.0,6000,Prima de estrés,0.0,16.91,Variable
agroindustry_seasonal,fixed_reference_ppa,NAZCA 22.9,4,14.72,23.14,27.63,0,0,4,0.0,6000,Prima de estrés,0.0,16.55,Variable
agroindustry_seasonal,fixed_reference_ppa,CAMPO ARMIÑO 220,36,14.69,18.69,21.01,0,0,0,0.0,6000,Ventanas críticas,0.0,14.43,Variable
agroindustry_seasonal,fixed_reference_ppa,MALPASO 50,36,14.65,19.89,24.73,0,0,0,0.0,6000,Ventanas críticas,0.0,15.28,Variable
agroindustry_seasonal,fixed_reference_ppa,RESTITUCIÓN 220,36,14.21,18.18,20.34,0,0,0,0.0,6000,Ventanas críticas,0.0,13.99,Variable
agroindustry_seasonal,fixed_reference_ppa,LLIPATA 60,4,14.18,22.69,27.5,0,0,4,0.0,6000,Prima de estrés,0.0,16.18,Variable
agroindustry_seasonal,fixed_reference_ppa,PLATANAL 220,36,12.83,16.76,19.51,0,0,0,0.0,6000,Ventanas críticas,0.0,12.89,Variable
agroindustry_seasonal,fixed_reference_ppa,ALTO LA LUNA 10,14,11.43,15.01,16.47,0,0,11,0.0,6000,Prima de estrés,0.0,11.37,Variable
agroindustry_seasonal,fixed_reference_ppa,ALTO LA LUNA 60,14,11.13,14.48,15.97,0,0,11,0.0,6000,Prima de estrés,0.0,11.02,Variable
agroindustry_seasonal,fixed_reference_ppa,PISCO 10,14,10.92,14.12,15.43,0,0,11,0.0,6000,Prima de estrés,0.0,10.76,Variable
agroindustry_seasonal,fixed_reference_ppa,VILLACURI 22.9,14,10.84,14.33,16.22,0,0,11,0.0,6000,Prima de estrés,0.0,10.89,Variable
agroindustry_seasonal,fixed_reference_ppa,PARACAS 22,14,10.75,14.33,19.2,0,0,11,0.0,6000,Prima de estrés,0.0,11.3,Variable
agroindustry_seasonal,fixed_reference_ppa,PARACAS 10,14,10.67,14.34,19.37,0,0,11,0.0,6000,Prima de estrés,0.0,11.29,Variable
agroindustry_seasonal,fixed_reference_ppa,VILLACURI 60,14,10.05,12.88,15.14,0,0,11,0.0,6000,Prima de estrés,0.0,10.01,Variable
agroindustry_seasonal,fixed_reference_ppa,TAMBO DE MORA 10,5,10.04,13.25,16.16,0,0,4,0.0,6000,Prima de estrés,0.0,10.25,Variable
agroindustry_seasonal,fixed_reference_ppa,PEDREGAL 10,5,9.55,12.92,15.61,0,0,4,0.0,6000,Prima de estrés,0.0,9.87,Variable
agroindustry_seasonal,fixed_reference_ppa,INDEPENDENCIA 10,14,9.14,11.57,16.66,0,0,11,0.0,6000,Prima de estrés,0.0,9.51,Variable
agroindustry_seasonal,fixed_reference_ppa,PUEBLO NUEVO 10,5,9.06,11.3,11.93,0,0,4,0.0,6000,Prima de estrés,0.0,8.69,Variable
agroindustry_seasonal,fixed_reference_ppa,CHALA 60,1,8.54,8.54,8.54,0,0,1,0.0,6000,Prima de estrés,0.0,7.26,Variable
agroindustry_seasonal,fixed_reference_ppa,BELLA UNION 60,1,8.1,8.1,8.1,0,0,1,0.0,6000,Prima de estrés,0.0,6.89,Variable
agroindustry_seasonal,fixed_reference_ppa,JAHUAY 60,1,7.58,7.58,7.58,0,0,1,0.0,6000,Prima de estrés,0.0,6.45,Variable
agroindustry_seasonal,fixed_reference_ppa,FUNSUR 60,1,7.48,7.48,7.48,0,0,1,0.0,6000,Prima de estrés,0.0,6.35,Variable
agroindustry_seasonal,fixed_reference_ppa,MINA 60,1,6.91,6.91,6.91,0,0,1,0.0,6000,Prima de estrés,0.0,5.87,Variable
agroindustry_seasonal,fixed_reference_ppa,HUARANGO 60,1,6.39,6.39,6.39,0,0,1,0.0,6000,Prima de estrés,0.0,5.43,Variable
agroindustry_seasonal,fixed_reference_ppa,LOMAS 60,1,6.39,6.39,6.39,0,0,1,0.0,6000,Prima de estrés,0.0,5.43,Variable
agroindustry_seasonal,full_spot_exposure,PLANTAETANOL 60,36,64.14,74.04,76.22,0,18,0,1.0,6000,Nivel de precio,0.5,66.31,Estable
agroindustry_seasonal,full_spot_exposure,HUAYLLACHO 15,36,64.14,74.41,76.63,0,17,0,1.0,6000,Nivel de precio,0.472,66.04,Estable
agroindustry_seasonal,full_spot_exposure,SAN IGNACIO 15,36,63.95,74.05,76.43,0,17,0,1.0,6000,Nivel de precio,0.472,65.84,Estable
agroindustry_seasonal,full_spot_exposure,SAN ANTONIO 15,36,63.93,74.05,76.43,0,17,0,1.0,6000,Nivel de precio,0.472,65.83,Estable
agroindustry_seasonal,full_spot_exposure,ZORRITOS 220,36,63.73,74.51,75.68,0,17,0,1.0,6000,Nivel de precio,0.472,65.74,Estable
agroindustry_seasonal,full_spot_exposure,NCTUMBES60,36,63.57,74.64,75.81,0,16,0,1.0,6000,Nivel de precio,0.444,65.3,Estable
agroindustry_seasonal,full_spot_exposure,MISAPUQUIO 33,36,63.2,73.2,76.21,0,15,0,1.0,6000,Nivel de precio,0.417,64.42,Estable
agroindustry_seasonal,full_spot_exposure,TINTAYA EXISTENTE 138,36,63.06,73.35,76.26,0,15,0,1.0,6000,Nivel de precio,0.417,64.4,Estable
agroindustry_seasonal,full_spot_exposure,GE1 33,36,62.79,73.42,74.5,0,17,0,1.0,6000,Nivel de precio,0.472,64.87,Estable
agroindustry_seasonal,full_spot_exposure,TINTAYA NUEVA 220,36,62.72,72.86,75.98,0,15,0,1.0,6000,Nivel de precio,0.417,64.09,Estable
agroindustry_seasonal,full_spot_exposure,PIURA OESTE 220,36,62.39,72.14,75.19,0,16,0,1.0,6000,Nivel de precio,0.444,64.05,Estable
agroindustry_seasonal,full_spot_exposure,TALARA 220,36,62.36,72.18,74.41,0,15,0,1.0,6000,Nivel de precio,0.417,63.52,Estable
agroindustry_seasonal,full_spot_exposure,GALLITO CIEGO 60,36,62.25,72.15,74.44,0,13,0,1.0,6000,Nivel de precio,0.361,62.63,Estable
agroindustry_seasonal,full_spot_exposure,BELAUNDE 138,36,62.23,72.03,74.9,0,13,0,1.0,6000,Nivel de precio,0.361,62.66,Estable
agroindustry_seasonal,full_spot_exposure,TALARA13.2,36,62.01,72.38,74.43,0,14,0,1.0,6000,Nivel de precio,0.389,63.0,Estable
agroindustry_seasonal,full_spot_exposure,VALLE DEL CHIRA 220,14,60.27,68.94,72.81,0,3,0,1.0,6000,Nivel de precio,0.214,58.49,Estable
agroindustry_seasonal,full_spot_exposure,PARIAC 66,36,59.14,70.03,73.19,0,10,0,1.0,6000,Nivel de precio,0.278,59.27,Estable
agroindustry_seasonal,full_spot_exposure,JULIACA10,36,58.11,68.97,71.47,0,10,0,1.0,6000,Nivel de precio,0.278,58.28,Estable
agroindustry_seasonal,full_spot_exposure,JAEN 138,24,57.31,67.0,72.53,0,5,0,1.0,6000,Nivel de precio,0.208,56.55,Estable
agroindustry_seasonal,full_spot_exposure,TOCACHE 138,36,54.61,63.43,69.23,0,3,0,1.0,6000,Nivel de precio,0.083,52.07,Estable
agroindustry_seasonal,full_spot_exposure,JULIACA 138,36,53.54,64.35,67.0,0,3,0,1.0,6000,Nivel de precio,0.083,51.48,Estable
agroindustry_seasonal,full_spot_exposure,CALLALLI 138,36,53.17,63.57,67.06,0,1,0,1.0,6000,Nivel de precio,0.028,50.29,Estable
agroindustry_seasonal,full_spot_exposure,GUADALUPE 60,36,53.16,62.14,64.41,0,0,0,1.0,6000,Nivel de precio,0.0,49.12,Estable
agroindustry_seasonal,full_spot_exposure,ILO1 138,36,51.74,60.68,64.42,0,0,0,1.0,6000,Nivel de precio,0.0,48.12,Estable
agroindustry_seasonal,full_spot_exposure,TOQUEPALA 138,36,51.49,60.0,64.34,0,0,0,1.0,6000,Nivel de precio,0.0,47.82,Estable
agroindustry_seasonal,full_spot_exposure,LA BREA 220,21,51.4,62.76,66.3,0,1,0,1.0,6000,Nivel de precio,0.048,49.48,Estable
agroindustry_seasonal,full_spot_exposure,ILO ELP 138,36,51.21,60.14,63.98,0,0,0,1.0,6000,Nivel de precio,0.0,47.68,Estable
agroindustry_seasonal,full_spot_exposure,PUNO 138,36,51.2,61.56,64.88,0,0,0,1.0,6000,Nivel de precio,0.0,48.16,Estable
agroindustry_seasonal,full_spot_exposure,AYAVIRI 138,36,51.16,62.59,65.39,0,1,0,1.0,6000,Nivel de precio,0.028,48.9,Estable
agroindustry_seasonal,full_spot_exposure,CHICLAYO 220,36,50.94,59.67,62.61,0,0,0,1.0,6000,Nivel de precio,0.0,47.23,Estable
agroindustry_seasonal,full_spot_exposure,ARICOTA2 138,36,50.79,59.63,63.66,0,0,0,1.0,6000,Nivel de precio,0.0,47.31,Estable
agroindustry_seasonal,full_spot_exposure,PUNO 220,36,50.76,61.25,64.45,0,0,0,1.0,6000,Nivel de precio,0.0,47.82,Estable
agroindustry_seasonal,full_spot_exposure,BOTIFLACA 138,36,50.56,59.37,63.49,0,0,0,1.0,6000,Nivel de precio,0.0,47.12,Estable
agroindustry_seasonal,full_spot_exposure,CT ETEN 220,36,50.52,58.98,62.03,0,0,0,1.0,6000,Nivel de precio,0.0,46.78,Estable
agroindustry_seasonal,full_spot_exposure,RECKA 220,36,50.5,59.05,61.78,0,0,0,1.0,6000,Nivel de precio,0.0,46.75,Estable
agroindustry_seasonal,full_spot_exposure,ETEN 18,36,50.45,58.94,62.03,0,0,0,1.0,6000,Nivel de precio,0.0,46.74,Estable
agroindustry_seasonal,full_spot_exposure,RECKA 18,36,50.44,59.05,61.69,0,0,0,1.0,6000,Nivel de precio,0.0,46.71,Estable
agroindustry_seasonal,full_spot_exposure,PLANTA CASA GRANDE 13.8,1,50.36,50.36,50.36,0,0,0,1.0,6000,Nivel de precio,0.0,42.81,Sensible
agroindustry_seasonal,full_spot_exposure,CHILINA 33,36,50.32,61.03,63.26,0,0,0,1.0,6000,Nivel de precio,0.0,47.39,Estable
agroindustry_seasonal,full_spot_exposure,ARICOTA 66,36,50.32,59.08,63.22,0,0,0,1.0,6000,Nivel de precio,0.0,46.9,Estable
agroindustry_seasonal,full_spot_exposure,LA NIÑA 220,36,50.15,58.73,62.32,0,0,0,1.0,6000,Nivel de precio,0.0,46.6,Estable
agroindustry_seasonal,full_spot_exposure,MOLLENDO 138,36,50.12,61.25,64.74,0,0,0,1.0,6000,Nivel de precio,0.0,47.58,Estable
agroindustry_seasonal,full_spot_exposure,CACLIC 220,36,50.1,59.85,62.3,0,0,0,1.0,6000,Nivel de precio,0.0,46.85,Estable
agroindustry_seasonal,full_spot_exposure,AZANGARO 138,36,49.76,62.19,64.57,0,0,0,1.0,6000,Nivel de precio,0.0,47.63,Estable
agroindustry_seasonal,full_spot_exposure,ARICOTA1 66,36,49.72,58.42,62.23,0,0,0,1.0,6000,Nivel de precio,0.0,46.31,Variable
agroindustry_seasonal,full_spot_exposure,LOS HEROES 66,36,49.71,58.19,62.27,0,0,0,1.0,6000,Nivel de precio,0.0,46.26,Variable
agroindustry_seasonal,full_spot_exposure,PUERTO MALDONADO 10,36,49.63,63.26,65.57,0,1,0,1.0,6000,Nivel de precio,0.028,48.4,Estable
agroindustry_seasonal,full_spot_exposure,CHILINA 138,36,49.56,59.08,63.13,0,0,0,1.0,6000,Nivel de precio,0.0,46.54,Variable
agroindustry_seasonal,full_spot_exposure,GUADALUPE 220,36,49.42,57.99,61.17,0,0,0,1.0,6000,Nivel de precio,0.0,45.91,Estable
agroindustry_seasonal,full_spot_exposure,COMBAPATA 138,36,49.33,60.98,62.51,0,0,0,1.0,6000,Nivel de precio,0.0,46.82,Estable
agroindustry_seasonal,full_spot_exposure,REPARTICIÓN 138,36,49.3,60.32,63.69,0,0,0,1.0,6000,Nivel de precio,0.0,46.82,Estable
agroindustry_seasonal,full_spot_exposure,PUCALLPA 60,36,49.14,58.0,65.25,0,1,0,1.0,6000,Nivel de precio,0.028,46.82,Estable
agroindustry_seasonal,full_spot_exposure,LOS HEROES 220,36,49.12,57.6,61.54,0,0,0,1.0,6000,Nivel de precio,0.0,45.74,Variable
agroindustry_seasonal,full_spot_exposure,CT PLANTA PUCALLPA 60,36,49.09,57.83,65.12,0,1,0,1.0,6000,Nivel de precio,0.028,46.73,Estable
agroindustry_seasonal,full_spot_exposure,PUERTO MALDONADO 138,36,48.97,62.89,66.54,0,1,0,1.0,6000,Nivel de precio,0.028,48.16,Estable
agroindustry_seasonal,full_spot_exposure,CERRO VERDE 138,36,48.76,58.49,61.73,0,0,0,1.0,6000,Nivel de precio,0.0,45.82,Variable
agroindustry_seasonal,full_spot_exposure,CUTERVO 138,36,48.75,59.05,62.91,0,0,0,1.0,6000,Nivel de precio,0.0,46.14,Estable
agroindustry_seasonal,full_spot_exposure,PUCALLPA 138,36,48.5,57.2,64.59,0,0,0,1.0,6000,Nivel de precio,0.0,45.81,Estable
agroindustry_seasonal,full_spot_exposure,MOQUEGUA 138,36,48.3,57.03,60.78,0,0,0,1.0,6000,Nivel de precio,0.0,45.11,Variable
agroindustry_seasonal,full_spot_exposure,SANTUARIO 138,36,47.98,58.24,61.77,0,0,0,1.0,6000,Nivel de precio,0.0,45.42,Variable
agroindustry_seasonal,full_spot_exposure,MOQUEGUA 220,36,47.92,56.6,60.2,0,0,0,1.0,6000,Nivel de precio,0.0,44.74,Variable
agroindustry_seasonal,full_spot_exposure,SOCABAYA 138,36,47.73,57.34,61.09,0,0,0,1.0,6000,Nivel de precio,0.0,44.98,Variable
agroindustry_seasonal,full_spot_exposure,ILO2 220,36,47.6,55.94,59.96,0,0,0,1.0,6000,Nivel de precio,0.0,44.4,Variable
agroindustry_seasonal,full_spot_exposure,PLANTA SAN JACINTO 13.8,36,47.58,56.28,60.16,0,0,0,1.0,6000,Nivel de precio,0.0,44.5,Variable
agroindustry_seasonal,full_spot_exposure,CAJAMARCA 220,36,47.4,57.06,59.14,0,0,0,1.0,6000,Nivel de precio,0.0,44.46,Variable
agroindustry_seasonal,full_spot_exposure,SOCABAYA 220,36,47.32,56.81,60.37,0,0,0,1.0,6000,Nivel de precio,0.0,44.55,Variable
agroindustry_seasonal,full_spot_exposure,AGROLMOS 60,6,47.25,57.42,59.13,0,0,0,1.0,6000,Nivel de precio,0.0,44.49,Variable
agroindustry_seasonal,full_spot_exposure,CHARCANI VI 33,36,47.25,56.77,58.64,0,0,0,1.0,6000,Nivel de precio,0.0,44.25,Variable
agroindustry_seasonal,full_spot_exposure,TRUJILLO 220,36,47.12,55.71,60.55,0,0,0,1.0,6000,Nivel de precio,0.0,44.22,Variable
agroindustry_seasonal,full_spot_exposure,MONTALVO 220,36,46.91,55.82,59.73,0,0,0,1.0,6000,Nivel de precio,0.0,44.02,Variable
agroindustry_seasonal,full_spot_exposure,CARHUAQUERO 220,36,46.31,57.26,59.8,0,0,0,1.0,6000,Nivel de precio,0.0,44.12,Variable
agroindustry_seasonal,full_spot_exposure,S.E. ILO4 500,36,46.11,54.52,58.61,0,0,0,1.0,6000,Nivel de precio,0.0,43.17,Variable
agroindustry_seasonal,full_spot_exposure,RUBI 220,33,45.53,54.64,59.54,0,0,0,1.0,6000,Volatilidad,0.0,43.08,Variable
agroindustry_seasonal,full_spot_exposure,SAN JOSE 500,36,45.34,53.88,57.99,0,0,0,1.0,6000,Nivel de precio,0.0,42.57,Variable
agroindustry_seasonal,full_spot_exposure,HUALLIN60,21,45.25,57.32,59.57,0,0,0,1.0,6000,Nivel de precio,0.0,43.63,Sensible
agroindustry_seasonal,full_spot_exposure,PUERTO BRAVO 500,36,45.19,53.92,57.59,0,0,0,1.0,6000,Nivel de precio,0.0,42.45,Variable
agroindustry_seasonal,full_spot_exposure,PUERTO BRAVO 18,36,45.07,53.86,57.47,0,0,0,1.0,6000,Nivel de precio,0.0,42.37,Variable
agroindustry_seasonal,full_spot_exposure,AUCAYACU 138,36,44.99,56.98,61.06,0,0,0,1.0,6000,Nivel de precio,0.0,43.65,Variable
agroindustry_seasonal,full_spot_exposure,DUNA HUAMBOS 34.5,31,44.7,57.28,62.31,0,0,0,1.0,6000,Nivel de precio,0.0,43.78,Variable
agroindustry_seasonal,full_spot_exposure,CARHUAQUERO 10_S,24,44.59,56.53,59.0,0,0,0,1.0,6000,Nivel de precio,0.0,43.05,Variable
agroindustry_seasonal,full_spot_exposure,CHAPARRAL 138,18,44.55,54.45,57.91,0,0,0,1.0,6000,Volatilidad,0.0,42.35,Variable
agroindustry_seasonal,full_spot_exposure,CHIMBOTE1 138,36,44.49,54.78,59.23,0,0,0,1.0,6000,Nivel de precio,0.0,42.6,Variable
agroindustry_seasonal,full_spot_exposure,BIOENERGIA 13.8,36,44.24,57.11,62.44,0,0,0,1.0,6000,Nivel de precio,0.0,43.55,Variable
agroindustry_seasonal,full_spot_exposure,LA RAMADA 220,36,44.22,55.71,57.52,0,0,0,1.0,6000,Nivel de precio,0.0,42.45,Variable
agroindustry_seasonal,full_spot_exposure,CHARCANI I 33,36,43.65,54.81,58.16,0,0,0,1.0,6000,Nivel de precio,0.0,42.07,Variable
agroindustry_seasonal,full_spot_exposure,CHIMBOTE1 220,36,43.51,54.53,59.39,0,0,0,1.0,6000,Nivel de precio,0.0,42.12,Variable
agroindustry_seasonal,full_spot_exposure,QUENCORO 138,36,43.49,56.79,59.36,0,0,0,1.0,6000,Nivel de precio,0.0,42.67,Variable
agroindustry_seasonal,full_spot_exposure,DOLORESPATA 138,36,43.22,56.53,59.2,0,0,0,1.0,6000,Nivel de precio,0.0,42.46,Variable
agroindustry_seasonal,full_spot_exposure,QUITARACSA 220,36,41.98,54.59,56.19,0,0,0,1.0,6000,Nivel de precio,0.0,40.97,Variable
agroindustry_seasonal,full_spot_exposure,CACHIMAYO 138,36,41.62,54.7,58.62,0,0,0,1.0,6000,Nivel de precio,0.0,41.2,Variable
agroindustry_seasonal,full_spot_exposure,MAZUCO138,36,41.08,59.68,65.17,0,1,0,1.0,6000,Volatilidad,0.028,43.6,Variable
agroindustry_seasonal,full_spot_exposure,SAN NICOLAS 13.8,36,40.93,50.79,63.3,0,0,0,1.0,6000,Prima de estrés,0.0,40.61,Variable
agroindustry_seasonal,full_spot_exposure,AGUAYTIA 138,36,40.3,54.18,60.91,0,0,0,1.0,6000,Nivel de precio,0.0,40.82,Variable
agroindustry_seasonal,full_spot_exposure,ZAÑA 60,36,40.14,55.41,59.37,0,0,0,1.0,6000,Nivel de precio,0.0,40.82,Variable
agroindustry_seasonal,full_spot_exposure,TINGO MARIA 138,36,40.03,52.65,57.26,0,0,0,1.0,6000,Nivel de precio,0.0,39.77,Variable
agroindustry_seasonal,full_spot_exposure,AGUAYTIA 22.9,36,39.91,53.76,60.0,0,0,0,1.0,6000,Nivel de precio,0.0,40.4,Variable
agroindustry_seasonal,full_spot_exposure,AGUAYTIA 220,36,39.6,53.54,59.59,0,0,0,1.0,6000,Nivel de precio,0.0,40.15,Variable
agroindustry_seasonal,full_spot_exposure,SAN MARTIN 220,9,39.59,46.91,47.46,0,0,0,1.0,6000,Volatilidad,0.0,36.66,Variable
agroindustry_seasonal,full_spot_exposure,PURMACANA 20,36,39.58,51.69,56.22,0,0,0,1.0,6000,Nivel de precio,0.0,39.16,Variable
agroindustry_seasonal,full_spot_exposure,CHARCANI IV 33,36,39.03,52.04,56.71,0,0,0,1.0,6000,Ventanas críticas,0.0,39.08,Variable
agroindustry_seasonal,full_spot_exposure,COTARUSE 220,36,38.51,50.98,56.77,0,0,0,1.0,6000,Ventanas críticas,0.0,38.59,Variable
agroindustry_seasonal,full_spot_exposure,HUALLANCA 138,36,38.2,52.29,56.54,0,0,0,1.0,6000,Nivel de precio,0.0,38.74,Variable
agroindustry_seasonal,full_spot_exposure,PAQUILLUSI 220,9,37.7,49.97,55.63,0,0,0,1.0,6000,Volatilidad,0.0,37.8,Variable
agroindustry_seasonal,full_spot_exposure,HUANUCO 138,36,37.65,51.08,54.64,0,0,0,1.0,6000,Nivel de precio,0.0,37.91,Variable
agroindustry_seasonal,full_spot_exposure,SUNNY 220,4,37.01,44.38,45.29,0,0,0,1.0,6000,Volatilidad,0.0,34.54,Variable
agroindustry_seasonal,full_spot_exposure,PIEDRA BLANCA 34.5,36,36.73,50.37,54.82,0,0,0,1.0,6000,Nivel de precio,0.0,37.34,Variable
agroindustry_seasonal,full_spot_exposure,TUPURI 22.9,36,36.55,55.66,62.93,0,0,0,1.0,6000,Ventanas críticas,0.0,39.8,Variable
agroindustry_seasonal,full_spot_exposure,SAN GABAN 138,36,36.4,54.88,62.1,0,0,0,1.0,6000,Ventanas críticas,0.0,39.41,Variable
agroindustry_seasonal,full_spot_exposure,PARAMONGA NUEVA 220,36,35.82,49.02,55.31,0,0,0,1.0,6000,Ventanas críticas,0.0,36.67,Variable
agroindustry_seasonal,full_spot_exposure,PARAMONGA NUEVA 138,36,35.61,48.87,55.57,0,0,0,1.0,6000,Ventanas críticas,0.0,36.58,Variable
agroindustry_seasonal,full_spot_exposure,OQUENDO 60,36,35.61,47.52,57.53,0,0,0,1.0,6000,Ventanas críticas,0.0,36.53,Variable
agroindustry_seasonal,full_spot_exposure,VIZCARRA 220,36,35.47,50.88,58.73,0,0,0,1.0,6000,Ventanas críticas,0.0,37.49,Variable
agroindustry_seasonal,full_spot_exposure,PARAMONGA EXISTENTE 138,36,35.41,48.73,55.69,0,0,0,1.0,6000,Ventanas críticas,0.0,36.47,Variable
agroindustry_seasonal,full_spot_exposure,MEDIO MUNDO 220,36,35.12,47.74,55.89,0,0,0,1.0,6000,Ventanas críticas,0.0,36.13,Variable
agroindustry_seasonal,full_spot_exposure,PACHACHACA50,36,34.69,46.1,51.16,0,0,0,1.0,6000,Ventanas críticas,0.0,34.81,Variable
agroindustry_seasonal,full_spot_exposure,MARCONA 220,36,33.88,44.13,51.53,0,0,0,1.0,6000,Ventanas críticas,0.0,34.01,Variable
agroindustry_seasonal,full_spot_exposure,POROMA 220,36,33.87,43.32,51.05,0,0,0,1.0,6000,Ventanas críticas,0.0,33.73,Variable
agroindustry_seasonal,full_spot_exposure,LOMERA 220,36,33.18,43.31,50.28,0,0,0,1.0,6000,Ventanas críticas,0.0,33.3,Variable
agroindustry_seasonal,full_spot_exposure,HUACHO 220,36,32.89,43.45,51.55,0,0,0,1.0,6000,Ventanas críticas,0.0,33.39,Variable
agroindustry_seasonal,full_spot_exposure,MARCONA 60,27,32.49,42.57,45.65,0,0,2,1.0,6000,Ventanas críticas,0.0,32.11,Variable
agroindustry_seasonal,full_spot_exposure,CHAVARRIA 220,36,32.27,42.48,55.25,0,0,0,1.0,6000,Ventanas críticas,0.0,33.43,Variable
agroindustry_seasonal,full_spot_exposure,ZAPALLAL 220,36,32.12,42.05,54.41,0,0,0,1.0,6000,Ventanas críticas,0.0,33.13,Variable
agroindustry_seasonal,full_spot_exposure,VENTANILLA 220,36,31.85,42.03,54.34,0,0,0,1.0,6000,Ventanas críticas,0.0,32.99,Variable
agroindustry_seasonal,full_spot_exposure,SANTA TERESA 220,36,31.84,47.01,53.11,0,0,0,1.0,6000,Ventanas críticas,0.0,34.05,Variable
agroindustry_seasonal,full_spot_exposure,CARABAYLLO 220,36,31.74,41.54,54.15,0,0,0,1.0,6000,Ventanas críticas,0.0,32.79,Variable
agroindustry_seasonal,full_spot_exposure,FLAMENCO 220,26,31.66,42.21,44.34,0,0,0,1.0,6000,Ventanas críticas,0.0,31.45,Variable
agroindustry_seasonal,full_spot_exposure,ICA 220,36,31.52,40.89,52.58,0,0,0,1.0,6000,Ventanas críticas,0.0,32.29,Variable
agroindustry_seasonal,full_spot_exposure,SANTIAGO DE CAO 138,1,31.45,31.45,31.45,0,0,0,1.0,6000,Prima de estrés,0.0,26.73,Sensible
agroindustry_seasonal,full_spot_exposure,INDEPENDENCIA 60,36,31.26,41.52,54.46,0,0,0,1.0,6000,Ventanas críticas,0.0,32.62,Variable
agroindustry_seasonal,full_spot_exposure,CT PISCO 60,36,31.26,41.52,54.46,0,0,0,1.0,6000,Ventanas críticas,0.0,32.61,Variable
agroindustry_seasonal,full_spot_exposure,INDUSTRIALES 220,36,31.01,43.44,48.87,0,0,0,1.0,6000,Ventanas críticas,0.0,32.14,Variable
agroindustry_seasonal,full_spot_exposure,NAZCA NUEVA 220,23,30.96,41.2,44.12,0,0,0,1.0,6000,Ventanas críticas,0.0,30.85,Variable
agroindustry_seasonal,full_spot_exposure,CAJAMARQUILLA 220,36,30.95,40.94,53.17,0,0,0,1.0,6000,Ventanas críticas,0.0,32.14,Variable
agroindustry_seasonal,full_spot_exposure,ERSUR 220,26,30.89,41.33,42.76,0,0,0,1.0,6000,Ventanas críticas,0.0,30.65,Variable
agroindustry_seasonal,full_spot_exposure,CT INDEPENDENCIA 60,36,30.77,41.09,53.95,0,0,0,1.0,6000,Ventanas críticas,0.0,32.21,Variable
agroindustry_seasonal,full_spot_exposure,CHINCHA NUEVA 220,23,30.63,39.13,51.52,0,0,0,1.0,6000,Ventanas críticas,0.0,31.29,Variable
agroindustry_seasonal,full_spot_exposure,SANTA ROSA 220,36,30.35,42.63,54.86,0,0,0,1.0,6000,Ventanas críticas,0.0,32.55,Variable
agroindustry_seasonal,full_spot_exposure,PLANICIE 220,36,30.3,40.78,45.64,0,0,0,1.0,6000,Ventanas críticas,0.0,30.68,Variable
agroindustry_seasonal,full_spot_exposure,CARAPONGO 220,36,30.1,40.26,52.49,0,0,0,1.0,6000,Ventanas críticas,0.0,31.48,Variable
agroindustry_seasonal,full_spot_exposure,INDEPENDENCIA 220,36,30.04,38.85,52.84,0,0,0,1.0,6000,Ventanas críticas,0.0,31.15,Variable
agroindustry_seasonal,full_spot_exposure,HUANCHOR 50,36,29.73,49.76,59.33,0,0,0,1.0,6000,Ventanas críticas,0.0,34.72,Variable
agroindustry_seasonal,full_spot_exposure,CHEVES 220,36,29.3,38.14,49.51,0,0,0,1.0,6000,Ventanas críticas,0.0,30.15,Variable
agroindustry_seasonal,full_spot_exposure,MARAÑON 60,36,28.99,42.58,53.79,0,0,0,1.0,6000,Ventanas críticas,0.0,31.76,Variable
agroindustry_seasonal,full_spot_exposure,MACHUPICCHU 138,36,28.88,45.43,51.24,0,0,0,1.0,6000,Ventanas críticas,0.0,32.04,Variable
agroindustry_seasonal,full_spot_exposure,PARAGSHA2 138,36,28.8,37.3,50.29,0,0,0,1.0,6000,Ventanas críticas,0.0,29.83,Variable
agroindustry_seasonal,full_spot_exposure,DESIERTO 220,35,28.34,36.89,50.46,0,0,0,1.0,6000,Ventanas críticas,0.0,29.54,Variable
agroindustry_seasonal,full_spot_exposure,CHEVES 13.8,36,28.29,37.24,48.87,0,0,0,1.0,6000,Ventanas críticas,0.0,29.37,Variable
agroindustry_seasonal,full_spot_exposure,CANTERA 220,36,27.98,34.67,51.43,0,0,0,1.0,6000,Ventanas críticas,0.0,28.97,Variable
agroindustry_seasonal,full_spot_exposure,CAHUA138,36,27.83,37.68,55.47,0,0,0,1.0,6000,Ventanas críticas,0.0,30.27,Variable
agroindustry_seasonal,full_spot_exposure,HUINCO 220,36,27.68,38.03,48.13,0,0,0,1.0,6000,Ventanas críticas,0.0,29.18,Variable
agroindustry_seasonal,full_spot_exposure,CALLAHUANCA EDEGEL 220,36,27.44,35.96,42.14,0,0,0,1.0,6000,Ventanas críticas,0.0,27.66,Variable
agroindustry_seasonal,full_spot_exposure,PUNTA LOMITAS II,36,27.12,32.11,40.33,0,0,0,1.0,6000,Ventanas críticas,0.0,26.28,Variable
agroindustry_seasonal,full_spot_exposure,PUNTA LOMITAS I,36,27.11,32.72,38.86,0,0,0,1.0,6000,Ventanas críticas,0.0,26.21,Variable
agroindustry_seasonal,full_spot_exposure,SAN JUAN 220,36,27.1,35.63,46.32,0,0,0,1.0,6000,Ventanas críticas,0.0,28.05,Variable
agroindustry_seasonal,full_spot_exposure,HUAMPANI 60,36,26.81,35.94,51.52,0,0,0,1.0,6000,Ventanas críticas,0.0,28.78,Variable
agroindustry_seasonal,full_spot_exposure,HUANZA 220,36,26.79,35.57,45.72,0,0,0,1.0,6000,Ventanas críticas,0.0,27.81,Variable
agroindustry_seasonal,full_spot_exposure,CHILCA500,36,26.77,35.66,41.66,0,0,0,1.0,6000,Ventanas críticas,0.0,27.21,Variable
agroindustry_seasonal,full_spot_exposure,OLLEROS 500,36,26.46,35.15,42.11,0,0,0,1.0,6000,Ventanas críticas,0.0,27.01,Variable
agroindustry_seasonal,full_spot_exposure,PARAGSHA2 220,36,26.44,35.27,47.44,0,0,0,1.0,6000,Ventanas críticas,0.0,27.83,Variable
agroindustry_seasonal,full_spot_exposure,CHIRIBAMBA 220,22,26.19,31.91,37.27,0,0,0,1.0,6000,Ventanas críticas,0.0,25.35,Variable
agroindustry_seasonal,full_spot_exposure,FENIX 500,36,26.12,35.03,41.46,0,0,0,1.0,6000,Ventanas críticas,0.0,26.73,Variable
agroindustry_seasonal,full_spot_exposure,SANTA ANA 138,6,26.05,32.48,33.21,0,0,0,1.0,6000,Ventanas críticas,0.0,24.82,Variable
agroindustry_seasonal,full_spot_exposure,POMACOCHA 220,36,25.99,32.88,38.92,0,0,0,1.0,6000,Ventanas críticas,0.0,25.75,Variable
agroindustry_seasonal,full_spot_exposure,ALTO PRADERAS 220,36,25.73,33.34,52.83,0,0,0,1.0,6000,Ventanas críticas,0.0,27.84,Variable
agroindustry_seasonal,full_spot_exposure,OROYA NUEVA 220,36,25.55,32.22,39.27,0,0,0,1.0,6000,Ventanas críticas,0.0,25.44,Variable
agroindustry_seasonal,full_spot_exposure,PACHACHACA 220,36,25.47,31.39,39.36,0,0,0,1.0,6000,Ventanas críticas,0.0,25.22,Variable
agroindustry_seasonal,full_spot_exposure,ASIA 220,36,25.42,31.82,50.78,0,0,0,1.0,6000,Ventanas críticas,0.0,27.01,Variable
agroindustry_seasonal,full_spot_exposure,YANANGO 220,36,25.24,32.73,41.57,0,0,0,1.0,6000,Ventanas críticas,0.0,25.78,Variable
agroindustry_seasonal,full_spot_exposure,MATUCANA 220,36,25.18,33.38,39.83,0,0,0,1.0,6000,Ventanas críticas,0.0,25.65,Variable
agroindustry_seasonal,full_spot_exposure,MOYOPAMPA 60,36,25.0,33.32,41.36,0,0,0,1.0,6000,Ventanas críticas,0.0,25.78,Variable
agroindustry_seasonal,full_spot_exposure,CARHUAMAYO 138,36,24.74,33.07,39.7,0,0,0,1.0,6000,Ventanas críticas,0.0,25.36,Variable
agroindustry_seasonal,full_spot_exposure,SANTA ISABEL 220,36,23.62,32.15,36.15,0,0,0,1.0,6000,Ventanas críticas,0.0,24.09,Variable
agroindustry_seasonal,full_spot_exposure,OROYA NUEVA 50,36,23.49,30.95,34.4,0,0,0,1.0,6000,Ventanas críticas,0.0,23.47,Variable
agroindustry_seasonal,full_spot_exposure,CHILCA UNO 220,36,23.11,29.64,40.4,0,0,0,1.0,6000,Ventanas críticas,0.0,23.87,Variable
agroindustry_seasonal,full_spot_exposure,CONDORCOCHA 44,36,22.88,30.34,35.38,0,0,0,1.0,6000,Ventanas críticas,0.0,23.19,Variable
agroindustry_seasonal,full_spot_exposure,CHIMAY 220,36,22.84,28.96,37.56,0,0,0,1.0,6000,Ventanas críticas,0.0,23.15,Variable
agroindustry_seasonal,full_spot_exposure,CS COENERGY 22.9,1,22.8,22.8,22.8,0,0,0,1.0,6000,Volatilidad,0.0,19.38,Variable
agroindustry_seasonal,full_spot_exposure,CHAGLLA 220,36,22.77,33.02,35.2,0,0,0,1.0,6000,Ventanas críticas,0.0,23.78,Variable
agroindustry_seasonal,full_spot_exposure,CONDORCOCHA 138,36,22.54,29.86,35.28,0,0,0,1.0,6000,Ventanas críticas,0.0,22.9,Variable
agroindustry_seasonal,full_spot_exposure,LAS FLORES 220,36,22.35,28.48,40.02,0,0,0,1.0,6000,Ventanas críticas,0.0,23.18,Variable
agroindustry_seasonal,full_spot_exposure,CARIPA 138,36,22.22,29.44,34.58,0,0,0,1.0,6000,Ventanas críticas,0.0,22.55,Variable
agroindustry_seasonal,full_spot_exposure,HUAYUCACHI 220,36,22.22,26.59,31.29,0,0,0,1.0,6000,Ventanas críticas,0.0,21.34,Variable
agroindustry_seasonal,full_spot_exposure,CHILCA DOS 13.8,36,22.19,28.95,39.24,0,0,0,1.0,6000,Ventanas críticas,0.0,23.11,Variable
agroindustry_seasonal,full_spot_exposure,HUANCAVELICA 220,36,22.1,27.78,31.72,0,0,0,1.0,6000,Ventanas críticas,0.0,21.65,Variable
agroindustry_seasonal,full_spot_exposure,CH OROYA 50,36,21.91,28.14,33.34,0,0,0,1.0,6000,Ventanas críticas,0.0,21.89,Variable
agroindustry_seasonal,full_spot_exposure,CALLAHUANCA 60,36,21.71,28.02,35.97,0,0,0,1.0,6000,Ventanas críticas,0.0,22.17,Variable
agroindustry_seasonal,full_spot_exposure,CHILCA REP 220,36,21.43,27.5,39.07,0,0,0,1.0,6000,Ventanas críticas,0.0,22.38,Variable
agroindustry_seasonal,full_spot_exposure,YAUPI 138,36,21.27,28.99,35.74,0,0,0,1.0,6000,Ventanas críticas,0.0,22.18,Variable
agroindustry_seasonal,full_spot_exposure,CERRO DEL AGUILA 220,36,21.24,26.41,34.35,0,0,0,1.0,6000,Ventanas críticas,0.0,21.31,Variable
agroindustry_seasonal,full_spot_exposure,LA VIRGEN 138,36,20.55,27.77,33.31,0,0,0,1.0,6000,Ventanas críticas,0.0,21.19,Variable
agroindustry_seasonal,full_spot_exposure,YAUPI13.8,36,20.47,27.78,35.06,0,0,0,1.0,6000,Ventanas críticas,0.0,21.42,Variable
agroindustry_seasonal,full_spot_exposure,YARUCAYA 13.8,36,19.77,24.94,36.7,0,0,0,1.0,6000,Ventanas críticas,0.0,20.64,Variable
agroindustry_seasonal,full_spot_exposure,CAMPO ARMIÑO 220,36,19.07,23.1,25.23,0,0,0,1.0,6000,Ventanas críticas,0.0,18.14,Variable
agroindustry_seasonal,full_spot_exposure,MALPASO 50,36,19.04,24.18,29.43,0,0,0,1.0,6000,Ventanas críticas,0.0,19.03,Variable
agroindustry_seasonal,full_spot_exposure,RESTITUCIÓN 220,36,18.59,22.59,24.56,0,0,0,1.0,6000,Ventanas críticas,0.0,17.69,Variable
agroindustry_seasonal,full_spot_exposure,PLATANAL 220,36,17.37,21.64,23.71,0,0,0,1.0,6000,Ventanas críticas,0.0,16.78,Variable
agroindustry_seasonal,full_spot_exposure,CORACORA 60,4,15.13,23.6,28.01,0,0,4,1.0,6000,Prima de estrés,0.0,16.91,Variable
agroindustry_seasonal,full_spot_exposure,NAZCA 22.9,4,14.72,23.14,27.63,0,0,4,1.0,6000,Prima de estrés,0.0,16.55,Variable
agroindustry_seasonal,full_spot_exposure,LLIPATA 60,4,14.18,22.69,27.5,0,0,4,1.0,6000,Prima de estrés,0.0,16.18,Variable
agroindustry_seasonal,full_spot_exposure,ALTO LA LUNA 10,14,12.35,18.79,21.85,0,0,11,1.0,6000,Prima de estrés,0.0,13.53,Variable
agroindustry_seasonal,full_spot_exposure,ALTO LA LUNA 60,14,12.05,18.25,21.34,0,0,11,1.0,6000,Prima de estrés,0.0,13.19,Variable
agroindustry_seasonal,full_spot_exposure,PISCO 10,14,11.84,17.89,20.8,0,0,11,1.0,6000,Prima de estrés,0.0,12.92,Variable
agroindustry_seasonal,full_spot_exposure,VILLACURI 22.9,14,11.76,18.09,21.61,0,0,11,1.0,6000,Prima de estrés,0.0,13.05,Variable
agroindustry_seasonal,full_spot_exposure,PARACAS 22,14,11.67,17.73,24.59,0,0,11,1.0,6000,Prima de estrés,0.0,13.37,Variable
agroindustry_seasonal,full_spot_exposure,PARACAS 10,14,11.6,17.28,24.77,0,0,11,1.0,6000,Prima de estrés,0.0,13.25,Variable
agroindustry_seasonal,full_spot_exposure,TAMBO DE MORA 10,5,11.11,16.46,21.5,0,0,4,1.0,6000,Prima de estrés,0.0,12.34,Variable
agroindustry_seasonal,full_spot_exposure,VILLACURI 60,14,10.97,16.63,20.5,0,0,11,1.0,6000,Prima de estrés,0.0,12.17,Variable
agroindustry_seasonal,full_spot_exposure,PEDREGAL 10,5,10.61,16.12,20.94,0,0,4,1.0,6000,Prima de estrés,0.0,11.95,Variable
agroindustry_seasonal,full_spot_exposure,PUEBLO NUEVO 10,5,10.13,14.51,17.28,0,0,4,1.0,6000,Prima de estrés,0.0,10.78,Variable
agroindustry_seasonal,full_spot_exposure,INDEPENDENCIA 10,14,10.05,14.94,22.01,0,0,11,1.0,6000,Prima de estrés,0.0,11.56,Variable
agroindustry_seasonal,full_spot_exposure,CHALA 60,1,8.54,8.54,8.54,0,0,1,1.0,6000,Prima de estrés,0.0,7.26,Variable
agroindustry_seasonal,full_spot_exposure,BELLA UNION 60,1,8.1,8.1,8.1,0,0,1,1.0,6000,Prima de estrés,0.0,6.89,Variable
agroindustry_seasonal,full_spot_exposure,JAHUAY 60,1,7.58,7.58,7.58,0,0,1,1.0,6000,Prima de estrés,0.0,6.45,Variable
agroindustry_seasonal,full_spot_exposure,FUNSUR 60,1,7.48,7.48,7.48,0,0,1,1.0,6000,Prima de estrés,0.0,6.35,Variable
agroindustry_seasonal,full_spot_exposure,MINA 60,1,6.91,6.91,6.91,0,0,1,1.0,6000,Prima de estrés,0.0,5.87,Variable
agroindustry_seasonal,full_spot_exposure,HUARANGO 60,1,6.39,6.39,6.39,0,0,1,1.0,6000,Prima de estrés,0.0,5.43,Variable
agroindustry_seasonal,full_spot_exposure,LOMAS 60,1,6.39,6.39,6.39,0,0,1,1.0,6000,Prima de estrés,0.0,5.43,Variable
agroindustry_seasonal,hedged_10pct_spot,PLANTAETANOL 60,36,54.47,63.58,68.17,0,2,0,0.1,6000,Nivel de precio,0.056,51.46,Estable
agroindustry_seasonal,hedged_10pct_spot,HUAYLLACHO 15,36,54.1,64.04,67.16,0,3,0,0.1,6000,Nivel de precio,0.083,51.68,Estable
agroindustry_seasonal,hedged_10pct_spot,ZORRITOS 220,36,54.02,63.9,68.16,0,2,0,0.1,6000,Nivel de precio,0.056,51.34,Estable
agroindustry_seasonal,hedged_10pct_spot,SAN IGNACIO 15,36,53.89,63.75,66.85,0,2,0,0.1,6000,Nivel de precio,0.056,51.05,Estable
agroindustry_seasonal,hedged_10pct_spot,SAN ANTONIO 15,36,53.87,63.75,66.85,0,2,0,0.1,6000,Nivel de precio,0.056,51.04,Estable
agroindustry_seasonal,hedged_10pct_spot,NCTUMBES60,36,53.84,64.06,67.61,0,2,0,0.1,6000,Nivel de precio,0.056,51.22,Estable
agroindustry_seasonal,hedged_10pct_spot,GE1 33,36,52.99,62.65,67.85,0,1,0,0.1,6000,Nivel de precio,0.028,50.1,Estable
agroindustry_seasonal,hedged_10pct_spot,MISAPUQUIO 33,36,52.85,62.95,66.33,0,1,0,0.1,6000,Nivel de precio,0.028,49.89,Estable
agroindustry_seasonal,hedged_10pct_spot,TINTAYA EXISTENTE 138,36,52.65,62.62,66.12,0,1,0,0.1,6000,Nivel de precio,0.028,49.68,Estable
agroindustry_seasonal,hedged_10pct_spot,PIURA OESTE 220,36,52.54,62.28,67.28,0,1,0,0.1,6000,Nivel de precio,0.028,49.72,Estable
agroindustry_seasonal,hedged_10pct_spot,TALARA 220,36,52.54,61.9,67.55,0,1,0,0.1,6000,Nivel de precio,0.028,49.67,Estable
agroindustry_seasonal,hedged_10pct_spot,TINTAYA NUEVA 220,36,52.33,62.36,65.72,0,1,0,0.1,6000,Nivel de precio,0.028,49.42,Estable
agroindustry_seasonal,hedged_10pct_spot,TALARA13.2,36,52.29,62.13,67.78,0,1,0,0.1,6000,Nivel de precio,0.028,49.65,Estable
agroindustry_seasonal,hedged_10pct_spot,GALLITO CIEGO 60,36,51.93,61.29,63.74,0,0,0,0.1,6000,Nivel de precio,0.0,48.25,Estable
agroindustry_seasonal,hedged_10pct_spot,BELAUNDE 138,36,51.79,61.0,64.29,0,0,0,0.1,6000,Nivel de precio,0.0,48.2,Estable
agroindustry_seasonal,hedged_10pct_spot,VALLE DEL CHIRA 220,14,50.24,60.09,65.92,0,1,0,0.1,6000,Nivel de precio,0.071,48.59,Estable
agroindustry_seasonal,hedged_10pct_spot,PARIAC 66,36,49.13,58.69,63.06,0,0,0,0.1,6000,Nivel de precio,0.0,46.24,Estable
agroindustry_seasonal,hedged_10pct_spot,JULIACA10,36,47.79,57.61,61.1,0,0,0,0.1,6000,Nivel de precio,0.0,45.07,Estable
agroindustry_seasonal,hedged_10pct_spot,JAEN 138,24,46.9,57.67,60.93,0,0,0,0.1,6000,Nivel de precio,0.0,44.66,Estable
agroindustry_seasonal,hedged_10pct_spot,TOCACHE 138,36,44.38,53.64,58.67,0,0,0,0.1,6000,Nivel de precio,0.0,42.18,Estable
agroindustry_seasonal,hedged_10pct_spot,JULIACA 138,36,43.25,53.3,56.55,0,0,0,0.1,6000,Nivel de precio,0.0,41.27,Estable
agroindustry_seasonal,hedged_10pct_spot,GUADALUPE 60,36,42.82,51.3,53.49,0,0,0,0.1,6000,Nivel de precio,0.0,40.12,Estable
agroindustry_seasonal,hedged_10pct_spot,CALLALLI 138,36,42.72,52.91,56.75,0,0,0,0.1,6000,Nivel de precio,0.0,40.96,Estable
agroindustry_seasonal,hedged_10pct_spot,PLANTA CASA GRANDE 13.8,1,42.71,42.71,42.71,0,0,0,0.1,6000,Nivel de precio,0.0,36.3,Sensible
agroindustry_seasonal,hedged_10pct_spot,LA BREA 220,21,42.37,53.08,59.74,0,0,0,0.1,6000,Nivel de precio,0.0,41.3,Estable
agroindustry_seasonal,hedged_10pct_spot,ILO1 138,36,41.21,50.08,53.89,0,0,0,0.1,6000,Nivel de precio,0.0,39.15,Estable
agroindustry_seasonal,hedged_10pct_spot,AYAVIRI 138,36,40.96,51.73,54.94,0,0,0,0.1,6000,Nivel de precio,0.0,39.61,Estable
agroindustry_seasonal,hedged_10pct_spot,TOQUEPALA 138,36,40.95,49.87,53.81,0,0,0,0.1,6000,Nivel de precio,0.0,38.97,Estable
agroindustry_seasonal,hedged_10pct_spot,PUNO 138,36,40.89,50.93,54.35,0,0,0,0.1,6000,Nivel de precio,0.0,39.29,Estable
agroindustry_seasonal,hedged_10pct_spot,ILO ELP 138,36,40.67,49.57,53.39,0,0,0,0.1,6000,Nivel de precio,0.0,38.7,Estable
agroindustry_seasonal,hedged_10pct_spot,CHICLAYO 220,36,40.63,49.94,51.55,0,0,0,0.1,6000,Nivel de precio,0.0,38.5,Estable
agroindustry_seasonal,hedged_10pct_spot,PUNO 220,36,40.47,50.72,53.91,0,0,0,0.1,6000,Nivel de precio,0.0,38.98,Estable
agroindustry_seasonal,hedged_10pct_spot,PUERTO MALDONADO 10,36,40.26,52.94,57.03,0,0,0,0.1,6000,Nivel de precio,0.0,39.9,Estable
agroindustry_seasonal,hedged_10pct_spot,ARICOTA2 138,36,40.25,49.06,53.08,0,0,0,0.1,6000,Nivel de precio,0.0,38.34,Estable
agroindustry_seasonal,hedged_10pct_spot,CT ETEN 220,36,40.22,49.56,51.42,0,0,0,0.1,6000,Nivel de precio,0.0,38.2,Estable
agroindustry_seasonal,hedged_10pct_spot,RECKA 220,36,40.2,49.54,51.15,0,0,0,0.1,6000,Nivel de precio,0.0,38.15,Estable
agroindustry_seasonal,hedged_10pct_spot,ETEN 18,36,40.15,49.37,51.25,0,0,0,0.1,6000,Nivel de precio,0.0,38.1,Estable
agroindustry_seasonal,hedged_10pct_spot,RECKA 18,36,40.13,49.54,51.02,0,0,0,0.1,6000,Nivel de precio,0.0,38.1,Estable
agroindustry_seasonal,hedged_10pct_spot,BOTIFLACA 138,36,40.02,48.77,52.9,0,0,0,0.1,6000,Nivel de precio,0.0,38.14,Estable
agroindustry_seasonal,hedged_10pct_spot,MOLLENDO 138,36,39.91,50.32,54.21,0,0,0,0.1,6000,Nivel de precio,0.0,38.67,Estable
agroindustry_seasonal,hedged_10pct_spot,LA NIÑA 220,36,39.89,48.96,51.39,0,0,0,0.1,6000,Nivel de precio,0.0,37.9,Estable
agroindustry_seasonal,hedged_10pct_spot,CHILINA 33,36,39.86,50.1,52.67,0,0,0,0.1,6000,Nivel de precio,0.0,38.36,Estable
agroindustry_seasonal,hedged_10pct_spot,PUERTO MALDONADO 138,36,39.82,51.91,57.11,0,0,0,0.1,6000,Nivel de precio,0.0,39.46,Estable
agroindustry_seasonal,hedged_10pct_spot,ARICOTA 66,36,39.82,48.32,52.64,0,0,0,0.1,6000,Nivel de precio,0.0,37.89,Estable
agroindustry_seasonal,hedged_10pct_spot,CACLIC 220,36,39.81,49.14,51.55,0,0,0,0.1,6000,Nivel de precio,0.0,37.93,Estable
agroindustry_seasonal,hedged_10pct_spot,AZANGARO 138,36,39.66,50.5,53.98,0,0,0,0.1,6000,Nivel de precio,0.0,38.57,Estable
agroindustry_seasonal,hedged_10pct_spot,PUCALLPA 60,36,39.4,48.58,54.54,0,0,0,0.1,6000,Nivel de precio,0.0,38.06,Estable
agroindustry_seasonal,hedged_10pct_spot,CT PLANTA PUCALLPA 60,36,39.35,48.53,54.42,0,0,0,0.1,6000,Nivel de precio,0.0,38.0,Estable
agroindustry_seasonal,hedged_10pct_spot,ARICOTA1 66,36,39.26,47.77,51.64,0,0,0,0.1,6000,Nivel de precio,0.0,37.35,Variable
agroindustry_seasonal,hedged_10pct_spot,LOS HEROES 66,36,39.23,47.3,51.66,0,0,0,0.1,6000,Nivel de precio,0.0,37.23,Variable
agroindustry_seasonal,hedged_10pct_spot,GUADALUPE 220,36,39.16,47.78,50.69,0,0,0,0.1,6000,Nivel de precio,0.0,37.17,Estable
agroindustry_seasonal,hedged_10pct_spot,CHILINA 138,36,39.14,48.07,52.55,0,0,0,0.1,6000,Nivel de precio,0.0,37.51,Variable
agroindustry_seasonal,hedged_10pct_spot,COMBAPATA 138,36,39.06,49.5,51.9,0,0,0,0.1,6000,Nivel de precio,0.0,37.73,Estable
agroindustry_seasonal,hedged_10pct_spot,REPARTICIÓN 138,36,39.0,48.94,53.11,0,0,0,0.1,6000,Nivel de precio,0.0,37.75,Estable
agroindustry_seasonal,hedged_10pct_spot,CUTERVO 138,36,38.98,48.73,50.84,0,0,0,0.1,6000,Nivel de precio,0.0,37.35,Estable
agroindustry_seasonal,hedged_10pct_spot,PUCALLPA 138,36,38.89,47.67,53.86,0,0,0,0.1,6000,Nivel de precio,0.0,37.5,Estable
agroindustry_seasonal,hedged_10pct_spot,LOS HEROES 220,36,38.69,46.12,50.93,0,0,0,0.1,6000,Nivel de precio,0.0,36.58,Variable
agroindustry_seasonal,hedged_10pct_spot,CERRO VERDE 138,36,38.38,47.08,51.12,0,0,0,0.1,6000,Nivel de precio,0.0,36.71,Variable
agroindustry_seasonal,hedged_10pct_spot,AGROLMOS 60,6,38.16,47.47,49.92,0,0,0,0.1,6000,Nivel de precio,0.0,36.53,Variable
agroindustry_seasonal,hedged_10pct_spot,MOQUEGUA 138,36,37.91,45.64,50.08,0,0,0,0.1,6000,Nivel de precio,0.0,35.98,Variable
agroindustry_seasonal,hedged_10pct_spot,PLANTA SAN JACINTO 13.8,36,37.82,46.86,49.79,0,0,0,0.1,6000,Nivel de precio,0.0,36.2,Variable
agroindustry_seasonal,hedged_10pct_spot,CAJAMARCA 220,36,37.67,47.07,49.56,0,0,0,0.1,6000,Nivel de precio,0.0,36.15,Variable
agroindustry_seasonal,hedged_10pct_spot,SANTUARIO 138,36,37.65,46.77,51.16,0,0,0,0.1,6000,Nivel de precio,0.0,36.31,Variable
agroindustry_seasonal,hedged_10pct_spot,MOQUEGUA 220,36,37.56,45.6,49.53,0,0,0,0.1,6000,Nivel de precio,0.0,35.73,Variable
agroindustry_seasonal,hedged_10pct_spot,SOCABAYA 138,36,37.4,46.42,50.45,0,0,0,0.1,6000,Nivel de precio,0.0,36.0,Variable
agroindustry_seasonal,hedged_10pct_spot,TRUJILLO 220,36,37.26,46.46,49.99,0,0,0,0.1,6000,Nivel de precio,0.0,35.88,Variable
agroindustry_seasonal,hedged_10pct_spot,ILO2 220,36,37.26,45.41,49.26,0,0,0,0.1,6000,Nivel de precio,0.0,35.51,Variable
agroindustry_seasonal,hedged_10pct_spot,CHARCANI VI 33,36,37.05,45.11,47.8,0,0,0,0.1,6000,Nivel de precio,0.0,35.12,Variable
agroindustry_seasonal,hedged_10pct_spot,SOCABAYA 220,36,37.01,45.8,49.7,0,0,0,0.1,6000,Nivel de precio,0.0,35.56,Variable
agroindustry_seasonal,hedged_10pct_spot,CARHUAQUERO 220,36,36.91,47.46,49.34,0,0,0,0.1,6000,Nivel de precio,0.0,35.87,Variable
agroindustry_seasonal,hedged_10pct_spot,MONTALVO 220,36,36.62,44.37,49.03,0,0,0,0.1,6000,Nivel de precio,0.0,34.93,Variable
agroindustry_seasonal,hedged_10pct_spot,HUALLIN60,21,36.45,48.43,51.98,0,0,0,0.1,6000,Nivel de precio,0.0,36.31,Sensible
agroindustry_seasonal,hedged_10pct_spot,AUCAYACU 138,36,36.21,46.47,52.64,0,0,0,0.1,6000,Nivel de precio,0.0,35.81,Variable
agroindustry_seasonal,hedged_10pct_spot,S.E. ILO4 500,36,35.94,43.9,47.77,0,0,0,0.1,6000,Nivel de precio,0.0,34.31,Variable
agroindustry_seasonal,hedged_10pct_spot,BIOENERGIA 13.8,36,35.85,46.99,56.89,0,0,0,0.1,6000,Nivel de precio,0.0,36.41,Variable
agroindustry_seasonal,hedged_10pct_spot,RUBI 220,33,35.59,43.89,48.79,0,0,0,0.1,6000,Volatilidad,0.0,34.31,Variable
agroindustry_seasonal,hedged_10pct_spot,CHIMBOTE1 138,36,35.54,45.58,49.24,0,0,0,0.1,6000,Nivel de precio,0.0,34.77,Variable
agroindustry_seasonal,hedged_10pct_spot,CHAPARRAL 138,18,35.5,43.72,45.59,0,0,0,0.1,6000,Volatilidad,0.0,33.75,Variable
agroindustry_seasonal,hedged_10pct_spot,DUNA HUAMBOS 34.5,31,35.44,47.37,50.03,0,0,0,0.1,6000,Nivel de precio,0.0,35.3,Variable
agroindustry_seasonal,hedged_10pct_spot,SAN JOSE 500,36,35.37,43.29,47.15,0,0,0,0.1,6000,Nivel de precio,0.0,33.81,Variable
agroindustry_seasonal,hedged_10pct_spot,PUERTO BRAVO 500,36,35.24,43.29,46.72,0,0,0,0.1,6000,Nivel de precio,0.0,33.69,Variable
agroindustry_seasonal,hedged_10pct_spot,PUERTO BRAVO 18,36,35.14,43.25,46.6,0,0,0,0.1,6000,Nivel de precio,0.0,33.61,Variable
agroindustry_seasonal,hedged_10pct_spot,LA RAMADA 220,36,35.11,45.67,48.34,0,0,0,0.1,6000,Nivel de precio,0.0,34.47,Variable
agroindustry_seasonal,hedged_10pct_spot,CHIMBOTE1 220,36,34.94,45.32,49.5,0,0,0,0.1,6000,Nivel de precio,0.0,34.48,Variable
agroindustry_seasonal,hedged_10pct_spot,CARHUAQUERO 10_S,24,34.56,46.54,49.73,0,0,0,0.1,6000,Nivel de precio,0.0,34.65,Variable
agroindustry_seasonal,hedged_10pct_spot,QUENCORO 138,36,34.53,45.32,49.34,0,0,0,0.1,6000,Nivel de precio,0.0,34.27,Variable
agroindustry_seasonal,hedged_10pct_spot,CHARCANI I 33,36,34.43,43.59,46.69,0,0,0,0.1,6000,Nivel de precio,0.0,33.4,Variable
agroindustry_seasonal,hedged_10pct_spot,DOLORESPATA 138,36,34.32,45.03,49.21,0,0,0,0.1,6000,Nivel de precio,0.0,34.08,Variable
agroindustry_seasonal,hedged_10pct_spot,QUITARACSA 220,36,33.65,44.66,47.68,0,0,0,0.1,6000,Nivel de precio,0.0,33.46,Variable
agroindustry_seasonal,hedged_10pct_spot,MAZUCO138,36,33.58,48.38,54.81,0,0,0,0.1,6000,Volatilidad,0.0,35.43,Variable
agroindustry_seasonal,hedged_10pct_spot,CACHIMAYO 138,36,33.23,43.99,48.72,0,0,0,0.1,6000,Nivel de precio,0.0,33.26,Variable
agroindustry_seasonal,hedged_10pct_spot,ZAÑA 60,36,32.92,43.5,52.19,0,0,0,0.1,6000,Nivel de precio,0.0,33.52,Variable
agroindustry_seasonal,hedged_10pct_spot,SAN NICOLAS 13.8,36,32.91,40.95,53.13,0,0,0,0.1,6000,Prima de estrés,0.0,33.02,Variable
agroindustry_seasonal,hedged_10pct_spot,AGUAYTIA 138,36,32.53,45.14,48.14,0,0,0,0.1,6000,Nivel de precio,0.0,33.15,Variable
agroindustry_seasonal,hedged_10pct_spot,TINGO MARIA 138,36,32.43,44.15,46.93,0,0,0,0.1,6000,Nivel de precio,0.0,32.67,Variable
agroindustry_seasonal,hedged_10pct_spot,AGUAYTIA 22.9,36,32.18,45.0,47.49,0,0,0,0.1,6000,Nivel de precio,0.0,32.86,Variable
agroindustry_seasonal,hedged_10pct_spot,PURMACANA 20,36,32.04,43.23,48.84,0,0,0,0.1,6000,Nivel de precio,0.0,32.55,Variable
agroindustry_seasonal,hedged_10pct_spot,SAN MARTIN 220,9,31.94,36.73,38.75,0,0,0,0.1,6000,Volatilidad,0.0,29.37,Variable
agroindustry_seasonal,hedged_10pct_spot,AGUAYTIA 220,36,31.92,44.85,47.36,0,0,0,0.1,6000,Nivel de precio,0.0,32.68,Variable
agroindustry_seasonal,hedged_10pct_spot,PAQUILLUSI 220,9,31.44,39.05,45.06,0,0,0,0.1,6000,Volatilidad,0.0,30.67,Variable
agroindustry_seasonal,hedged_10pct_spot,CHARCANI IV 33,36,31.32,42.52,45.64,0,0,0,0.1,6000,Ventanas críticas,0.0,31.57,Variable
agroindustry_seasonal,hedged_10pct_spot,HUALLANCA 138,36,31.31,43.68,47.0,0,0,0,0.1,6000,Nivel de precio,0.0,32.06,Variable
agroindustry_seasonal,hedged_10pct_spot,COTARUSE 220,36,31.03,40.71,47.46,0,0,0,0.1,6000,Ventanas críticas,0.0,31.26,Variable
agroindustry_seasonal,hedged_10pct_spot,HUANUCO 138,36,30.63,41.33,45.62,0,0,0,0.1,6000,Nivel de precio,0.0,30.96,Variable
agroindustry_seasonal,hedged_10pct_spot,PIEDRA BLANCA 34.5,36,29.88,40.64,45.74,0,0,0,0.1,6000,Nivel de precio,0.0,30.47,Variable
agroindustry_seasonal,hedged_10pct_spot,TUPURI 22.9,36,29.79,45.56,52.37,0,0,0,0.1,6000,Ventanas críticas,0.0,32.65,Variable
agroindustry_seasonal,hedged_10pct_spot,SAN GABAN 138,36,29.76,45.02,51.42,0,0,0,0.1,6000,Ventanas críticas,0.0,32.36,Variable
agroindustry_seasonal,hedged_10pct_spot,SUNNY 220,4,29.7,34.97,35.61,0,0,0,0.1,6000,Volatilidad,0.0,27.45,Variable
agroindustry_seasonal,hedged_10pct_spot,PARAMONGA NUEVA 220,36,29.35,37.88,48.06,0,0,0,0.1,6000,Ventanas críticas,0.0,29.88,Variable
agroindustry_seasonal,hedged_10pct_spot,VIZCARRA 220,36,29.23,40.2,47.47,0,0,0,0.1,6000,Ventanas críticas,0.0,30.32,Variable
agroindustry_seasonal,hedged_10pct_spot,PARAMONGA NUEVA 138,36,29.13,37.63,48.32,0,0,0,0.1,6000,Ventanas críticas,0.0,29.77,Variable
agroindustry_seasonal,hedged_10pct_spot,PARAMONGA EXISTENTE 138,36,29.0,37.75,48.34,0,0,0,0.1,6000,Ventanas críticas,0.0,29.74,Variable
agroindustry_seasonal,hedged_10pct_spot,OQUENDO 60,36,28.9,36.73,46.9,0,0,0,0.1,6000,Ventanas críticas,0.0,29.22,Variable
agroindustry_seasonal,hedged_10pct_spot,MEDIO MUNDO 220,36,28.71,36.91,48.57,0,0,0,0.1,6000,Ventanas críticas,0.0,29.43,Variable
agroindustry_seasonal,hedged_10pct_spot,PACHACHACA50,36,28.28,37.35,41.56,0,0,0,0.1,6000,Ventanas críticas,0.0,28.3,Variable
agroindustry_seasonal,hedged_10pct_spot,SANTIAGO DE CAO 138,1,27.85,27.85,27.85,0,0,0,0.1,6000,Prima de estrés,0.0,23.68,Sensible
agroindustry_seasonal,hedged_10pct_spot,MARCONA 220,36,27.59,35.05,42.46,0,0,0,0.1,6000,Ventanas críticas,0.0,27.55,Variable
agroindustry_seasonal,hedged_10pct_spot,POROMA 220,36,27.54,34.47,42.02,0,0,0,0.1,6000,Ventanas críticas,0.0,27.31,Variable
agroindustry_seasonal,hedged_10pct_spot,LOMERA 220,36,27.08,34.06,43.87,0,0,0,0.1,6000,Ventanas críticas,0.0,27.28,Variable
agroindustry_seasonal,hedged_10pct_spot,HUACHO 220,36,26.94,35.52,42.02,0,0,0,0.1,6000,Ventanas críticas,0.0,27.3,Variable
agroindustry_seasonal,hedged_10pct_spot,SANTA TERESA 220,36,26.33,37.82,45.56,0,0,0,0.1,6000,Ventanas críticas,0.0,28.14,Variable
agroindustry_seasonal,hedged_10pct_spot,CHAVARRIA 220,36,26.19,31.72,45.97,0,0,0,0.1,6000,Ventanas críticas,0.0,26.61,Variable
agroindustry_seasonal,hedged_10pct_spot,ZAPALLAL 220,36,26.14,31.75,45.41,0,0,0,0.1,6000,Ventanas críticas,0.0,26.51,Variable
agroindustry_seasonal,hedged_10pct_spot,MARCONA 60,27,25.95,31.99,36.41,0,0,2,0.1,6000,Ventanas críticas,0.0,25.14,Variable
agroindustry_seasonal,hedged_10pct_spot,VENTANILLA 220,36,25.83,31.28,45.51,0,0,0,0.1,6000,Ventanas críticas,0.0,26.27,Variable
agroindustry_seasonal,hedged_10pct_spot,CARABAYLLO 220,36,25.81,31.49,45.18,0,0,0,0.1,6000,Ventanas críticas,0.0,26.26,Variable
agroindustry_seasonal,hedged_10pct_spot,ICA 220,36,25.47,32.99,43.41,0,0,0,0.1,6000,Ventanas críticas,0.0,26.22,Variable
agroindustry_seasonal,hedged_10pct_spot,INDEPENDENCIA 60,36,25.25,30.96,43.74,0,0,0,0.1,6000,Ventanas críticas,0.0,25.66,Variable
agroindustry_seasonal,hedged_10pct_spot,CT PISCO 60,36,25.25,30.96,43.74,0,0,0,0.1,6000,Ventanas críticas,0.0,25.66,Variable
agroindustry_seasonal,hedged_10pct_spot,FLAMENCO 220,26,25.14,31.09,35.65,0,0,0,0.1,6000,Ventanas críticas,0.0,24.43,Variable
agroindustry_seasonal,hedged_10pct_spot,INDUSTRIALES 220,36,25.13,30.94,42.2,0,0,0,0.1,6000,Ventanas críticas,0.0,25.37,Variable
agroindustry_seasonal,hedged_10pct_spot,CAJAMARQUILLA 220,36,25.03,30.28,44.62,0,0,0,0.1,6000,Ventanas críticas,0.0,25.53,Variable
agroindustry_seasonal,hedged_10pct_spot,ERSUR 220,26,24.77,29.97,34.96,0,0,0,0.1,6000,Ventanas críticas,0.0,23.88,Variable
agroindustry_seasonal,hedged_10pct_spot,CT INDEPENDENCIA 60,36,24.76,30.34,43.26,0,0,0,0.1,6000,Ventanas críticas,0.0,25.22,Variable
agroindustry_seasonal,hedged_10pct_spot,NAZCA NUEVA 220,23,24.76,27.95,34.59,0,0,0,0.1,6000,Ventanas críticas,0.0,23.32,Variable
agroindustry_seasonal,hedged_10pct_spot,CHEVES 220,36,24.62,33.07,41.26,0,0,0,0.1,6000,Ventanas críticas,0.0,25.53,Variable
agroindustry_seasonal,hedged_10pct_spot,PLANICIE 220,36,24.62,30.43,32.32,0,0,0,0.1,6000,Ventanas críticas,0.0,23.54,Variable
agroindustry_seasonal,hedged_10pct_spot,MARAÑON 60,36,24.47,35.06,46.89,0,0,0,0.1,6000,Ventanas críticas,0.0,26.81,Variable
agroindustry_seasonal,hedged_10pct_spot,SANTA ROSA 220,36,24.42,30.68,45.92,0,0,0,0.1,6000,Ventanas críticas,0.0,25.55,Variable
agroindustry_seasonal,hedged_10pct_spot,MACHUPICCHU 138,36,24.31,36.8,43.73,0,0,0,0.1,6000,Ventanas críticas,0.0,26.7,Variable
agroindustry_seasonal,hedged_10pct_spot,INDEPENDENCIA 220,36,24.27,29.95,43.47,0,0,0,0.1,6000,Ventanas críticas,0.0,24.93,Variable
agroindustry_seasonal,hedged_10pct_spot,CARAPONGO 220,36,24.25,29.74,44.14,0,0,0,0.1,6000,Ventanas críticas,0.0,24.97,Variable
agroindustry_seasonal,hedged_10pct_spot,HUANCHOR 50,36,24.2,40.11,49.5,0,0,0,0.1,6000,Ventanas críticas,0.0,28.34,Variable
agroindustry_seasonal,hedged_10pct_spot,PARAGSHA2 138,36,24.05,32.93,41.08,0,0,0,0.1,6000,Ventanas críticas,0.0,25.22,Variable
agroindustry_seasonal,hedged_10pct_spot,CHINCHA NUEVA 220,23,23.99,32.15,42.15,0,0,0,0.1,6000,Ventanas críticas,0.0,25.15,Variable
agroindustry_seasonal,hedged_10pct_spot,CHEVES 13.8,36,23.85,32.5,41.04,0,0,0,0.1,6000,Ventanas críticas,0.0,25.01,Variable
agroindustry_seasonal,hedged_10pct_spot,CAHUA138,36,23.45,32.31,48.22,0,0,0,0.1,6000,Ventanas críticas,0.0,25.86,Variable
agroindustry_seasonal,hedged_10pct_spot,PUNTA LOMITAS II,36,22.65,27.36,31.98,0,0,0,0.1,6000,Ventanas críticas,0.0,21.83,Variable
agroindustry_seasonal,hedged_10pct_spot,DESIERTO 220,35,22.63,28.18,41.2,0,0,0,0.1,6000,Ventanas críticas,0.0,23.41,Variable
agroindustry_seasonal,hedged_10pct_spot,PUNTA LOMITAS I,36,22.59,27.5,30.68,0,0,0,0.1,6000,Ventanas críticas,0.0,21.65,Variable
agroindustry_seasonal,hedged_10pct_spot,CANTERA 220,36,22.46,28.13,41.83,0,0,0,0.1,6000,Ventanas críticas,0.0,23.42,Variable
agroindustry_seasonal,hedged_10pct_spot,PARAGSHA2 220,36,22.39,31.75,40.21,0,0,0,0.1,6000,Ventanas críticas,0.0,24.04,Variable
agroindustry_seasonal,hedged_10pct_spot,CALLAHUANCA EDEGEL 220,36,22.37,26.6,34.64,0,0,0,0.1,6000,Ventanas críticas,0.0,21.91,Variable
agroindustry_seasonal,hedged_10pct_spot,HUINCO 220,36,22.26,28.21,43.17,0,0,0,0.1,6000,Ventanas críticas,0.0,23.55,Variable
agroindustry_seasonal,hedged_10pct_spot,HUANZA 220,36,21.92,28.22,41.58,0,0,0,0.1,6000,Ventanas críticas,0.0,23.16,Variable
agroindustry_seasonal,hedged_10pct_spot,HUAMPANI 60,36,21.88,29.7,43.56,0,0,0,0.1,6000,Ventanas críticas,0.0,23.81,Variable
agroindustry_seasonal,hedged_10pct_spot,SAN JUAN 220,36,21.75,27.08,33.18,0,0,0,0.1,6000,Ventanas críticas,0.0,21.54,Variable
agroindustry_seasonal,hedged_10pct_spot,CHILCA500,36,21.53,25.48,31.29,0,0,0,0.1,6000,Ventanas críticas,0.0,20.75,Variable
agroindustry_seasonal,hedged_10pct_spot,POMACOCHA 220,36,21.36,26.76,28.78,0,0,0,0.1,6000,Ventanas críticas,0.0,20.62,Variable
agroindustry_seasonal,hedged_10pct_spot,OROYA NUEVA 220,36,21.27,27.68,29.91,0,0,0,0.1,6000,Ventanas críticas,0.0,20.98,Variable
agroindustry_seasonal,hedged_10pct_spot,OLLEROS 500,36,21.23,25.83,30.66,0,0,0,0.1,6000,Ventanas críticas,0.0,20.61,Variable
agroindustry_seasonal,hedged_10pct_spot,SANTA ANA 138,6,21.17,26.42,29.62,0,0,0,0.1,6000,Ventanas críticas,0.0,20.57,Variable
agroindustry_seasonal,hedged_10pct_spot,PACHACHACA 220,36,20.94,26.1,29.34,0,0,0,0.1,6000,Ventanas críticas,0.0,20.35,Variable
agroindustry_seasonal,hedged_10pct_spot,FENIX 500,36,20.91,24.64,31.46,0,0,0,0.1,6000,Ventanas críticas,0.0,20.29,Variable
agroindustry_seasonal,hedged_10pct_spot,CARHUAMAYO 138,36,20.89,29.47,32.99,0,0,0,0.1,6000,Ventanas críticas,0.0,21.72,Variable
agroindustry_seasonal,hedged_10pct_spot,CHIRIBAMBA 220,22,20.74,25.65,33.2,0,0,0,0.1,6000,Ventanas críticas,0.0,20.72,Variable
agroindustry_seasonal,hedged_10pct_spot,MATUCANA 220,36,20.56,24.88,33.37,0,0,0,0.1,6000,Ventanas críticas,0.0,20.48,Variable
agroindustry_seasonal,hedged_10pct_spot,ALTO PRADERAS 220,36,20.53,25.98,38.46,0,0,0,0.1,6000,Ventanas críticas,0.0,21.5,Variable
agroindustry_seasonal,hedged_10pct_spot,YANANGO 220,36,20.39,25.65,31.0,0,0,0,0.1,6000,Ventanas críticas,0.0,20.24,Variable
agroindustry_seasonal,hedged_10pct_spot,ASIA 220,36,20.35,26.26,41.18,0,0,0,0.1,6000,Ventanas críticas,0.0,21.9,Variable
agroindustry_seasonal,hedged_10pct_spot,CS COENERGY 22.9,1,20.27,20.27,20.27,0,0,0,0.1,6000,Volatilidad,0.0,17.23,Variable
agroindustry_seasonal,hedged_10pct_spot,MOYOPAMPA 60,36,20.17,25.87,29.71,0,0,0,0.1,6000,Ventanas críticas,0.0,20.0,Variable
agroindustry_seasonal,hedged_10pct_spot,SANTA ISABEL 220,36,20.01,28.55,32.69,0,0,0,0.1,6000,Ventanas críticas,0.0,21.05,Variable
agroindustry_seasonal,hedged_10pct_spot,OROYA NUEVA 50,36,19.67,26.66,30.95,0,0,0,0.1,6000,Ventanas críticas,0.0,20.16,Variable
agroindustry_seasonal,hedged_10pct_spot,CHAGLLA 220,36,19.31,29.49,31.6,0,0,0,0.1,6000,Ventanas críticas,0.0,20.8,Variable
agroindustry_seasonal,hedged_10pct_spot,CONDORCOCHA 44,36,19.22,26.81,31.92,0,0,0,0.1,6000,Ventanas críticas,0.0,20.14,Variable
agroindustry_seasonal,hedged_10pct_spot,CONDORCOCHA 138,36,18.88,26.3,31.82,0,0,0,0.1,6000,Ventanas críticas,0.0,19.85,Variable
agroindustry_seasonal,hedged_10pct_spot,CARIPA 138,36,18.6,25.88,31.13,0,0,0,0.1,6000,Ventanas críticas,0.0,19.51,Variable
agroindustry_seasonal,hedged_10pct_spot,CHILCA UNO 220,36,18.42,23.36,27.04,0,0,0,0.1,6000,Ventanas críticas,0.0,18.19,Variable
agroindustry_seasonal,hedged_10pct_spot,CHIMAY 220,36,18.41,23.57,28.55,0,0,0,0.1,6000,Ventanas críticas,0.0,18.46,Variable
agroindustry_seasonal,hedged_10pct_spot,HUAYUCACHI 220,36,18.34,22.83,26.96,0,0,0,0.1,6000,Ventanas críticas,0.0,18.01,Variable
agroindustry_seasonal,hedged_10pct_spot,CH OROYA 50,36,18.19,24.0,29.88,0,0,0,0.1,6000,Ventanas críticas,0.0,18.67,Variable
agroindustry_seasonal,hedged_10pct_spot,HUANCAVELICA 220,36,18.0,22.23,28.26,0,0,0,0.1,6000,Ventanas críticas,0.0,17.9,Variable
agroindustry_seasonal,hedged_10pct_spot,YAUPI 138,36,17.84,25.46,32.28,0,0,0,0.1,6000,Ventanas críticas,0.0,19.24,Variable
agroindustry_seasonal,hedged_10pct_spot,LAS FLORES 220,36,17.82,22.47,26.86,0,0,0,0.1,6000,Ventanas críticas,0.0,17.67,Variable
agroindustry_seasonal,hedged_10pct_spot,CALLAHUANCA 60,36,17.61,23.45,32.45,0,0,0,0.1,6000,Ventanas críticas,0.0,18.65,Variable
agroindustry_seasonal,hedged_10pct_spot,CHILCA DOS 13.8,36,17.51,23.14,25.93,0,0,0,0.1,6000,Ventanas críticas,0.0,17.55,Variable
agroindustry_seasonal,hedged_10pct_spot,CERRO DEL AGUILA 220,36,17.41,22.86,25.97,0,0,0,0.1,6000,Ventanas críticas,0.0,17.45,Variable
agroindustry_seasonal,hedged_10pct_spot,YAUPI13.8,36,17.04,24.26,31.6,0,0,0,0.1,6000,Ventanas críticas,0.0,18.48,Variable
agroindustry_seasonal,hedged_10pct_spot,LA VIRGEN 138,36,17.03,24.17,29.86,0,0,0,0.1,6000,Ventanas críticas,0.0,18.19,Variable
agroindustry_seasonal,hedged_10pct_spot,CHILCA REP 220,36,16.99,22.6,26.06,0,0,0,0.1,6000,Ventanas críticas,0.0,17.2,Variable
agroindustry_seasonal,hedged_10pct_spot,YARUCAYA 13.8,36,16.24,21.34,33.24,0,0,0,0.1,6000,Ventanas críticas,0.0,17.63,Variable
agroindustry_seasonal,hedged_10pct_spot,CAMPO ARMIÑO 220,36,15.55,19.58,21.77,0,0,0,0.1,6000,Ventanas críticas,0.0,15.16,Variable
agroindustry_seasonal,hedged_10pct_spot,MALPASO 50,36,15.52,20.62,25.97,0,0,0,0.1,6000,Ventanas críticas,0.0,16.04,Variable
agroindustry_seasonal,hedged_10pct_spot,CORACORA 60,4,15.13,23.6,28.01,0,0,4,0.1,6000,Prima de estrés,0.0,16.91,Variable
agroindustry_seasonal,hedged_10pct_spot,RESTITUCIÓN 220,36,15.07,19.01,21.11,0,0,0,0.1,6000,Ventanas críticas,0.0,14.7,Variable
agroindustry_seasonal,hedged_10pct_spot,NAZCA 22.9,4,14.72,23.14,27.63,0,0,4,0.1,6000,Prima de estrés,0.0,16.55,Variable
agroindustry_seasonal,hedged_10pct_spot,LLIPATA 60,4,14.18,22.69,27.5,0,0,4,0.1,6000,Prima de estrés,0.0,16.18,Variable
agroindustry_seasonal,hedged_10pct_spot,PLATANAL 220,36,13.85,18.24,20.19,0,0,0,0.1,6000,Ventanas críticas,0.0,13.82,Variable
agroindustry_seasonal,hedged_10pct_spot,ALTO LA LUNA 10,14,11.85,17.07,18.79,0,0,11,0.1,6000,Prima de estrés,0.0,12.42,Variable
agroindustry_seasonal,hedged_10pct_spot,ALTO LA LUNA 60,14,11.55,16.58,18.22,0,0,11,0.1,6000,Prima de estrés,0.0,12.08,Variable
agroindustry_seasonal,hedged_10pct_spot,PISCO 10,14,11.34,16.04,17.91,0,0,11,0.1,6000,Prima de estrés,0.0,11.8,Variable
agroindustry_seasonal,hedged_10pct_spot,VILLACURI 22.9,14,11.26,16.58,18.23,0,0,11,0.1,6000,Prima de estrés,0.0,11.94,Variable
agroindustry_seasonal,hedged_10pct_spot,PARACAS 22,14,11.17,16.22,21.22,0,0,11,0.1,6000,Prima de estrés,0.0,12.26,Variable
agroindustry_seasonal,hedged_10pct_spot,PARACAS 10,14,11.1,15.77,21.39,0,0,11,0.1,6000,Prima de estrés,0.0,12.15,Variable
agroindustry_seasonal,hedged_10pct_spot,TAMBO DE MORA 10,5,10.67,15.16,19.33,0,0,4,0.1,6000,Prima de estrés,0.0,11.49,Variable
agroindustry_seasonal,hedged_10pct_spot,VILLACURI 60,14,10.47,15.12,17.12,0,0,11,0.1,6000,Prima de estrés,0.0,11.06,Variable
agroindustry_seasonal,hedged_10pct_spot,PEDREGAL 10,5,10.18,14.82,18.77,0,0,4,0.1,6000,Prima de estrés,0.0,11.1,Variable
agroindustry_seasonal,hedged_10pct_spot,PUEBLO NUEVO 10,5,9.7,13.22,15.12,0,0,4,0.1,6000,Prima de estrés,0.0,9.94,Variable
agroindustry_seasonal,hedged_10pct_spot,INDEPENDENCIA 10,14,9.55,12.54,19.85,0,0,11,0.1,6000,Prima de estrés,0.0,10.41,Variable
agroindustry_seasonal,hedged_10pct_spot,CHALA 60,1,8.54,8.54,8.54,0,0,1,0.1,6000,Prima de estrés,0.0,7.26,Variable
agroindustry_seasonal,hedged_10pct_spot,BELLA UNION 60,1,8.1,8.1,8.1,0,0,1,0.1,6000,Prima de estrés,0.0,6.89,Variable
agroindustry_seasonal,hedged_10pct_spot,JAHUAY 60,1,7.58,7.58,7.58,0,0,1,0.1,6000,Prima de estrés,0.0,6.45,Variable
agroindustry_seasonal,hedged_10pct_spot,FUNSUR 60,1,7.48,7.48,7.48,0,0,1,0.1,6000,Prima de estrés,0.0,6.35,Variable
agroindustry_seasonal,hedged_10pct_spot,MINA 60,1,6.91,6.91,6.91,0,0,1,0.1,6000,Prima de estrés,0.0,5.87,Variable
agroindustry_seasonal,hedged_10pct_spot,HUARANGO 60,1,6.39,6.39,6.39,0,0,1,0.1,6000,Prima de estrés,0.0,5.43,Variable
agroindustry_seasonal,hedged_10pct_spot,LOMAS 60,1,6.39,6.39,6.39,0,0,1,0.1,6000,Prima de estrés,0.0,5.43,Variable
agroindustry_seasonal,indexed_50pct_spot,PLANTAETANOL 60,36,61.69,71.34,73.72,0,12,0,0.5,6000,Nivel de precio,0.333,61.65,Estable
agroindustry_seasonal,indexed_50pct_spot,HUAYLLACHO 15,36,61.67,72.07,74.64,0,13,0,0.5,6000,Nivel de precio,0.361,62.38,Estable
agroindustry_seasonal,indexed_50pct_spot,SAN IGNACIO 15,36,61.45,71.64,74.31,0,13,0,0.5,6000,Nivel de precio,0.361,62.12,Estable
agroindustry_seasonal,indexed_50pct_spot,SAN ANTONIO 15,36,61.42,71.64,74.31,0,13,0,0.5,6000,Nivel de precio,0.361,62.11,Estable
agroindustry_seasonal,indexed_50pct_spot,ZORRITOS 220,36,61.22,71.49,72.51,0,11,0,0.5,6000,Nivel de precio,0.306,60.88,Estable
agroindustry_seasonal,indexed_50pct_spot,NCTUMBES60,36,61.03,71.57,72.67,0,11,0,0.5,6000,Nivel de precio,0.306,60.84,Estable
agroindustry_seasonal,indexed_50pct_spot,MISAPUQUIO 33,36,60.48,70.86,73.84,0,12,0,0.5,6000,Nivel de precio,0.333,61.01,Estable
agroindustry_seasonal,indexed_50pct_spot,TINTAYA EXISTENTE 138,36,60.16,70.58,73.6,0,12,0,0.5,6000,Nivel de precio,0.333,60.76,Estable
agroindustry_seasonal,indexed_50pct_spot,GE1 33,36,60.15,70.48,71.5,0,11,0,0.5,6000,Nivel de precio,0.306,60.0,Estable
agroindustry_seasonal,indexed_50pct_spot,TINTAYA NUEVA 220,36,59.79,70.0,73.29,0,12,0,0.5,6000,Nivel de precio,0.333,60.4,Estable
agroindustry_seasonal,indexed_50pct_spot,PIURA OESTE 220,36,59.7,69.27,71.99,0,10,0,0.5,6000,Nivel de precio,0.278,59.15,Estable
agroindustry_seasonal,indexed_50pct_spot,TALARA 220,36,59.67,69.3,71.19,0,10,0,0.5,6000,Nivel de precio,0.278,59.02,Estable
agroindustry_seasonal,indexed_50pct_spot,TALARA13.2,36,59.34,69.37,71.31,0,9,0,0.5,6000,Nivel de precio,0.25,58.49,Estable
agroindustry_seasonal,indexed_50pct_spot,GALLITO CIEGO 60,36,59.27,68.72,71.22,0,11,0,0.5,6000,Nivel de precio,0.306,59.12,Estable
agroindustry_seasonal,indexed_50pct_spot,BELAUNDE 138,36,59.18,68.8,71.8,0,12,0,0.5,6000,Nivel de precio,0.333,59.6,Estable
agroindustry_seasonal,indexed_50pct_spot,VALLE DEL CHIRA 220,14,57.71,67.98,69.61,0,3,0,0.5,6000,Nivel de precio,0.214,56.62,Estable
agroindustry_seasonal,indexed_50pct_spot,PARIAC 66,36,56.51,66.97,70.83,0,5,0,0.5,6000,Nivel de precio,0.139,54.88,Estable
agroindustry_seasonal,indexed_50pct_spot,JULIACA10,36,55.14,65.87,68.76,0,7,0,0.5,6000,Nivel de precio,0.194,54.51,Estable
agroindustry_seasonal,indexed_50pct_spot,JAEN 138,24,54.42,64.49,69.41,0,2,0,0.5,6000,Nivel de precio,0.083,52.27,Estable
agroindustry_seasonal,indexed_50pct_spot,TOCACHE 138,36,51.56,60.49,66.24,0,1,0,0.5,6000,Nivel de precio,0.028,48.68,Estable
agroindustry_seasonal,indexed_50pct_spot,JULIACA 138,36,50.56,61.26,64.26,0,0,0,0.5,6000,Nivel de precio,0.0,47.71,Estable
agroindustry_seasonal,indexed_50pct_spot,CALLALLI 138,36,50.19,60.84,64.38,0,0,0,0.5,6000,Nivel de precio,0.0,47.45,Estable
agroindustry_seasonal,indexed_50pct_spot,GUADALUPE 60,36,50.11,58.44,61.13,0,0,0,0.5,6000,Nivel de precio,0.0,46.33,Estable
agroindustry_seasonal,indexed_50pct_spot,LA BREA 220,21,49.09,59.83,63.09,0,0,0,0.5,6000,Nivel de precio,0.0,46.51,Estable
agroindustry_seasonal,indexed_50pct_spot,ILO1 138,36,48.67,57.49,61.57,0,0,0,0.5,6000,Nivel de precio,0.0,45.51,Estable
agroindustry_seasonal,indexed_50pct_spot,PLANTA CASA GRANDE 13.8,1,48.51,48.51,48.51,0,0,0,0.5,6000,Nivel de precio,0.0,41.23,Sensible
agroindustry_seasonal,indexed_50pct_spot,TOQUEPALA 138,36,48.41,56.82,61.49,0,0,0,0.5,6000,Nivel de precio,0.0,45.21,Estable
agroindustry_seasonal,indexed_50pct_spot,AYAVIRI 138,36,48.21,59.67,62.65,0,0,0,0.5,6000,Nivel de precio,0.0,46.01,Estable
agroindustry_seasonal,indexed_50pct_spot,PUNO 138,36,48.19,58.45,62.08,0,0,0,0.5,6000,Nivel de precio,0.0,45.61,Estable
agroindustry_seasonal,indexed_50pct_spot,ILO ELP 138,36,48.11,56.88,60.96,0,0,0,0.5,6000,Nivel de precio,0.0,45.01,Estable
agroindustry_seasonal,indexed_50pct_spot,CHICLAYO 220,36,47.87,56.43,59.19,0,0,0,0.5,6000,Nivel de precio,0.0,44.53,Estable
agroindustry_seasonal,indexed_50pct_spot,PUNO 220,36,47.74,58.12,61.6,0,0,0,0.5,6000,Nivel de precio,0.0,45.25,Estable
agroindustry_seasonal,indexed_50pct_spot,ARICOTA2 138,36,47.68,56.34,60.62,0,0,0,0.5,6000,Nivel de precio,0.0,44.63,Estable
agroindustry_seasonal,indexed_50pct_spot,CT ETEN 220,36,47.45,56.26,58.76,0,0,0,0.5,6000,Nivel de precio,0.0,44.23,Estable
agroindustry_seasonal,indexed_50pct_spot,BOTIFLACA 138,36,47.43,56.03,60.44,0,0,0,0.5,6000,Nivel de precio,0.0,44.42,Estable
agroindustry_seasonal,indexed_50pct_spot,RECKA 220,36,47.43,56.26,58.52,0,0,0,0.5,6000,Nivel de precio,0.0,44.19,Estable
agroindustry_seasonal,indexed_50pct_spot,ETEN 18,36,47.39,56.08,58.64,0,0,0,0.5,6000,Nivel de precio,0.0,44.14,Estable
agroindustry_seasonal,indexed_50pct_spot,RECKA 18,36,47.37,56.2,58.41,0,0,0,0.5,6000,Nivel de precio,0.0,44.13,Estable
agroindustry_seasonal,indexed_50pct_spot,ARICOTA 66,36,47.21,55.88,60.18,0,0,0,0.5,6000,Nivel de precio,0.0,44.24,Estable
agroindustry_seasonal,indexed_50pct_spot,CHILINA 33,36,47.15,57.88,60.21,0,0,0,0.5,6000,Nivel de precio,0.0,44.72,Estable
agroindustry_seasonal,indexed_50pct_spot,LA NIÑA 220,36,47.08,55.84,59.04,0,0,0,0.5,6000,Nivel de precio,0.0,44.0,Estable
agroindustry_seasonal,indexed_50pct_spot,MOLLENDO 138,36,47.0,58.28,61.95,0,0,0,0.5,6000,Nivel de precio,0.0,45.01,Estable
agroindustry_seasonal,indexed_50pct_spot,PUERTO MALDONADO 10,36,46.94,60.65,64.0,0,0,0,0.5,6000,Nivel de precio,0.0,45.88,Estable
agroindustry_seasonal,indexed_50pct_spot,CACLIC 220,36,46.91,56.44,58.83,0,0,0,0.5,6000,Nivel de precio,0.0,44.04,Estable
agroindustry_seasonal,indexed_50pct_spot,AZANGARO 138,36,46.76,58.92,61.75,0,0,0,0.5,6000,Nivel de precio,0.0,45.04,Estable
agroindustry_seasonal,indexed_50pct_spot,ARICOTA1 66,36,46.57,55.15,59.16,0,0,0,0.5,6000,Nivel de precio,0.0,43.62,Variable
agroindustry_seasonal,indexed_50pct_spot,LOS HEROES 66,36,46.53,54.81,59.15,0,0,0,0.5,6000,Nivel de precio,0.0,43.51,Variable
agroindustry_seasonal,indexed_50pct_spot,CHILINA 138,36,46.36,55.9,60.09,0,0,0,0.5,6000,Nivel de precio,0.0,43.85,Variable
agroindustry_seasonal,indexed_50pct_spot,GUADALUPE 220,36,46.31,55.32,57.89,0,0,0,0.5,6000,Nivel de precio,0.0,43.35,Estable
agroindustry_seasonal,indexed_50pct_spot,PUERTO MALDONADO 138,36,46.29,60.02,64.77,0,0,0,0.5,6000,Nivel de precio,0.0,45.55,Estable
agroindustry_seasonal,indexed_50pct_spot,COMBAPATA 138,36,46.19,58.03,59.38,0,0,0,0.5,6000,Nivel de precio,0.0,44.2,Estable
agroindustry_seasonal,indexed_50pct_spot,REPARTICIÓN 138,36,46.12,57.16,60.65,0,0,0,0.5,6000,Nivel de precio,0.0,44.14,Estable
agroindustry_seasonal,indexed_50pct_spot,PUCALLPA 60,36,46.04,54.97,62.03,0,0,0,0.5,6000,Nivel de precio,0.0,43.77,Estable
agroindustry_seasonal,indexed_50pct_spot,CT PLANTA PUCALLPA 60,36,45.99,54.76,61.91,0,0,0,0.5,6000,Nivel de precio,0.0,43.67,Estable
agroindustry_seasonal,indexed_50pct_spot,LOS HEROES 220,36,45.9,54.23,58.41,0,0,0,0.5,6000,Nivel de precio,0.0,42.97,Variable
agroindustry_seasonal,indexed_50pct_spot,CUTERVO 138,36,45.62,55.7,59.51,0,0,0,0.5,6000,Nivel de precio,0.0,43.38,Estable
agroindustry_seasonal,indexed_50pct_spot,CERRO VERDE 138,36,45.53,55.23,58.6,0,0,0,0.5,6000,Nivel de precio,0.0,43.09,Variable
agroindustry_seasonal,indexed_50pct_spot,PUCALLPA 138,36,45.44,54.11,61.31,0,0,0,0.5,6000,Nivel de precio,0.0,43.17,Estable
agroindustry_seasonal,indexed_50pct_spot,MOQUEGUA 138,36,45.04,53.64,57.68,0,0,0,0.5,6000,Nivel de precio,0.0,42.33,Variable
agroindustry_seasonal,indexed_50pct_spot,AGROLMOS 60,6,44.95,54.61,56.82,0,0,0,0.5,6000,Nivel de precio,0.0,42.4,Variable
agroindustry_seasonal,indexed_50pct_spot,SANTUARIO 138,36,44.72,55.0,58.64,0,0,0,0.5,6000,Nivel de precio,0.0,42.67,Variable
agroindustry_seasonal,indexed_50pct_spot,MOQUEGUA 220,36,44.65,53.2,57.16,0,0,0,0.5,6000,Nivel de precio,0.0,41.96,Variable
agroindustry_seasonal,indexed_50pct_spot,SOCABAYA 138,36,44.46,54.12,57.99,0,0,0,0.5,6000,Nivel de precio,0.0,42.24,Variable
agroindustry_seasonal,indexed_50pct_spot,PLANTA SAN JACINTO 13.8,36,44.43,53.49,56.43,0,0,0,0.5,6000,Nivel de precio,0.0,41.83,Variable
agroindustry_seasonal,indexed_50pct_spot,ILO2 220,36,44.31,52.57,56.88,0,0,0,0.5,6000,Nivel de precio,0.0,41.62,Variable
agroindustry_seasonal,indexed_50pct_spot,CAJAMARCA 220,36,44.17,54.47,55.54,0,0,0,0.5,6000,Nivel de precio,0.0,41.83,Variable
agroindustry_seasonal,indexed_50pct_spot,SOCABAYA 220,36,44.03,53.53,57.32,0,0,0,0.5,6000,Nivel de precio,0.0,41.8,Variable
agroindustry_seasonal,indexed_50pct_spot,TRUJILLO 220,36,43.97,52.58,57.04,0,0,0,0.5,6000,Nivel de precio,0.0,41.49,Variable
agroindustry_seasonal,indexed_50pct_spot,CHARCANI VI 33,36,43.95,53.28,55.34,0,0,0,0.5,6000,Nivel de precio,0.0,41.4,Variable
agroindustry_seasonal,indexed_50pct_spot,MONTALVO 220,36,43.63,52.37,56.66,0,0,0,0.5,6000,Nivel de precio,0.0,41.22,Variable
agroindustry_seasonal,indexed_50pct_spot,CARHUAQUERO 220,36,43.19,54.22,56.18,0,0,0,0.5,6000,Nivel de precio,0.0,41.42,Variable
agroindustry_seasonal,indexed_50pct_spot,S.E. ILO4 500,36,42.77,51.11,55.37,0,0,0,0.5,6000,Nivel de precio,0.0,40.33,Variable
agroindustry_seasonal,indexed_50pct_spot,HUALLIN60,21,42.76,54.61,56.87,0,0,0,0.5,6000,Nivel de precio,0.0,41.42,Sensible
agroindustry_seasonal,indexed_50pct_spot,RUBI 220,33,42.3,50.96,56.44,0,0,0,0.5,6000,Volatilidad,0.0,40.24,Variable
agroindustry_seasonal,indexed_50pct_spot,AUCAYACU 138,36,42.07,54.27,57.42,0,0,0,0.5,6000,Nivel de precio,0.0,41.11,Variable
agroindustry_seasonal,indexed_50pct_spot,SAN JOSE 500,36,42.0,50.49,54.61,0,0,0,0.5,6000,Nivel de precio,0.0,39.71,Variable
agroindustry_seasonal,indexed_50pct_spot,PUERTO BRAVO 500,36,41.85,50.47,54.18,0,0,0,0.5,6000,Nivel de precio,0.0,39.58,Variable
agroindustry_seasonal,indexed_50pct_spot,PUERTO BRAVO 18,36,41.74,50.3,54.03,0,0,0,0.5,6000,Nivel de precio,0.0,39.46,Variable
agroindustry_seasonal,indexed_50pct_spot,DUNA HUAMBOS 34.5,31,41.61,53.54,58.76,0,0,0,0.5,6000,Nivel de precio,0.0,40.92,Variable
agroindustry_seasonal,indexed_50pct_spot,BIOENERGIA 13.8,36,41.54,53.42,60.3,0,0,0,0.5,6000,Nivel de precio,0.0,41.09,Variable
agroindustry_seasonal,indexed_50pct_spot,CHAPARRAL 138,18,41.53,51.58,53.64,0,0,0,0.5,6000,Volatilidad,0.0,39.63,Variable
agroindustry_seasonal,indexed_50pct_spot,CHIMBOTE1 138,36,41.43,51.34,55.33,0,0,0,0.5,6000,Nivel de precio,0.0,39.77,Variable
agroindustry_seasonal,indexed_50pct_spot,CARHUAQUERO 10_S,24,41.35,53.98,55.43,0,0,0,0.5,6000,Nivel de precio,0.0,40.42,Variable
agroindustry_seasonal,indexed_50pct_spot,LA RAMADA 220,36,41.06,52.46,53.67,0,0,0,0.5,6000,Nivel de precio,0.0,39.64,Variable
agroindustry_seasonal,indexed_50pct_spot,CHIMBOTE1 220,36,40.63,51.04,55.5,0,0,0,0.5,6000,Nivel de precio,0.0,39.37,Variable
agroindustry_seasonal,indexed_50pct_spot,CHARCANI I 33,36,40.44,51.01,54.85,0,0,0,0.5,6000,Nivel de precio,0.0,39.18,Variable
agroindustry_seasonal,indexed_50pct_spot,QUENCORO 138,36,40.36,52.99,56.18,0,0,0,0.5,6000,Nivel de precio,0.0,39.83,Variable
agroindustry_seasonal,indexed_50pct_spot,DOLORESPATA 138,36,40.09,52.8,56.04,0,0,0,0.5,6000,Nivel de precio,0.0,39.65,Variable
agroindustry_seasonal,indexed_50pct_spot,QUITARACSA 220,36,39.0,50.89,53.56,0,0,0,0.5,6000,Nivel de precio,0.0,38.31,Variable
agroindustry_seasonal,indexed_50pct_spot,CACHIMAYO 138,36,38.67,50.97,55.43,0,0,0,0.5,6000,Nivel de precio,0.0,38.46,Variable
agroindustry_seasonal,indexed_50pct_spot,MAZUCO138,36,38.65,56.31,62.58,0,0,0,0.5,6000,Volatilidad,0.0,40.86,Variable
agroindustry_seasonal,indexed_50pct_spot,SAN NICOLAS 13.8,36,38.18,47.8,60.7,0,0,0,0.5,6000,Prima de estrés,0.0,38.24,Variable
agroindustry_seasonal,indexed_50pct_spot,ZAÑA 60,36,37.78,52.61,57.13,0,0,0,0.5,6000,Nivel de precio,0.0,38.72,Variable
agroindustry_seasonal,indexed_50pct_spot,AGUAYTIA 138,36,37.6,51.14,56.42,0,0,0,0.5,6000,Nivel de precio,0.0,38.17,Variable
agroindustry_seasonal,indexed_50pct_spot,TINGO MARIA 138,36,37.33,49.88,52.68,0,0,0,0.5,6000,Nivel de precio,0.0,37.17,Variable
agroindustry_seasonal,indexed_50pct_spot,AGUAYTIA 22.9,36,37.21,50.98,55.45,0,0,0,0.5,6000,Nivel de precio,0.0,37.81,Variable
agroindustry_seasonal,indexed_50pct_spot,AGUAYTIA 220,36,36.92,50.83,55.05,0,0,0,0.5,6000,Nivel de precio,0.0,37.58,Variable
agroindustry_seasonal,indexed_50pct_spot,PURMACANA 20,36,36.86,48.34,53.92,0,0,0,0.5,6000,Nivel de precio,0.0,36.76,Variable
agroindustry_seasonal,indexed_50pct_spot,SAN MARTIN 220,9,36.81,42.94,44.18,0,0,0,0.5,6000,Volatilidad,0.0,33.93,Variable
agroindustry_seasonal,indexed_50pct_spot,CHARCANI IV 33,36,36.23,48.91,52.65,0,0,0,0.5,6000,Ventanas críticas,0.0,36.43,Variable
agroindustry_seasonal,indexed_50pct_spot,COTARUSE 220,36,35.84,47.26,53.3,0,0,0,0.5,6000,Ventanas críticas,0.0,35.94,Variable
agroindustry_seasonal,indexed_50pct_spot,HUALLANCA 138,36,35.7,48.69,54.03,0,0,0,0.5,6000,Nivel de precio,0.0,36.34,Variable
agroindustry_seasonal,indexed_50pct_spot,PAQUILLUSI 220,9,35.38,46.13,51.63,0,0,0,0.5,6000,Volatilidad,0.0,35.2,Variable
agroindustry_seasonal,indexed_50pct_spot,HUANUCO 138,36,35.14,47.02,51.42,0,0,0,0.5,6000,Nivel de precio,0.0,35.28,Variable
agroindustry_seasonal,indexed_50pct_spot,SUNNY 220,4,34.48,40.07,40.28,0,0,0,0.5,6000,Volatilidad,0.0,31.57,Variable
agroindustry_seasonal,indexed_50pct_spot,PIEDRA BLANCA 34.5,36,34.3,47.07,51.62,0,0,0,0.5,6000,Nivel de precio,0.0,34.94,Variable
agroindustry_seasonal,indexed_50pct_spot,TUPURI 22.9,36,34.24,52.62,59.91,0,0,0,0.5,6000,Ventanas críticas,0.0,37.55,Variable
agroindustry_seasonal,indexed_50pct_spot,SAN GABAN 138,36,34.1,51.66,58.91,0,0,0,0.5,6000,Ventanas críticas,0.0,37.1,Variable
agroindustry_seasonal,indexed_50pct_spot,PARAMONGA NUEVA 220,36,33.61,45.58,53.18,0,0,0,0.5,6000,Ventanas críticas,0.0,34.49,Variable
agroindustry_seasonal,indexed_50pct_spot,PARAMONGA NUEVA 138,36,33.37,45.29,53.44,0,0,0,0.5,6000,Ventanas críticas,0.0,34.36,Variable
agroindustry_seasonal,indexed_50pct_spot,VIZCARRA 220,36,33.28,47.29,54.65,0,0,0,0.5,6000,Ventanas críticas,0.0,35.0,Variable
agroindustry_seasonal,indexed_50pct_spot,OQUENDO 60,36,33.27,44.57,53.58,0,0,0,0.5,6000,Ventanas críticas,0.0,34.15,Variable
agroindustry_seasonal,indexed_50pct_spot,PARAMONGA EXISTENTE 138,36,33.17,44.86,53.39,0,0,0,0.5,6000,Ventanas críticas,0.0,34.15,Variable
agroindustry_seasonal,indexed_50pct_spot,MEDIO MUNDO 220,36,32.91,44.42,53.57,0,0,0,0.5,6000,Ventanas críticas,0.0,33.95,Variable
agroindustry_seasonal,indexed_50pct_spot,PACHACHACA50,36,32.38,42.56,46.38,0,0,0,0.5,6000,Ventanas críticas,0.0,32.17,Variable
agroindustry_seasonal,indexed_50pct_spot,MARCONA 220,36,31.64,40.67,47.96,0,0,0,0.5,6000,Ventanas críticas,0.0,31.6,Variable
agroindustry_seasonal,indexed_50pct_spot,POROMA 220,36,31.63,40.4,47.55,0,0,0,0.5,6000,Ventanas críticas,0.0,31.47,Variable
agroindustry_seasonal,indexed_50pct_spot,LOMERA 220,36,31.0,38.48,47.37,0,0,0,0.5,6000,Ventanas críticas,0.0,30.68,Variable
agroindustry_seasonal,indexed_50pct_spot,HUACHO 220,36,30.76,39.34,47.87,0,0,0,0.5,6000,Ventanas críticas,0.0,30.86,Variable
agroindustry_seasonal,indexed_50pct_spot,SANTIAGO DE CAO 138,1,30.25,30.25,30.25,0,0,0,0.5,6000,Prima de estrés,0.0,25.71,Sensible
agroindustry_seasonal,indexed_50pct_spot,CHAVARRIA 220,36,30.17,37.9,51.94,0,0,0,0.5,6000,Ventanas críticas,0.0,30.84,Variable
agroindustry_seasonal,indexed_50pct_spot,MARCONA 60,27,30.14,37.52,42.59,0,0,2,0.5,6000,Ventanas críticas,0.0,29.33,Variable
agroindustry_seasonal,indexed_50pct_spot,ZAPALLAL 220,36,30.05,37.72,51.41,0,0,0,0.5,6000,Ventanas críticas,0.0,30.67,Variable
agroindustry_seasonal,indexed_50pct_spot,SANTA TERESA 220,36,29.82,43.97,50.43,0,0,0,0.5,6000,Ventanas críticas,0.0,31.98,Variable
agroindustry_seasonal,indexed_50pct_spot,VENTANILLA 220,36,29.77,36.81,51.48,0,0,0,0.5,6000,Ventanas críticas,0.0,30.32,Variable
agroindustry_seasonal,indexed_50pct_spot,CARABAYLLO 220,36,29.69,37.24,51.18,0,0,0,0.5,6000,Ventanas críticas,0.0,30.35,Variable
agroindustry_seasonal,indexed_50pct_spot,FLAMENCO 220,26,29.38,37.25,41.1,0,0,0,0.5,6000,Ventanas críticas,0.0,28.7,Variable
agroindustry_seasonal,indexed_50pct_spot,ICA 220,36,29.37,37.62,48.44,0,0,0,0.5,6000,Ventanas críticas,0.0,29.89,Variable
agroindustry_seasonal,indexed_50pct_spot,INDEPENDENCIA 60,36,29.18,37.04,50.56,0,0,0,0.5,6000,Ventanas críticas,0.0,29.98,Variable
agroindustry_seasonal,indexed_50pct_spot,CT PISCO 60,36,29.18,37.04,50.56,0,0,0,0.5,6000,Ventanas críticas,0.0,29.97,Variable
agroindustry_seasonal,indexed_50pct_spot,INDUSTRIALES 220,36,28.97,39.17,45.76,0,0,0,0.5,6000,Ventanas críticas,0.0,29.69,Variable
agroindustry_seasonal,indexed_50pct_spot,CAJAMARQUILLA 220,36,28.88,36.03,50.25,0,0,0,0.5,6000,Ventanas críticas,0.0,29.54,Variable
agroindustry_seasonal,indexed_50pct_spot,NAZCA NUEVA 220,23,28.8,36.2,41.21,0,0,0,0.5,6000,Ventanas críticas,0.0,28.19,Variable
agroindustry_seasonal,indexed_50pct_spot,ERSUR 220,26,28.75,36.38,38.93,0,0,0,0.5,6000,Ventanas críticas,0.0,27.87,Variable
agroindustry_seasonal,indexed_50pct_spot,CT INDEPENDENCIA 60,36,28.69,36.6,50.07,0,0,0,0.5,6000,Ventanas críticas,0.0,29.57,Variable
agroindustry_seasonal,indexed_50pct_spot,PLANICIE 220,36,28.35,36.26,41.08,0,0,0,0.5,6000,Ventanas críticas,0.0,27.98,Variable
agroindustry_seasonal,indexed_50pct_spot,SANTA ROSA 220,36,28.33,38.28,51.92,0,0,0,0.5,6000,Ventanas críticas,0.0,30.1,Variable
agroindustry_seasonal,indexed_50pct_spot,CHINCHA NUEVA 220,23,28.29,36.34,48.23,0,0,0,0.5,6000,Ventanas críticas,0.0,29.05,Variable
agroindustry_seasonal,indexed_50pct_spot,INDEPENDENCIA 220,36,28.04,35.02,49.65,0,0,0,0.5,6000,Ventanas críticas,0.0,28.82,Variable
agroindustry_seasonal,indexed_50pct_spot,CARAPONGO 220,36,28.01,35.27,49.15,0,0,0,0.5,6000,Ventanas críticas,0.0,28.8,Variable
agroindustry_seasonal,indexed_50pct_spot,HUANCHOR 50,36,27.87,46.37,55.96,0,0,0,0.5,6000,Ventanas críticas,0.0,32.53,Variable
agroindustry_seasonal,indexed_50pct_spot,CHEVES 220,36,27.6,35.96,46.16,0,0,0,0.5,6000,Ventanas críticas,0.0,28.33,Variable
agroindustry_seasonal,indexed_50pct_spot,MARAÑON 60,36,27.35,38.85,51.12,0,0,0,0.5,6000,Ventanas críticas,0.0,29.69,Variable
agroindustry_seasonal,indexed_50pct_spot,MACHUPICCHU 138,36,27.23,42.08,46.72,0,0,0,0.5,6000,Ventanas críticas,0.0,29.78,Variable
agroindustry_seasonal,indexed_50pct_spot,PARAGSHA2 138,36,27.05,35.22,46.34,0,0,0,0.5,6000,Ventanas críticas,0.0,27.93,Variable
agroindustry_seasonal,indexed_50pct_spot,CHEVES 13.8,36,26.69,35.22,45.82,0,0,0,0.5,6000,Ventanas críticas,0.0,27.69,Variable
agroindustry_seasonal,indexed_50pct_spot,DESIERTO 220,35,26.32,32.26,46.43,0,0,0,0.5,6000,Ventanas críticas,0.0,26.88,Variable
agroindustry_seasonal,indexed_50pct_spot,CAHUA138,36,26.31,35.47,53.28,0,0,0,0.5,6000,Ventanas críticas,0.0,28.7,Variable
agroindustry_seasonal,indexed_50pct_spot,CANTERA 220,36,26.06,31.68,48.47,0,0,0,0.5,6000,Ventanas críticas,0.0,26.92,Variable
agroindustry_seasonal,indexed_50pct_spot,HUINCO 220,36,25.72,33.4,46.14,0,0,0,0.5,6000,Ventanas críticas,0.0,26.85,Variable
agroindustry_seasonal,indexed_50pct_spot,CALLAHUANCA EDEGEL 220,36,25.61,31.43,37.36,0,0,0,0.5,6000,Ventanas críticas,0.0,24.99,Variable
agroindustry_seasonal,indexed_50pct_spot,PUNTA LOMITAS II,36,25.52,29.98,37.11,0,0,0,0.5,6000,Ventanas críticas,0.0,24.55,Variable
agroindustry_seasonal,indexed_50pct_spot,PUNTA LOMITAS I,36,25.5,30.12,35.16,0,0,0,0.5,6000,Ventanas críticas,0.0,24.28,Variable
agroindustry_seasonal,indexed_50pct_spot,SAN JUAN 220,36,25.21,31.47,41.81,0,0,0,0.5,6000,Ventanas críticas,0.0,25.48,Variable
agroindustry_seasonal,indexed_50pct_spot,HUAMPANI 60,36,25.03,32.39,47.79,0,0,0,0.5,6000,Ventanas críticas,0.0,26.53,Variable
agroindustry_seasonal,indexed_50pct_spot,HUANZA 220,36,25.02,32.28,44.15,0,0,0,0.5,6000,Ventanas críticas,0.0,25.95,Variable
agroindustry_seasonal,indexed_50pct_spot,PARAGSHA2 220,36,25.01,34.13,44.56,0,0,0,0.5,6000,Ventanas críticas,0.0,26.47,Variable
agroindustry_seasonal,indexed_50pct_spot,CHILCA500,36,24.88,31.5,36.32,0,0,0,0.5,6000,Ventanas críticas,0.0,24.52,Variable
agroindustry_seasonal,indexed_50pct_spot,OLLEROS 500,36,24.57,31.46,36.76,0,0,0,0.5,6000,Ventanas críticas,0.0,24.44,Variable
agroindustry_seasonal,indexed_50pct_spot,POMACOCHA 220,36,24.32,30.37,34.06,0,0,0,0.5,6000,Ventanas críticas,0.0,23.65,Variable
agroindustry_seasonal,indexed_50pct_spot,SANTA ANA 138,6,24.29,29.57,32.01,0,0,0,0.5,6000,Ventanas críticas,0.0,23.13,Variable
agroindustry_seasonal,indexed_50pct_spot,FENIX 500,36,24.24,30.55,36.11,0,0,0,0.5,6000,Ventanas críticas,0.0,23.96,Variable
agroindustry_seasonal,indexed_50pct_spot,CHIRIBAMBA 220,22,24.14,28.71,35.51,0,0,0,0.5,6000,Ventanas críticas,0.0,23.37,Variable
agroindustry_seasonal,indexed_50pct_spot,OROYA NUEVA 220,36,23.99,29.97,34.75,0,0,0,0.5,6000,Ventanas críticas,0.0,23.5,Variable
agroindustry_seasonal,indexed_50pct_spot,ALTO PRADERAS 220,36,23.9,30.17,48.08,0,0,0,0.5,6000,Ventanas críticas,0.0,25.51,Variable
agroindustry_seasonal,indexed_50pct_spot,PACHACHACA 220,36,23.83,29.63,34.63,0,0,0,0.5,6000,Ventanas críticas,0.0,23.33,Variable
agroindustry_seasonal,indexed_50pct_spot,ASIA 220,36,23.63,29.37,47.82,0,0,0,0.5,6000,Ventanas críticas,0.0,25.15,Variable
agroindustry_seasonal,indexed_50pct_spot,MATUCANA 220,36,23.49,28.78,35.72,0,0,0,0.5,6000,Ventanas críticas,0.0,23.12,Variable
agroindustry_seasonal,indexed_50pct_spot,YANANGO 220,36,23.47,29.3,36.84,0,0,0,0.5,6000,Ventanas críticas,0.0,23.41,Variable
agroindustry_seasonal,indexed_50pct_spot,CARHUAMAYO 138,36,23.4,31.87,35.93,0,0,0,0.5,6000,Ventanas críticas,0.0,23.89,Variable
agroindustry_seasonal,indexed_50pct_spot,MOYOPAMPA 60,36,23.28,29.99,37.28,0,0,0,0.5,6000,Ventanas críticas,0.0,23.57,Variable
agroindustry_seasonal,indexed_50pct_spot,CS COENERGY 22.9,1,22.79,22.79,22.79,0,0,0,0.5,6000,Volatilidad,0.0,19.37,Variable
agroindustry_seasonal,indexed_50pct_spot,SANTA ISABEL 220,36,22.38,30.95,35.0,0,0,0,0.5,6000,Ventanas críticas,0.0,23.06,Variable
agroindustry_seasonal,indexed_50pct_spot,OROYA NUEVA 50,36,22.18,29.5,33.25,0,0,0,0.5,6000,Ventanas críticas,0.0,22.34,Variable
agroindustry_seasonal,indexed_50pct_spot,CONDORCOCHA 44,36,21.63,29.17,34.23,0,0,0,0.5,6000,Ventanas críticas,0.0,22.16,Variable
agroindustry_seasonal,indexed_50pct_spot,CHAGLLA 220,36,21.6,31.85,34.0,0,0,0,0.5,6000,Ventanas críticas,0.0,22.78,Variable
agroindustry_seasonal,indexed_50pct_spot,CHILCA UNO 220,36,21.45,27.37,35.16,0,0,0,0.5,6000,Ventanas críticas,0.0,21.77,Variable
agroindustry_seasonal,indexed_50pct_spot,CONDORCOCHA 138,36,21.29,28.67,34.13,0,0,0,0.5,6000,Ventanas críticas,0.0,21.87,Variable
agroindustry_seasonal,indexed_50pct_spot,CHIMAY 220,36,21.21,26.24,33.55,0,0,0,0.5,6000,Ventanas críticas,0.0,21.14,Variable
agroindustry_seasonal,indexed_50pct_spot,CARIPA 138,36,20.99,28.25,33.43,0,0,0,0.5,6000,Ventanas críticas,0.0,21.52,Variable
agroindustry_seasonal,indexed_50pct_spot,HUAYUCACHI 220,36,20.84,25.15,29.31,0,0,0,0.5,6000,Ventanas críticas,0.0,20.06,Variable
agroindustry_seasonal,indexed_50pct_spot,LAS FLORES 220,36,20.74,26.28,34.9,0,0,0,0.5,6000,Ventanas críticas,0.0,21.14,Variable
agroindustry_seasonal,indexed_50pct_spot,CH OROYA 50,36,20.62,26.4,32.18,0,0,0,0.5,6000,Ventanas críticas,0.0,20.71,Variable
agroindustry_seasonal,indexed_50pct_spot,HUANCAVELICA 220,36,20.6,25.16,30.56,0,0,0,0.5,6000,Ventanas críticas,0.0,20.14,Variable
agroindustry_seasonal,indexed_50pct_spot,CHILCA DOS 13.8,36,20.52,26.29,34.02,0,0,0,0.5,6000,Ventanas críticas,0.0,20.91,Variable
agroindustry_seasonal,indexed_50pct_spot,CALLAHUANCA 60,36,20.21,25.75,34.79,0,0,0,0.5,6000,Ventanas críticas,0.0,20.75,Variable
agroindustry_seasonal,indexed_50pct_spot,YAUPI 138,36,20.13,27.81,34.58,0,0,0,0.5,6000,Ventanas críticas,0.0,21.2,Variable
agroindustry_seasonal,indexed_50pct_spot,CERRO DEL AGUILA 220,36,19.9,25.21,30.76,0,0,0,0.5,6000,Ventanas críticas,0.0,19.87,Variable
agroindustry_seasonal,indexed_50pct_spot,CHILCA REP 220,36,19.85,25.44,34.05,0,0,0,0.5,6000,Ventanas críticas,0.0,20.4,Variable
agroindustry_seasonal,indexed_50pct_spot,LA VIRGEN 138,36,19.38,26.57,32.16,0,0,0,0.5,6000,Ventanas críticas,0.0,20.19,Variable
agroindustry_seasonal,indexed_50pct_spot,YAUPI13.8,36,19.33,26.61,33.91,0,0,0,0.5,6000,Ventanas críticas,0.0,20.44,Variable
agroindustry_seasonal,indexed_50pct_spot,YARUCAYA 13.8,36,18.58,23.74,35.55,0,0,0,0.5,6000,Ventanas críticas,0.0,19.63,Variable
agroindustry_seasonal,indexed_50pct_spot,CAMPO ARMIÑO 220,36,17.9,21.9,24.08,0,0,0,0.5,6000,Ventanas críticas,0.0,17.14,Variable
agroindustry_seasonal,indexed_50pct_spot,MALPASO 50,36,17.87,22.99,28.27,0,0,0,0.5,6000,Ventanas críticas,0.0,18.03,Variable
agroindustry_seasonal,indexed_50pct_spot,RESTITUCIÓN 220,36,17.41,21.39,23.41,0,0,0,0.5,6000,Ventanas críticas,0.0,16.69,Variable
agroindustry_seasonal,indexed_50pct_spot,PLATANAL 220,36,16.2,20.5,22.53,0,0,0,0.5,6000,Ventanas críticas,0.0,15.79,Variable
agroindustry_seasonal,indexed_50pct_spot,CORACORA 60,4,15.13,23.6,28.01,0,0,4,0.5,6000,Prima de estrés,0.0,16.91,Variable
agroindustry_seasonal,indexed_50pct_spot,NAZCA 22.9,4,14.72,23.14,27.63,0,0,4,0.5,6000,Prima de estrés,0.0,16.55,Variable
agroindustry_seasonal,indexed_50pct_spot,LLIPATA 60,4,14.18,22.69,27.5,0,0,4,0.5,6000,Prima de estrés,0.0,16.18,Variable
agroindustry_seasonal,indexed_50pct_spot,ALTO LA LUNA 10,14,12.33,18.74,21.8,0,0,11,0.5,6000,Prima de estrés,0.0,13.5,Variable
agroindustry_seasonal,indexed_50pct_spot,ALTO LA LUNA 60,14,12.02,18.21,21.29,0,0,11,0.5,6000,Prima de estrés,0.0,13.16,Variable
agroindustry_seasonal,indexed_50pct_spot,PISCO 10,14,11.81,17.84,20.75,0,0,11,0.5,6000,Prima de estrés,0.0,12.89,Variable
agroindustry_seasonal,indexed_50pct_spot,VILLACURI 22.9,14,11.73,18.04,21.56,0,0,11,0.5,6000,Prima de estrés,0.0,13.02,Variable
agroindustry_seasonal,indexed_50pct_spot,PARACAS 22,14,11.65,17.68,24.54,0,0,11,0.5,6000,Prima de estrés,0.0,13.34,Variable
agroindustry_seasonal,indexed_50pct_spot,PARACAS 10,14,11.58,17.23,24.72,0,0,11,0.5,6000,Prima de estrés,0.0,13.22,Variable
agroindustry_seasonal,indexed_50pct_spot,TAMBO DE MORA 10,5,11.09,16.42,21.44,0,0,4,0.5,6000,Prima de estrés,0.0,12.31,Variable
agroindustry_seasonal,indexed_50pct_spot,VILLACURI 60,14,10.94,16.58,20.45,0,0,11,0.5,6000,Prima de estrés,0.0,12.14,Variable
agroindustry_seasonal,indexed_50pct_spot,PEDREGAL 10,5,10.6,16.08,20.88,0,0,4,0.5,6000,Prima de estrés,0.0,11.92,Variable
agroindustry_seasonal,indexed_50pct_spot,PUEBLO NUEVO 10,5,10.12,14.47,17.22,0,0,4,0.5,6000,Prima de estrés,0.0,10.75,Variable
agroindustry_seasonal,indexed_50pct_spot,INDEPENDENCIA 10,14,10.02,14.9,21.94,0,0,11,0.5,6000,Prima de estrés,0.0,11.53,Variable
agroindustry_seasonal,indexed_50pct_spot,CHALA 60,1,8.54,8.54,8.54,0,0,1,0.5,6000,Prima de estrés,0.0,7.26,Variable
agroindustry_seasonal,indexed_50pct_spot,BELLA UNION 60,1,8.1,8.1,8.1,0,0,1,0.5,6000,Prima de estrés,0.0,6.89,Variable
agroindustry_seasonal,indexed_50pct_spot,JAHUAY 60,1,7.58,7.58,7.58,0,0,1,0.5,6000,Prima de estrés,0.0,6.45,Variable
agroindustry_seasonal,indexed_50pct_spot,FUNSUR 60,1,7.48,7.48,7.48,0,0,1,0.5,6000,Prima de estrés,0.0,6.35,Variable
agroindustry_seasonal,indexed_50pct_spot,MINA 60,1,6.91,6.91,6.91,0,0,1,0.5,6000,Prima de estrés,0.0,5.87,Variable
agroindustry_seasonal,indexed_50pct_spot,HUARANGO 60,1,6.39,6.39,6.39,0,0,1,0.5,6000,Prima de estrés,0.0,5.43,Variable
agroindustry_seasonal,indexed_50pct_spot,LOMAS 60,1,6.39,6.39,6.39,0,0,1,0.5,6000,Prima de estrés,0.0,5.43,Variable
cement_and_heavy_materials,balanced_30pct_spot_ppa,PLANTAETANOL 60,36,59.68,69.47,71.46,0,10,0,0.3,20000,Nivel de precio,0.278,59.11,Estable
cement_and_heavy_materials,balanced_30pct_spot_ppa,HUAYLLACHO 15,36,59.55,70.11,72.91,0,11,0,0.3,20000,Nivel de precio,0.306,59.85,Estable
cement_and_heavy_materials,balanced_30pct_spot_ppa,SAN IGNACIO 15,36,59.33,69.67,72.49,0,11,0,0.3,20000,Nivel de precio,0.306,59.57,Estable
cement_and_heavy_materials,balanced_30pct_spot_ppa,SAN ANTONIO 15,36,59.31,69.67,72.49,0,11,0,0.3,20000,Nivel de precio,0.306,59.56,Estable
cement_and_heavy_materials,balanced_30pct_spot_ppa,ZORRITOS 220,36,59.11,69.3,71.3,0,10,0,0.3,20000,Nivel de precio,0.278,58.79,Estable
cement_and_heavy_materials,balanced_30pct_spot_ppa,NCTUMBES60,36,58.93,69.51,70.82,0,10,0,0.3,20000,Nivel de precio,0.278,58.69,Estable
cement_and_heavy_materials,balanced_30pct_spot_ppa,MISAPUQUIO 33,36,58.17,68.72,71.88,0,9,0,0.3,20000,Nivel de precio,0.25,57.89,Estable
cement_and_heavy_materials,balanced_30pct_spot_ppa,GE1 33,36,58.0,67.7,71.08,0,8,0,0.3,20000,Nivel de precio,0.222,57.02,Estable
cement_and_heavy_materials,balanced_30pct_spot_ppa,TINTAYA EXISTENTE 138,36,57.78,68.34,71.36,0,9,0,0.3,20000,Nivel de precio,0.25,57.54,Estable
cement_and_heavy_materials,balanced_30pct_spot_ppa,PIURA OESTE 220,36,57.5,66.81,70.51,0,7,0,0.3,20000,Nivel de precio,0.194,56.07,Estable
cement_and_heavy_materials,balanced_30pct_spot_ppa,TALARA 220,36,57.49,66.43,70.76,0,8,0,0.3,20000,Nivel de precio,0.222,56.43,Estable
cement_and_heavy_materials,balanced_30pct_spot_ppa,TINTAYA NUEVA 220,36,57.41,67.78,70.9,0,8,0,0.3,20000,Nivel de precio,0.222,56.75,Estable
cement_and_heavy_materials,balanced_30pct_spot_ppa,TALARA13.2,36,57.19,66.67,71.02,0,8,0,0.3,20000,Nivel de precio,0.222,56.39,Estable
cement_and_heavy_materials,balanced_30pct_spot_ppa,GALLITO CIEGO 60,36,56.9,65.83,68.72,0,6,0,0.3,20000,Nivel de precio,0.167,54.87,Estable
cement_and_heavy_materials,balanced_30pct_spot_ppa,BELAUNDE 138,36,56.82,65.76,69.48,0,7,0,0.3,20000,Nivel de precio,0.194,55.35,Estable
cement_and_heavy_materials,balanced_30pct_spot_ppa,VALLE DEL CHIRA 220,14,55.5,65.58,69.13,0,2,0,0.3,20000,Nivel de precio,0.143,53.88,Estable
cement_and_heavy_materials,balanced_30pct_spot_ppa,PARIAC 66,36,54.28,64.27,68.68,0,3,0,0.3,20000,Nivel de precio,0.083,52.04,Estable
cement_and_heavy_materials,balanced_30pct_spot_ppa,JULIACA10,36,52.76,63.35,66.25,0,2,0,0.3,20000,Nivel de precio,0.056,50.35,Estable
cement_and_heavy_materials,balanced_30pct_spot_ppa,JAEN 138,24,52.06,62.45,66.72,0,1,0,0.3,20000,Nivel de precio,0.042,49.67,Estable
cement_and_heavy_materials,balanced_30pct_spot_ppa,TOCACHE 138,36,49.28,58.3,63.96,0,0,0,0.3,20000,Nivel de precio,0.0,46.34,Estable
cement_and_heavy_materials,balanced_30pct_spot_ppa,JULIACA 138,36,48.16,58.65,61.69,0,0,0,0.3,20000,Nivel de precio,0.0,45.59,Estable
cement_and_heavy_materials,balanced_30pct_spot_ppa,PLANTA CASA GRANDE 13.8,1,47.93,47.93,47.93,0,0,0,0.3,20000,Nivel de precio,0.0,40.74,Sensible
cement_and_heavy_materials,balanced_30pct_spot_ppa,CALLALLI 138,36,47.77,58.51,61.93,0,0,0,0.3,20000,Nivel de precio,0.0,45.41,Estable
cement_and_heavy_materials,balanced_30pct_spot_ppa,GUADALUPE 60,36,47.68,56.53,58.43,0,0,0,0.3,20000,Nivel de precio,0.0,44.36,Estable
cement_and_heavy_materials,balanced_30pct_spot_ppa,LA BREA 220,21,47.18,57.82,62.95,0,0,0,0.3,20000,Nivel de precio,0.0,45.13,Estable
cement_and_heavy_materials,balanced_30pct_spot_ppa,ILO1 138,36,46.2,54.96,59.07,0,0,0,0.3,20000,Nivel de precio,0.0,43.39,Estable
cement_and_heavy_materials,balanced_30pct_spot_ppa,TOQUEPALA 138,36,45.92,54.55,59.0,0,0,0,0.3,20000,Nivel de precio,0.0,43.15,Estable
cement_and_heavy_materials,balanced_30pct_spot_ppa,AYAVIRI 138,36,45.83,57.16,60.12,0,0,0,0.3,20000,Nivel de precio,0.0,43.93,Estable
cement_and_heavy_materials,balanced_30pct_spot_ppa,PUNO 138,36,45.76,56.2,59.54,0,0,0,0.3,20000,Nivel de precio,0.0,43.57,Estable
cement_and_heavy_materials,balanced_30pct_spot_ppa,ILO ELP 138,36,45.6,54.4,58.57,0,0,0,0.3,20000,Nivel de precio,0.0,42.91,Estable
cement_and_heavy_materials,balanced_30pct_spot_ppa,CHICLAYO 220,36,45.46,54.58,56.24,0,0,0,0.3,20000,Nivel de precio,0.0,42.54,Estable
cement_and_heavy_materials,balanced_30pct_spot_ppa,PUNO 220,36,45.3,55.83,59.11,0,0,0,0.3,20000,Nivel de precio,0.0,43.21,Estable
cement_and_heavy_materials,balanced_30pct_spot_ppa,ARICOTA2 138,36,45.17,53.88,58.25,0,0,0,0.3,20000,Nivel de precio,0.0,42.54,Estable
cement_and_heavy_materials,balanced_30pct_spot_ppa,CT ETEN 220,36,45.03,54.28,55.92,0,0,0,0.3,20000,Nivel de precio,0.0,42.22,Estable
cement_and_heavy_materials,balanced_30pct_spot_ppa,RECKA 220,36,45.01,54.41,55.69,0,0,0,0.3,20000,Nivel de precio,0.0,42.21,Estable
cement_and_heavy_materials,balanced_30pct_spot_ppa,ETEN 18,36,44.97,54.07,55.8,0,0,0,0.3,20000,Nivel de precio,0.0,42.12,Estable
cement_and_heavy_materials,balanced_30pct_spot_ppa,PUERTO MALDONADO 10,36,44.96,58.34,62.52,0,0,0,0.3,20000,Nivel de precio,0.0,44.2,Estable
cement_and_heavy_materials,balanced_30pct_spot_ppa,RECKA 18,36,44.95,54.3,55.55,0,0,0,0.3,20000,Nivel de precio,0.0,42.14,Estable
cement_and_heavy_materials,balanced_30pct_spot_ppa,BOTIFLACA 138,36,44.92,53.67,58.08,0,0,0,0.3,20000,Nivel de precio,0.0,42.35,Estable
cement_and_heavy_materials,balanced_30pct_spot_ppa,ARICOTA 66,36,44.72,53.27,57.81,0,0,0,0.3,20000,Nivel de precio,0.0,42.11,Estable
cement_and_heavy_materials,balanced_30pct_spot_ppa,LA NIÑA 220,36,44.7,53.53,56.32,0,0,0,0.3,20000,Nivel de precio,0.0,41.95,Estable
cement_and_heavy_materials,balanced_30pct_spot_ppa,CHILINA 33,36,44.67,55.06,57.73,0,0,0,0.3,20000,Nivel de precio,0.0,42.53,Estable
cement_and_heavy_materials,balanced_30pct_spot_ppa,MOLLENDO 138,36,44.63,55.87,59.4,0,0,0,0.3,20000,Nivel de precio,0.0,42.96,Estable
cement_and_heavy_materials,balanced_30pct_spot_ppa,CACLIC 220,36,44.53,54.23,56.25,0,0,0,0.3,20000,Nivel de precio,0.0,42.03,Estable
cement_and_heavy_materials,balanced_30pct_spot_ppa,AZANGARO 138,36,44.42,56.15,59.33,0,0,0,0.3,20000,Nivel de precio,0.0,42.93,Estable
cement_and_heavy_materials,balanced_30pct_spot_ppa,PUERTO MALDONADO 138,36,44.3,57.76,62.88,0,0,0,0.3,20000,Nivel de precio,0.0,43.81,Estable
cement_and_heavy_materials,balanced_30pct_spot_ppa,ARICOTA1 66,36,44.09,52.37,56.67,0,0,0,0.3,20000,Nivel de precio,0.0,41.43,Variable
cement_and_heavy_materials,balanced_30pct_spot_ppa,LOS HEROES 66,36,44.04,52.37,56.68,0,0,0,0.3,20000,Nivel de precio,0.0,41.41,Variable
cement_and_heavy_materials,balanced_30pct_spot_ppa,PUCALLPA 60,36,43.93,52.71,59.64,0,0,0,0.3,20000,Nivel de precio,0.0,41.89,Estable
cement_and_heavy_materials,balanced_30pct_spot_ppa,GUADALUPE 220,36,43.93,52.94,55.01,0,0,0,0.3,20000,Nivel de precio,0.0,41.25,Estable
cement_and_heavy_materials,balanced_30pct_spot_ppa,CHILINA 138,36,43.91,53.56,57.6,0,0,0,0.3,20000,Nivel de precio,0.0,41.79,Variable
cement_and_heavy_materials,balanced_30pct_spot_ppa,CT PLANTA PUCALLPA 60,36,43.88,52.56,59.52,0,0,0,0.3,20000,Nivel de precio,0.0,41.82,Estable
cement_and_heavy_materials,balanced_30pct_spot_ppa,COMBAPATA 138,36,43.76,55.08,56.98,0,0,0,0.3,20000,Nivel de precio,0.0,42.01,Estable
cement_and_heavy_materials,balanced_30pct_spot_ppa,REPARTICIÓN 138,36,43.72,54.7,58.29,0,0,0,0.3,20000,Nivel de precio,0.0,42.09,Estable
cement_and_heavy_materials,balanced_30pct_spot_ppa,LOS HEROES 220,36,43.44,51.68,55.86,0,0,0,0.3,20000,Nivel de precio,0.0,40.85,Variable
cement_and_heavy_materials,balanced_30pct_spot_ppa,CUTERVO 138,36,43.38,53.45,56.69,0,0,0,0.3,20000,Nivel de precio,0.0,41.39,Estable
cement_and_heavy_materials,balanced_30pct_spot_ppa,PUCALLPA 138,36,43.34,52.29,58.81,0,0,0,0.3,20000,Nivel de precio,0.0,41.39,Estable
cement_and_heavy_materials,balanced_30pct_spot_ppa,CERRO VERDE 138,36,43.1,52.64,56.14,0,0,0,0.3,20000,Nivel de precio,0.0,40.98,Variable
cement_and_heavy_materials,balanced_30pct_spot_ppa,AGROLMOS 60,6,42.87,52.35,54.76,0,0,0,0.3,20000,Nivel de precio,0.0,40.59,Variable
cement_and_heavy_materials,balanced_30pct_spot_ppa,MOQUEGUA 138,36,42.6,51.07,54.98,0,0,0,0.3,20000,Nivel de precio,0.0,40.18,Variable
cement_and_heavy_materials,balanced_30pct_spot_ppa,SANTUARIO 138,36,42.33,52.35,56.18,0,0,0,0.3,20000,Nivel de precio,0.0,40.56,Variable
cement_and_heavy_materials,balanced_30pct_spot_ppa,MOQUEGUA 220,36,42.23,50.59,54.46,0,0,0,0.3,20000,Nivel de precio,0.0,39.82,Variable
cement_and_heavy_materials,balanced_30pct_spot_ppa,PLANTA SAN JACINTO 13.8,36,42.23,50.8,53.94,0,0,0,0.3,20000,Nivel de precio,0.0,39.8,Variable
cement_and_heavy_materials,balanced_30pct_spot_ppa,SOCABAYA 138,36,42.06,51.5,55.41,0,0,0,0.3,20000,Nivel de precio,0.0,40.11,Variable
cement_and_heavy_materials,balanced_30pct_spot_ppa,CAJAMARCA 220,36,42.0,52.22,52.98,0,0,0,0.3,20000,Nivel de precio,0.0,39.9,Variable
cement_and_heavy_materials,balanced_30pct_spot_ppa,ILO2 220,36,41.92,49.88,54.13,0,0,0,0.3,20000,Nivel de precio,0.0,39.45,Variable
cement_and_heavy_materials,balanced_30pct_spot_ppa,TRUJILLO 220,36,41.74,50.23,54.33,0,0,0,0.3,20000,Nivel de precio,0.0,39.49,Variable
cement_and_heavy_materials,balanced_30pct_spot_ppa,SOCABAYA 220,36,41.64,50.96,54.63,0,0,0,0.3,20000,Nivel de precio,0.0,39.67,Variable
cement_and_heavy_materials,balanced_30pct_spot_ppa,CHARCANI VI 33,36,41.61,50.56,52.69,0,0,0,0.3,20000,Nivel de precio,0.0,39.27,Variable
cement_and_heavy_materials,balanced_30pct_spot_ppa,MONTALVO 220,36,41.24,49.88,53.87,0,0,0,0.3,20000,Nivel de precio,0.0,39.11,Variable
cement_and_heavy_materials,balanced_30pct_spot_ppa,CARHUAQUERO 220,36,41.09,52.22,53.24,0,0,0,0.3,20000,Nivel de precio,0.0,39.53,Variable
cement_and_heavy_materials,balanced_30pct_spot_ppa,HUALLIN60,21,40.83,52.52,55.38,0,0,0,0.3,20000,Nivel de precio,0.0,39.81,Sensible
cement_and_heavy_materials,balanced_30pct_spot_ppa,S.E. ILO4 500,36,40.45,48.99,52.69,0,0,0,0.3,20000,Nivel de precio,0.0,38.35,Variable
cement_and_heavy_materials,balanced_30pct_spot_ppa,AUCAYACU 138,36,40.12,51.88,55.13,0,0,0,0.3,20000,Nivel de precio,0.0,39.3,Variable
cement_and_heavy_materials,balanced_30pct_spot_ppa,RUBI 220,33,40.02,48.48,53.6,0,0,0,0.3,20000,Volatilidad,0.0,38.17,Variable
cement_and_heavy_materials,balanced_30pct_spot_ppa,BIOENERGIA 13.8,36,39.79,51.32,60.14,0,0,0,0.3,20000,Nivel de precio,0.0,39.76,Variable
cement_and_heavy_materials,balanced_30pct_spot_ppa,SAN JOSE 500,36,39.75,48.47,52.01,0,0,0,0.3,20000,Nivel de precio,0.0,37.81,Variable
cement_and_heavy_materials,balanced_30pct_spot_ppa,PUERTO BRAVO 500,36,39.61,48.48,51.61,0,0,0,0.3,20000,Nivel de precio,0.0,37.68,Variable
cement_and_heavy_materials,balanced_30pct_spot_ppa,DUNA HUAMBOS 34.5,31,39.55,51.05,55.91,0,0,0,0.3,20000,Nivel de precio,0.0,38.95,Variable
cement_and_heavy_materials,balanced_30pct_spot_ppa,CHAPARRAL 138,18,39.54,48.72,51.05,0,0,0,0.3,20000,Volatilidad,0.0,37.63,Variable
cement_and_heavy_materials,balanced_30pct_spot_ppa,CHIMBOTE1 138,36,39.51,49.14,52.94,0,0,0,0.3,20000,Nivel de precio,0.0,38.01,Variable
cement_and_heavy_materials,balanced_30pct_spot_ppa,PUERTO BRAVO 18,36,39.5,48.32,51.48,0,0,0,0.3,20000,Nivel de precio,0.0,37.58,Variable
cement_and_heavy_materials,balanced_30pct_spot_ppa,CARHUAQUERO 10_S,24,39.12,51.73,53.13,0,0,0,0.3,20000,Nivel de precio,0.0,38.51,Variable
cement_and_heavy_materials,balanced_30pct_spot_ppa,LA RAMADA 220,36,39.08,50.03,51.52,0,0,0,0.3,20000,Nivel de precio,0.0,37.82,Variable
cement_and_heavy_materials,balanced_30pct_spot_ppa,CHIMBOTE1 220,36,38.77,48.73,53.16,0,0,0,0.3,20000,Nivel de precio,0.0,37.6,Variable
cement_and_heavy_materials,balanced_30pct_spot_ppa,CHARCANI I 33,36,38.48,48.42,51.99,0,0,0,0.3,20000,Nivel de precio,0.0,37.22,Variable
cement_and_heavy_materials,balanced_30pct_spot_ppa,QUENCORO 138,36,38.42,50.28,53.72,0,0,0,0.3,20000,Nivel de precio,0.0,37.92,Variable
cement_and_heavy_materials,balanced_30pct_spot_ppa,DOLORESPATA 138,36,38.18,50.12,53.55,0,0,0,0.3,20000,Nivel de precio,0.0,37.74,Variable
cement_and_heavy_materials,balanced_30pct_spot_ppa,QUITARACSA 220,36,37.15,49.07,51.3,0,0,0,0.3,20000,Nivel de precio,0.0,36.68,Variable
cement_and_heavy_materials,balanced_30pct_spot_ppa,MAZUCO138,36,37.01,53.6,60.19,0,0,0,0.3,20000,Volatilidad,0.0,39.08,Variable
cement_and_heavy_materials,balanced_30pct_spot_ppa,CACHIMAYO 138,36,36.84,48.69,53.06,0,0,0,0.3,20000,Nivel de precio,0.0,36.71,Variable
cement_and_heavy_materials,balanced_30pct_spot_ppa,SAN NICOLAS 13.8,36,36.52,45.35,58.56,0,0,0,0.3,20000,Prima de estrés,0.0,36.55,Variable
cement_and_heavy_materials,balanced_30pct_spot_ppa,ZAÑA 60,36,36.23,49.59,55.48,0,0,0,0.3,20000,Nivel de precio,0.0,37.02,Variable
cement_and_heavy_materials,balanced_30pct_spot_ppa,AGUAYTIA 138,36,36.0,49.47,53.88,0,0,0,0.3,20000,Nivel de precio,0.0,36.65,Variable
cement_and_heavy_materials,balanced_30pct_spot_ppa,TINGO MARIA 138,36,35.82,48.02,50.78,0,0,0,0.3,20000,Nivel de precio,0.0,35.74,Variable
cement_and_heavy_materials,balanced_30pct_spot_ppa,AGUAYTIA 22.9,36,35.63,49.03,53.04,0,0,0,0.3,20000,Nivel de precio,0.0,36.25,Variable
cement_and_heavy_materials,balanced_30pct_spot_ppa,AGUAYTIA 220,36,35.35,48.78,52.71,0,0,0,0.3,20000,Nivel de precio,0.0,36.01,Variable
cement_and_heavy_materials,balanced_30pct_spot_ppa,PURMACANA 20,36,35.33,47.02,51.93,0,0,0,0.3,20000,Nivel de precio,0.0,35.44,Variable
cement_and_heavy_materials,balanced_30pct_spot_ppa,SAN MARTIN 220,9,35.18,40.85,42.01,0,0,0,0.3,20000,Volatilidad,0.0,32.35,Variable
cement_and_heavy_materials,balanced_30pct_spot_ppa,CHARCANI IV 33,36,34.62,46.75,50.58,0,0,0,0.3,20000,Ventanas críticas,0.0,34.85,Variable
cement_and_heavy_materials,balanced_30pct_spot_ppa,COTARUSE 220,36,34.29,45.22,51.53,0,0,0,0.3,20000,Ventanas críticas,0.0,34.47,Variable
cement_and_heavy_materials,balanced_30pct_spot_ppa,HUALLANCA 138,36,34.2,46.4,51.65,0,0,0,0.3,20000,Nivel de precio,0.0,34.74,Variable
cement_and_heavy_materials,balanced_30pct_spot_ppa,PAQUILLUSI 220,9,34.15,43.53,49.45,0,0,0,0.3,20000,Volatilidad,0.0,33.67,Variable
cement_and_heavy_materials,balanced_30pct_spot_ppa,HUANUCO 138,36,33.75,45.0,49.53,0,0,0,0.3,20000,Nivel de precio,0.0,33.87,Variable
cement_and_heavy_materials,balanced_30pct_spot_ppa,SUNNY 220,4,32.95,37.76,38.16,0,0,0,0.3,20000,Volatilidad,0.0,29.99,Variable
cement_and_heavy_materials,balanced_30pct_spot_ppa,PIEDRA BLANCA 34.5,36,32.92,45.22,49.75,0,0,0,0.3,20000,Nivel de precio,0.0,33.58,Variable
cement_and_heavy_materials,balanced_30pct_spot_ppa,TUPURI 22.9,36,32.8,50.16,57.61,0,0,0,0.3,20000,Ventanas críticas,0.0,35.94,Variable
cement_and_heavy_materials,balanced_30pct_spot_ppa,SAN GABAN 138,36,32.68,49.55,56.42,0,0,0,0.3,20000,Ventanas críticas,0.0,35.56,Variable
cement_and_heavy_materials,balanced_30pct_spot_ppa,PARAMONGA NUEVA 220,36,32.12,42.59,51.19,0,0,0,0.3,20000,Ventanas críticas,0.0,32.78,Variable
cement_and_heavy_materials,balanced_30pct_spot_ppa,VIZCARRA 220,36,31.95,45.1,52.28,0,0,0,0.3,20000,Ventanas críticas,0.0,33.49,Variable
cement_and_heavy_materials,balanced_30pct_spot_ppa,PARAMONGA NUEVA 138,36,31.88,42.23,51.46,0,0,0,0.3,20000,Ventanas críticas,0.0,32.62,Variable
cement_and_heavy_materials,balanced_30pct_spot_ppa,OQUENDO 60,36,31.87,42.61,51.62,0,0,0,0.3,20000,Ventanas críticas,0.0,32.74,Variable
cement_and_heavy_materials,balanced_30pct_spot_ppa,PARAMONGA EXISTENTE 138,36,31.71,41.95,51.43,0,0,0,0.3,20000,Ventanas críticas,0.0,32.47,Variable
cement_and_heavy_materials,balanced_30pct_spot_ppa,MEDIO MUNDO 220,36,31.43,41.34,51.63,0,0,0,0.3,20000,Ventanas críticas,0.0,32.22,Variable
cement_and_heavy_materials,balanced_30pct_spot_ppa,PACHACHACA50,36,31.0,40.88,44.55,0,0,0,0.3,20000,Ventanas críticas,0.0,30.85,Variable
cement_and_heavy_materials,balanced_30pct_spot_ppa,MARCONA 220,36,30.32,38.57,45.47,0,0,0,0.3,20000,Ventanas críticas,0.0,30.1,Variable
cement_and_heavy_materials,balanced_30pct_spot_ppa,POROMA 220,36,30.27,37.48,45.02,0,0,0,0.3,20000,Ventanas críticas,0.0,29.74,Variable
cement_and_heavy_materials,balanced_30pct_spot_ppa,LOMERA 220,36,29.7,36.71,46.21,0,0,0,0.3,20000,Ventanas críticas,0.0,29.47,Variable
cement_and_heavy_materials,balanced_30pct_spot_ppa,SANTIAGO DE CAO 138,1,29.65,29.65,29.65,0,0,0,0.3,20000,Prima de estrés,0.0,25.2,Sensible
cement_and_heavy_materials,balanced_30pct_spot_ppa,HUACHO 220,36,29.46,38.02,45.65,0,0,0,0.3,20000,Ventanas críticas,0.0,29.61,Variable
cement_and_heavy_materials,balanced_30pct_spot_ppa,CHAVARRIA 220,36,28.86,35.12,49.16,0,0,0,0.3,20000,Ventanas críticas,0.0,29.14,Variable
cement_and_heavy_materials,balanced_30pct_spot_ppa,MARCONA 60,27,28.78,35.02,39.44,0,0,2,0.3,20000,Ventanas críticas,0.0,27.62,Variable
cement_and_heavy_materials,balanced_30pct_spot_ppa,ZAPALLAL 220,36,28.75,35.21,48.55,0,0,0,0.3,20000,Ventanas críticas,0.0,29.02,Variable
cement_and_heavy_materials,balanced_30pct_spot_ppa,SANTA TERESA 220,36,28.67,41.76,48.31,0,0,0,0.3,20000,Ventanas críticas,0.0,30.59,Variable
cement_and_heavy_materials,balanced_30pct_spot_ppa,VENTANILLA 220,36,28.46,34.17,48.56,0,0,0,0.3,20000,Ventanas críticas,0.0,28.63,Variable
cement_and_heavy_materials,balanced_30pct_spot_ppa,CARABAYLLO 220,36,28.38,35.09,48.27,0,0,0,0.3,20000,Ventanas críticas,0.0,28.79,Variable
cement_and_heavy_materials,balanced_30pct_spot_ppa,ICA 220,36,28.05,35.37,46.43,0,0,0,0.3,20000,Ventanas críticas,0.0,28.43,Variable
cement_and_heavy_materials,balanced_30pct_spot_ppa,FLAMENCO 220,26,28.0,34.55,38.67,0,0,0,0.3,20000,Ventanas críticas,0.0,27.04,Variable
cement_and_heavy_materials,balanced_30pct_spot_ppa,INDEPENDENCIA 60,36,27.89,34.25,47.8,0,0,0,0.3,20000,Ventanas críticas,0.0,28.28,Variable
cement_and_heavy_materials,balanced_30pct_spot_ppa,CT PISCO 60,36,27.89,34.25,47.8,0,0,0,0.3,20000,Ventanas críticas,0.0,28.28,Variable
cement_and_heavy_materials,balanced_30pct_spot_ppa,INDUSTRIALES 220,36,27.71,36.27,44.6,0,0,0,0.3,20000,Ventanas críticas,0.0,28.23,Variable
cement_and_heavy_materials,balanced_30pct_spot_ppa,CAJAMARQUILLA 220,36,27.59,33.6,47.45,0,0,0,0.3,20000,Ventanas críticas,0.0,27.93,Variable
cement_and_heavy_materials,balanced_30pct_spot_ppa,ERSUR 220,26,27.46,33.43,37.35,0,0,0,0.3,20000,Ventanas críticas,0.0,26.32,Variable
cement_and_heavy_materials,balanced_30pct_spot_ppa,NAZCA NUEVA 220,23,27.45,33.28,37.89,0,0,0,0.3,20000,Ventanas críticas,0.0,26.36,Variable
cement_and_heavy_materials,balanced_30pct_spot_ppa,CT INDEPENDENCIA 60,36,27.4,33.51,47.27,0,0,0,0.3,20000,Ventanas críticas,0.0,27.8,Variable
cement_and_heavy_materials,balanced_30pct_spot_ppa,PLANICIE 220,36,27.13,33.8,38.28,0,0,0,0.3,20000,Ventanas críticas,0.0,26.4,Variable
cement_and_heavy_materials,balanced_30pct_spot_ppa,SANTA ROSA 220,36,27.02,35.49,49.0,0,0,0,0.3,20000,Ventanas críticas,0.0,28.38,Variable
cement_and_heavy_materials,balanced_30pct_spot_ppa,CHINCHA NUEVA 220,23,26.82,35.06,45.36,0,0,0,0.3,20000,Ventanas críticas,0.0,27.64,Variable
cement_and_heavy_materials,balanced_30pct_spot_ppa,CARAPONGO 220,36,26.76,33.02,46.94,0,0,0,0.3,20000,Ventanas críticas,0.0,27.33,Variable
cement_and_heavy_materials,balanced_30pct_spot_ppa,INDEPENDENCIA 220,36,26.75,32.87,46.7,0,0,0,0.3,20000,Ventanas críticas,0.0,27.26,Variable
cement_and_heavy_materials,balanced_30pct_spot_ppa,HUANCHOR 50,36,26.64,44.15,53.69,0,0,0,0.3,20000,Ventanas críticas,0.0,31.08,Variable
cement_and_heavy_materials,balanced_30pct_spot_ppa,CHEVES 220,36,26.61,35.18,44.44,0,0,0,0.3,20000,Ventanas críticas,0.0,27.44,Variable
cement_and_heavy_materials,balanced_30pct_spot_ppa,MARAÑON 60,36,26.45,37.49,50.08,0,0,0,0.3,20000,Ventanas críticas,0.0,28.79,Variable
cement_and_heavy_materials,balanced_30pct_spot_ppa,MACHUPICCHU 138,36,26.33,40.68,45.88,0,0,0,0.3,20000,Ventanas críticas,0.0,28.9,Variable
cement_and_heavy_materials,balanced_30pct_spot_ppa,PARAGSHA2 138,36,26.05,34.57,44.47,0,0,0,0.3,20000,Ventanas críticas,0.0,27.03,Variable
cement_and_heavy_materials,balanced_30pct_spot_ppa,CHEVES 13.8,36,25.77,34.49,44.12,0,0,0,0.3,20000,Ventanas críticas,0.0,26.83,Variable
cement_and_heavy_materials,balanced_30pct_spot_ppa,CAHUA138,36,25.39,34.75,51.39,0,0,0,0.3,20000,Ventanas críticas,0.0,27.82,Variable
cement_and_heavy_materials,balanced_30pct_spot_ppa,DESIERTO 220,35,25.06,30.39,44.2,0,0,0,0.3,20000,Ventanas críticas,0.0,25.51,Variable
cement_and_heavy_materials,balanced_30pct_spot_ppa,CANTERA 220,36,24.84,29.73,45.15,0,0,0,0.3,20000,Ventanas críticas,0.0,25.38,Variable
cement_and_heavy_materials,balanced_30pct_spot_ppa,PUNTA LOMITAS II,36,24.62,29.08,34.93,0,0,0,0.3,20000,Ventanas críticas,0.0,23.59,Variable
cement_and_heavy_materials,balanced_30pct_spot_ppa,PUNTA LOMITAS I,36,24.59,29.17,33.5,0,0,0,0.3,20000,Ventanas críticas,0.0,23.38,Variable
cement_and_heavy_materials,balanced_30pct_spot_ppa,HUINCO 220,36,24.53,31.39,45.02,0,0,0,0.3,20000,Ventanas críticas,0.0,25.64,Variable
cement_and_heavy_materials,balanced_30pct_spot_ppa,CALLAHUANCA EDEGEL 220,36,24.51,28.71,36.24,0,0,0,0.3,20000,Ventanas críticas,0.0,23.64,Variable
cement_and_heavy_materials,balanced_30pct_spot_ppa,PARAGSHA2 220,36,24.19,33.47,43.05,0,0,0,0.3,20000,Ventanas críticas,0.0,25.71,Variable
cement_and_heavy_materials,balanced_30pct_spot_ppa,SAN JUAN 220,36,24.09,30.23,39.09,0,0,0,0.3,20000,Ventanas críticas,0.0,24.26,Variable
cement_and_heavy_materials,balanced_30pct_spot_ppa,HUANZA 220,36,23.98,31.01,43.28,0,0,0,0.3,20000,Ventanas críticas,0.0,25.03,Variable
cement_and_heavy_materials,balanced_30pct_spot_ppa,HUAMPANI 60,36,23.97,31.49,46.19,0,0,0,0.3,20000,Ventanas críticas,0.0,25.59,Variable
cement_and_heavy_materials,balanced_30pct_spot_ppa,CHILCA500,36,23.75,28.99,33.61,0,0,0,0.3,20000,Ventanas críticas,0.0,22.98,Variable
cement_and_heavy_materials,balanced_30pct_spot_ppa,OLLEROS 500,36,23.43,28.76,34.06,0,0,0,0.3,20000,Ventanas críticas,0.0,22.85,Variable
cement_and_heavy_materials,balanced_30pct_spot_ppa,POMACOCHA 220,36,23.34,29.16,31.88,0,0,0,0.3,20000,Ventanas críticas,0.0,22.58,Variable
cement_and_heavy_materials,balanced_30pct_spot_ppa,CS COENERGY 22.9,1,23.34,23.34,23.34,0,0,0,0.3,20000,Volatilidad,0.0,19.84,Variable
cement_and_heavy_materials,balanced_30pct_spot_ppa,SANTA ANA 138,6,23.22,28.15,31.42,0,0,0,0.3,20000,Ventanas críticas,0.0,22.2,Variable
cement_and_heavy_materials,balanced_30pct_spot_ppa,FENIX 500,36,23.1,28.35,33.41,0,0,0,0.3,20000,Ventanas críticas,0.0,22.49,Variable
cement_and_heavy_materials,balanced_30pct_spot_ppa,OROYA NUEVA 220,36,23.09,29.3,32.72,0,0,0,0.3,20000,Ventanas críticas,0.0,22.62,Variable
cement_and_heavy_materials,balanced_30pct_spot_ppa,CHIRIBAMBA 220,22,22.99,28.1,34.81,0,0,0,0.3,20000,Ventanas críticas,0.0,22.59,Variable
cement_and_heavy_materials,balanced_30pct_spot_ppa,PACHACHACA 220,36,22.87,28.32,32.59,0,0,0,0.3,20000,Ventanas críticas,0.0,22.26,Variable
cement_and_heavy_materials,balanced_30pct_spot_ppa,ALTO PRADERAS 220,36,22.78,28.86,44.8,0,0,0,0.3,20000,Ventanas críticas,0.0,24.19,Variable
cement_and_heavy_materials,balanced_30pct_spot_ppa,CARHUAMAYO 138,36,22.64,31.15,34.68,0,0,0,0.3,20000,Ventanas críticas,0.0,23.18,Variable
cement_and_heavy_materials,balanced_30pct_spot_ppa,MATUCANA 220,36,22.52,26.52,34.97,0,0,0,0.3,20000,Ventanas críticas,0.0,22.01,Variable
cement_and_heavy_materials,balanced_30pct_spot_ppa,ASIA 220,36,22.5,27.87,44.49,0,0,0,0.3,20000,Ventanas críticas,0.0,23.76,Variable
cement_and_heavy_materials,balanced_30pct_spot_ppa,YANANGO 220,36,22.43,28.31,34.66,0,0,0,0.3,20000,Ventanas críticas,0.0,22.37,Variable
cement_and_heavy_materials,balanced_30pct_spot_ppa,MOYOPAMPA 60,36,22.21,28.17,34.03,0,0,0,0.3,20000,Ventanas críticas,0.0,22.14,Variable
cement_and_heavy_materials,balanced_30pct_spot_ppa,SANTA ISABEL 220,36,21.65,30.22,34.37,0,0,0,0.3,20000,Ventanas críticas,0.0,22.45,Variable
cement_and_heavy_materials,balanced_30pct_spot_ppa,OROYA NUEVA 50,36,21.4,28.76,32.63,0,0,0,0.3,20000,Ventanas críticas,0.0,21.71,Variable
cement_and_heavy_materials,balanced_30pct_spot_ppa,CHAGLLA 220,36,20.92,31.18,33.29,0,0,0,0.3,20000,Ventanas críticas,0.0,22.2,Variable
cement_and_heavy_materials,balanced_30pct_spot_ppa,CONDORCOCHA 44,36,20.89,28.52,33.6,0,0,0,0.3,20000,Ventanas críticas,0.0,21.57,Variable
cement_and_heavy_materials,balanced_30pct_spot_ppa,CONDORCOCHA 138,36,20.55,27.93,33.5,0,0,0,0.3,20000,Ventanas críticas,0.0,21.25,Variable
cement_and_heavy_materials,balanced_30pct_spot_ppa,CHILCA UNO 220,36,20.44,25.52,32.62,0,0,0,0.3,20000,Ventanas críticas,0.0,20.47,Variable
cement_and_heavy_materials,balanced_30pct_spot_ppa,CHIMAY 220,36,20.28,25.5,31.58,0,0,0,0.3,20000,Ventanas críticas,0.0,20.24,Variable
cement_and_heavy_materials,balanced_30pct_spot_ppa,CARIPA 138,36,20.25,27.5,32.8,0,0,0,0.3,20000,Ventanas críticas,0.0,20.91,Variable
cement_and_heavy_materials,balanced_30pct_spot_ppa,HUAYUCACHI 220,36,20.05,24.5,28.62,0,0,0,0.3,20000,Ventanas críticas,0.0,19.44,Variable
cement_and_heavy_materials,balanced_30pct_spot_ppa,CH OROYA 50,36,19.86,25.64,31.56,0,0,0,0.3,20000,Ventanas críticas,0.0,20.08,Variable
cement_and_heavy_materials,balanced_30pct_spot_ppa,LAS FLORES 220,36,19.78,25.06,32.36,0,0,0,0.3,20000,Ventanas críticas,0.0,20.02,Variable
cement_and_heavy_materials,balanced_30pct_spot_ppa,HUANCAVELICA 220,36,19.75,24.11,29.87,0,0,0,0.3,20000,Ventanas críticas,0.0,19.4,Variable
cement_and_heavy_materials,balanced_30pct_spot_ppa,CHILCA DOS 13.8,36,19.52,25.12,31.51,0,0,0,0.3,20000,Ventanas críticas,0.0,19.79,Variable
cement_and_heavy_materials,balanced_30pct_spot_ppa,YAUPI 138,36,19.44,27.12,33.95,0,0,0,0.3,20000,Ventanas críticas,0.0,20.62,Variable
cement_and_heavy_materials,balanced_30pct_spot_ppa,CALLAHUANCA 60,36,19.34,25.05,34.04,0,0,0,0.3,20000,Ventanas críticas,0.0,20.07,Variable
cement_and_heavy_materials,balanced_30pct_spot_ppa,CERRO DEL AGUILA 220,36,19.1,24.48,28.77,0,0,0,0.3,20000,Ventanas críticas,0.0,19.03,Variable
cement_and_heavy_materials,balanced_30pct_spot_ppa,CHILCA REP 220,36,18.92,24.65,31.39,0,0,0,0.3,20000,Ventanas críticas,0.0,19.38,Variable
cement_and_heavy_materials,balanced_30pct_spot_ppa,LA VIRGEN 138,36,18.66,25.8,31.52,0,0,0,0.3,20000,Ventanas críticas,0.0,19.58,Variable
cement_and_heavy_materials,balanced_30pct_spot_ppa,YAUPI13.8,36,18.64,25.93,33.27,0,0,0,0.3,20000,Ventanas críticas,0.0,19.86,Variable
cement_and_heavy_materials,balanced_30pct_spot_ppa,YARUCAYA 13.8,36,17.85,22.97,34.88,0,0,0,0.3,20000,Ventanas críticas,0.0,19.01,Variable
cement_and_heavy_materials,balanced_30pct_spot_ppa,CAMPO ARMIÑO 220,36,17.18,21.18,23.36,0,0,0,0.3,20000,Ventanas críticas,0.0,16.53,Variable
cement_and_heavy_materials,balanced_30pct_spot_ppa,MALPASO 50,36,17.15,22.23,27.64,0,0,0,0.3,20000,Ventanas críticas,0.0,17.42,Variable
cement_and_heavy_materials,balanced_30pct_spot_ppa,RESTITUCIÓN 220,36,16.69,20.65,22.69,0,0,0,0.3,20000,Ventanas críticas,0.0,16.08,Variable
cement_and_heavy_materials,balanced_30pct_spot_ppa,PLATANAL 220,36,15.47,19.85,21.78,0,0,0,0.3,20000,Ventanas críticas,0.0,15.19,Variable
cement_and_heavy_materials,balanced_30pct_spot_ppa,CORACORA 60,4,15.24,23.71,28.12,0,0,4,0.3,20000,Prima de estrés,0.0,17.0,Variable
cement_and_heavy_materials,balanced_30pct_spot_ppa,NAZCA 22.9,4,14.82,23.25,27.74,0,0,4,0.3,20000,Prima de estrés,0.0,16.64,Variable
cement_and_heavy_materials,balanced_30pct_spot_ppa,LLIPATA 60,4,14.28,22.8,27.61,0,0,4,0.3,20000,Prima de estrés,0.0,16.27,Variable
cement_and_heavy_materials,balanced_30pct_spot_ppa,ALTO LA LUNA 10,14,12.41,19.3,21.71,0,0,11,0.3,20000,Prima de estrés,0.0,13.67,Variable
cement_and_heavy_materials,balanced_30pct_spot_ppa,ALTO LA LUNA 60,14,12.11,18.81,21.14,0,0,11,0.3,20000,Prima de estrés,0.0,13.32,Variable
cement_and_heavy_materials,balanced_30pct_spot_ppa,PISCO 10,14,11.9,18.27,20.83,0,0,11,0.3,20000,Prima de estrés,0.0,13.05,Variable
cement_and_heavy_materials,balanced_30pct_spot_ppa,VILLACURI 22.9,14,11.8,18.53,21.37,0,0,11,0.3,20000,Prima de estrés,0.0,13.15,Variable
cement_and_heavy_materials,balanced_30pct_spot_ppa,PARACAS 22,14,11.73,18.26,24.37,0,0,11,0.3,20000,Prima de estrés,0.0,13.5,Variable
cement_and_heavy_materials,balanced_30pct_spot_ppa,PARACAS 10,14,11.65,17.81,24.55,0,0,11,0.3,20000,Prima de estrés,0.0,13.38,Variable
cement_and_heavy_materials,balanced_30pct_spot_ppa,TAMBO DE MORA 10,5,11.31,16.84,22.05,0,0,4,0.3,20000,Prima de estrés,0.0,12.61,Variable
cement_and_heavy_materials,balanced_30pct_spot_ppa,VILLACURI 60,14,11.01,17.07,20.25,0,0,11,0.3,20000,Prima de estrés,0.0,12.26,Variable
cement_and_heavy_materials,balanced_30pct_spot_ppa,PEDREGAL 10,5,10.82,16.49,21.48,0,0,4,0.3,20000,Prima de estrés,0.0,12.21,Variable
cement_and_heavy_materials,balanced_30pct_spot_ppa,PUEBLO NUEVO 10,5,10.34,14.9,17.84,0,0,4,0.3,20000,Prima de estrés,0.0,11.06,Variable
cement_and_heavy_materials,balanced_30pct_spot_ppa,INDEPENDENCIA 10,14,10.08,14.66,22.55,0,0,11,0.3,20000,Prima de estrés,0.0,11.59,Variable
cement_and_heavy_materials,balanced_30pct_spot_ppa,CHALA 60,1,8.67,8.67,8.67,0,0,1,0.3,20000,Prima de estrés,0.0,7.37,Variable
cement_and_heavy_materials,balanced_30pct_spot_ppa,BELLA UNION 60,1,8.23,8.23,8.23,0,0,1,0.3,20000,Prima de estrés,0.0,6.99,Variable
cement_and_heavy_materials,balanced_30pct_spot_ppa,JAHUAY 60,1,7.71,7.71,7.71,0,0,1,0.3,20000,Prima de estrés,0.0,6.55,Variable
cement_and_heavy_materials,balanced_30pct_spot_ppa,FUNSUR 60,1,7.6,7.6,7.6,0,0,1,0.3,20000,Prima de estrés,0.0,6.46,Variable
cement_and_heavy_materials,balanced_30pct_spot_ppa,MINA 60,1,7.03,7.03,7.03,0,0,1,0.3,20000,Prima de estrés,0.0,5.98,Variable
cement_and_heavy_materials,balanced_30pct_spot_ppa,HUARANGO 60,1,6.51,6.51,6.51,0,0,1,0.3,20000,Prima de estrés,0.0,5.54,Variable
cement_and_heavy_materials,balanced_30pct_spot_ppa,LOMAS 60,1,6.51,6.51,6.51,0,0,1,0.3,20000,Prima de estrés,0.0,5.54,Variable
cement_and_heavy_materials,fixed_reference_ppa,PLANTAETANOL 60,36,41.45,51.02,53.4,0,0,0,0.0,20000,Nivel de precio,0.0,39.42,Estable
cement_and_heavy_materials,fixed_reference_ppa,HUAYLLACHO 15,36,41.32,50.74,53.77,0,0,0,0.0,20000,Nivel de precio,0.0,39.35,Estable
cement_and_heavy_materials,fixed_reference_ppa,ZORRITOS 220,36,41.23,51.14,53.39,0,0,0,0.0,20000,Nivel de precio,0.0,39.35,Estable
cement_and_heavy_materials,fixed_reference_ppa,SAN IGNACIO 15,36,41.18,50.46,53.63,0,0,0,0.0,20000,Nivel de precio,0.0,39.19,Estable
cement_and_heavy_materials,fixed_reference_ppa,SAN ANTONIO 15,36,41.17,50.46,53.63,0,0,0,0.0,20000,Nivel de precio,0.0,39.19,Estable
cement_and_heavy_materials,fixed_reference_ppa,NCTUMBES60,36,41.09,51.23,53.46,0,0,0,0.0,20000,Nivel de precio,0.0,39.32,Estable
cement_and_heavy_materials,fixed_reference_ppa,GE1 33,36,40.82,50.47,52.23,0,0,0,0.0,20000,Nivel de precio,0.0,38.82,Estable
cement_and_heavy_materials,fixed_reference_ppa,TINTAYA EXISTENTE 138,36,40.69,50.28,53.56,0,0,0,0.0,20000,Nivel de precio,0.0,38.91,Estable
cement_and_heavy_materials,fixed_reference_ppa,PIURA OESTE 220,36,40.55,50.63,51.33,0,0,0,0.0,20000,Nivel de precio,0.0,38.61,Estable
cement_and_heavy_materials,fixed_reference_ppa,MISAPUQUIO 33,36,40.53,50.19,53.46,0,0,0,0.0,20000,Nivel de precio,0.0,38.8,Estable
cement_and_heavy_materials,fixed_reference_ppa,TALARA 220,36,40.5,50.3,51.19,0,0,0,0.0,20000,Nivel de precio,0.0,38.48,Estable
cement_and_heavy_materials,fixed_reference_ppa,TINTAYA NUEVA 220,36,40.49,49.96,53.31,0,0,0,0.0,20000,Nivel de precio,0.0,38.71,Estable
cement_and_heavy_materials,fixed_reference_ppa,BELAUNDE 138,36,40.49,49.74,52.5,0,0,0,0.0,20000,Nivel de precio,0.0,38.53,Estable
cement_and_heavy_materials,fixed_reference_ppa,GALLITO CIEGO 60,36,40.48,49.54,52.45,0,0,0,0.0,20000,Nivel de precio,0.0,38.47,Estable
cement_and_heavy_materials,fixed_reference_ppa,TALARA13.2,36,40.35,50.44,51.38,0,0,0,0.0,20000,Nivel de precio,0.0,38.47,Estable
cement_and_heavy_materials,fixed_reference_ppa,VALLE DEL CHIRA 220,14,37.35,47.05,48.66,0,0,0,0.0,20000,Nivel de precio,0.0,35.87,Estable
cement_and_heavy_materials,fixed_reference_ppa,PARIAC 66,36,37.29,46.96,50.3,0,0,0,0.0,20000,Nivel de precio,0.0,36.07,Estable
cement_and_heavy_materials,fixed_reference_ppa,JULIACA10,36,36.38,45.54,48.9,0,0,0,0.0,20000,Nivel de precio,0.0,35.09,Estable
cement_and_heavy_materials,fixed_reference_ppa,JAEN 138,24,35.18,45.16,48.05,0,0,0,0.0,20000,Nivel de precio,0.0,34.33,Estable
cement_and_heavy_materials,fixed_reference_ppa,TOCACHE 138,36,33.25,42.32,46.64,0,0,0,0.0,20000,Nivel de precio,0.0,32.54,Estable
cement_and_heavy_materials,fixed_reference_ppa,JULIACA 138,36,32.03,41.32,44.51,0,0,0,0.0,20000,Nivel de precio,0.0,31.42,Estable
cement_and_heavy_materials,fixed_reference_ppa,GUADALUPE 60,36,31.85,40.43,42.89,0,0,0,0.0,20000,Nivel de precio,0.0,30.88,Estable
cement_and_heavy_materials,fixed_reference_ppa,CALLALLI 138,36,31.0,40.75,44.46,0,0,0,0.0,20000,Nivel de precio,0.0,30.81,Estable
cement_and_heavy_materials,fixed_reference_ppa,LA BREA 220,21,30.48,39.77,42.3,0,0,0,0.0,20000,Nivel de precio,0.0,30.0,Estable
cement_and_heavy_materials,fixed_reference_ppa,AYAVIRI 138,36,29.85,39.53,42.86,0,0,0,0.0,20000,Nivel de precio,0.0,29.74,Estable
cement_and_heavy_materials,fixed_reference_ppa,PUERTO MALDONADO 10,36,29.84,39.85,42.48,0,0,0,0.0,20000,Nivel de precio,0.0,29.76,Estable
cement_and_heavy_materials,fixed_reference_ppa,PUNO 138,36,29.79,39.04,42.47,0,0,0,0.0,20000,Nivel de precio,0.0,29.53,Estable
cement_and_heavy_materials,fixed_reference_ppa,PUERTO MALDONADO 138,36,29.77,39.49,43.48,0,0,0,0.0,20000,Nivel de precio,0.0,29.79,Estable
cement_and_heavy_materials,fixed_reference_ppa,CHICLAYO 220,36,29.77,38.73,40.38,0,0,0,0.0,20000,Nivel de precio,0.0,29.14,Estable
cement_and_heavy_materials,fixed_reference_ppa,ILO1 138,36,29.72,38.46,42.11,0,0,0,0.0,20000,Nivel de precio,0.0,29.31,Estable
cement_and_heavy_materials,fixed_reference_ppa,PUNO 220,36,29.51,38.89,42.17,0,0,0,0.0,20000,Nivel de precio,0.0,29.33,Estable
cement_and_heavy_materials,fixed_reference_ppa,TOQUEPALA 138,36,29.51,38.03,42.07,0,0,0,0.0,20000,Nivel de precio,0.0,29.1,Estable
cement_and_heavy_materials,fixed_reference_ppa,CACLIC 220,36,29.48,38.4,40.71,0,0,0,0.0,20000,Nivel de precio,0.0,28.97,Estable
cement_and_heavy_materials,fixed_reference_ppa,CT ETEN 220,36,29.47,38.27,40.28,0,0,0,0.0,20000,Nivel de precio,0.0,28.87,Estable
cement_and_heavy_materials,fixed_reference_ppa,RECKA 220,36,29.45,38.23,40.09,0,0,0,0.0,20000,Nivel de precio,0.0,28.82,Estable
cement_and_heavy_materials,fixed_reference_ppa,MOLLENDO 138,36,29.44,38.75,42.31,0,0,0,0.0,20000,Nivel de precio,0.0,29.28,Estable
cement_and_heavy_materials,fixed_reference_ppa,ETEN 18,36,29.41,38.14,40.19,0,0,0,0.0,20000,Nivel de precio,0.0,28.8,Estable
cement_and_heavy_materials,fixed_reference_ppa,RECKA 18,36,29.4,38.23,39.99,0,0,0,0.0,20000,Nivel de precio,0.0,28.78,Estable
cement_and_heavy_materials,fixed_reference_ppa,ILO ELP 138,36,29.35,38.18,41.81,0,0,0,0.0,20000,Nivel de precio,0.0,29.02,Estable
cement_and_heavy_materials,fixed_reference_ppa,AZANGARO 138,36,29.32,38.76,42.31,0,0,0,0.0,20000,Nivel de precio,0.0,29.23,Estable
cement_and_heavy_materials,fixed_reference_ppa,PUCALLPA 60,36,29.3,37.67,43.04,0,0,0,0.0,20000,Nivel de precio,0.0,29.06,Estable
cement_and_heavy_materials,fixed_reference_ppa,CT PLANTA PUCALLPA 60,36,29.27,37.47,42.94,0,0,0,0.0,20000,Nivel de precio,0.0,28.98,Estable
cement_and_heavy_materials,fixed_reference_ppa,LA NIÑA 220,36,29.22,37.96,40.47,0,0,0,0.0,20000,Nivel de precio,0.0,28.71,Estable
cement_and_heavy_materials,fixed_reference_ppa,CUTERVO 138,36,29.21,37.91,39.5,0,0,0,0.0,20000,Nivel de precio,0.0,28.55,Estable
cement_and_heavy_materials,fixed_reference_ppa,CHILINA 33,36,29.04,38.49,41.32,0,0,0,0.0,20000,Nivel de precio,0.0,28.89,Estable
cement_and_heavy_materials,fixed_reference_ppa,ARICOTA2 138,36,29.02,37.38,41.56,0,0,0,0.0,20000,Nivel de precio,0.0,28.64,Estable
cement_and_heavy_materials,fixed_reference_ppa,PUCALLPA 138,36,28.95,36.98,42.53,0,0,0,0.0,20000,Nivel de precio,0.0,28.65,Estable
cement_and_heavy_materials,fixed_reference_ppa,COMBAPATA 138,36,28.9,38.31,40.45,0,0,0,0.0,20000,Nivel de precio,0.0,28.65,Estable
cement_and_heavy_materials,fixed_reference_ppa,BOTIFLACA 138,36,28.9,37.67,41.48,0,0,0,0.0,20000,Nivel de precio,0.0,28.64,Estable
cement_and_heavy_materials,fixed_reference_ppa,REPARTICIÓN 138,36,28.74,37.77,41.6,0,0,0,0.0,20000,Nivel de precio,0.0,28.62,Estable
cement_and_heavy_materials,fixed_reference_ppa,GUADALUPE 220,36,28.74,37.13,39.7,0,0,0,0.0,20000,Nivel de precio,0.0,28.17,Estable
cement_and_heavy_materials,fixed_reference_ppa,ARICOTA 66,36,28.71,36.91,41.25,0,0,0,0.0,20000,Nivel de precio,0.0,28.33,Estable
cement_and_heavy_materials,fixed_reference_ppa,PLANTA CASA GRANDE 13.8,1,28.48,28.48,28.48,0,0,0,0.0,20000,Nivel de precio,0.0,24.21,Sensible
cement_and_heavy_materials,fixed_reference_ppa,LOS HEROES 66,36,28.44,36.69,40.55,0,0,0,0.0,20000,Nivel de precio,0.0,28.05,Variable
cement_and_heavy_materials,fixed_reference_ppa,CHILINA 138,36,28.41,37.53,41.23,0,0,0,0.0,20000,Nivel de precio,0.0,28.35,Variable
cement_and_heavy_materials,fixed_reference_ppa,ARICOTA1 66,36,28.35,36.67,40.4,0,0,0,0.0,20000,Nivel de precio,0.0,27.99,Variable
cement_and_heavy_materials,fixed_reference_ppa,AUCAYACU 138,36,28.29,36.15,40.47,0,0,0,0.0,20000,Nivel de precio,0.0,27.84,Variable
cement_and_heavy_materials,fixed_reference_ppa,PLANTA SAN JACINTO 13.8,36,28.19,35.84,39.31,0,0,0,0.0,20000,Nivel de precio,0.0,27.54,Variable
cement_and_heavy_materials,fixed_reference_ppa,CERRO VERDE 138,36,28.05,36.76,40.02,0,0,0,0.0,20000,Nivel de precio,0.0,27.82,Variable
cement_and_heavy_materials,fixed_reference_ppa,LOS HEROES 220,36,28.03,36.1,39.92,0,0,0,0.0,20000,Nivel de precio,0.0,27.63,Variable
cement_and_heavy_materials,fixed_reference_ppa,CAJAMARCA 220,36,28.02,36.56,38.71,0,0,0,0.0,20000,Nivel de precio,0.0,27.56,Variable
cement_and_heavy_materials,fixed_reference_ppa,BIOENERGIA 13.8,36,27.99,37.44,39.32,0,0,0,0.0,20000,Nivel de precio,0.0,27.85,Variable
cement_and_heavy_materials,fixed_reference_ppa,TRUJILLO 220,36,27.85,35.52,39.6,0,0,0,0.0,20000,Nivel de precio,0.0,27.35,Variable
cement_and_heavy_materials,fixed_reference_ppa,CARHUAQUERO 220,36,27.83,36.54,38.7,0,0,0,0.0,20000,Nivel de precio,0.0,27.46,Variable
cement_and_heavy_materials,fixed_reference_ppa,SANTUARIO 138,36,27.66,36.46,40.09,0,0,0,0.0,20000,Nivel de precio,0.0,27.57,Variable
cement_and_heavy_materials,fixed_reference_ppa,AGROLMOS 60,6,27.66,35.34,36.97,0,0,0,0.0,20000,Nivel de precio,0.0,26.83,Variable
cement_and_heavy_materials,fixed_reference_ppa,MOQUEGUA 138,36,27.64,35.73,39.26,0,0,0,0.0,20000,Nivel de precio,0.0,27.26,Variable
cement_and_heavy_materials,fixed_reference_ppa,SOCABAYA 138,36,27.47,36.37,39.53,0,0,0,0.0,20000,Nivel de precio,0.0,27.38,Variable
cement_and_heavy_materials,fixed_reference_ppa,MOQUEGUA 220,36,27.39,35.49,38.81,0,0,0,0.0,20000,Nivel de precio,0.0,27.02,Variable
cement_and_heavy_materials,fixed_reference_ppa,DUNA HUAMBOS 34.5,31,27.25,34.87,39.17,0,0,0,0.0,20000,Nivel de precio,0.0,26.86,Variable
cement_and_heavy_materials,fixed_reference_ppa,LA RAMADA 220,36,27.23,35.25,38.36,0,0,0,0.0,20000,Nivel de precio,0.0,26.82,Variable
cement_and_heavy_materials,fixed_reference_ppa,CHARCANI VI 33,36,27.23,34.43,37.68,0,0,0,0.0,20000,Nivel de precio,0.0,26.51,Variable
cement_and_heavy_materials,fixed_reference_ppa,CHAPARRAL 138,18,27.21,33.62,35.95,0,0,0,0.0,20000,Volatilidad,0.0,26.04,Variable
cement_and_heavy_materials,fixed_reference_ppa,SOCABAYA 220,36,27.19,35.89,38.93,0,0,0,0.0,20000,Nivel de precio,0.0,27.05,Variable
cement_and_heavy_materials,fixed_reference_ppa,ILO2 220,36,27.14,35.13,38.59,0,0,0,0.0,20000,Nivel de precio,0.0,26.78,Variable
cement_and_heavy_materials,fixed_reference_ppa,MAZUCO138,36,27.08,37.41,42.55,0,0,0,0.0,20000,Volatilidad,0.0,27.92,Variable
cement_and_heavy_materials,fixed_reference_ppa,CHIMBOTE1 138,36,27.07,35.01,38.8,0,0,0,0.0,20000,Nivel de precio,0.0,26.76,Variable
cement_and_heavy_materials,fixed_reference_ppa,ZAÑA 60,36,27.07,34.69,39.32,0,0,0,0.0,20000,Nivel de precio,0.0,26.75,Variable
cement_and_heavy_materials,fixed_reference_ppa,HUALLIN60,21,27.06,34.72,38.98,0,0,0,0.0,20000,Nivel de precio,0.0,26.71,Sensible
cement_and_heavy_materials,fixed_reference_ppa,QUENCORO 138,36,26.96,36.05,38.9,0,0,0,0.0,20000,Nivel de precio,0.0,26.98,Variable
cement_and_heavy_materials,fixed_reference_ppa,MONTALVO 220,36,26.9,34.8,38.47,0,0,0,0.0,20000,Nivel de precio,0.0,26.58,Variable
cement_and_heavy_materials,fixed_reference_ppa,DOLORESPATA 138,36,26.8,35.88,38.81,0,0,0,0.0,20000,Nivel de precio,0.0,26.85,Variable
cement_and_heavy_materials,fixed_reference_ppa,CHIMBOTE1 220,36,26.8,34.41,39.1,0,0,0,0.0,20000,Nivel de precio,0.0,26.53,Variable
cement_and_heavy_materials,fixed_reference_ppa,QUITARACSA 220,36,26.62,34.77,37.95,0,0,0,0.0,20000,Nivel de precio,0.0,26.36,Variable
cement_and_heavy_materials,fixed_reference_ppa,AGUAYTIA 138,36,26.61,34.42,39.38,0,0,0,0.0,20000,Nivel de precio,0.0,26.49,Variable
cement_and_heavy_materials,fixed_reference_ppa,RUBI 220,33,26.47,34.08,38.38,0,0,0,0.0,20000,Volatilidad,0.0,26.19,Variable
cement_and_heavy_materials,fixed_reference_ppa,S.E. ILO4 500,36,26.47,33.76,37.64,0,0,0,0.0,20000,Nivel de precio,0.0,26.0,Variable
cement_and_heavy_materials,fixed_reference_ppa,AGUAYTIA 22.9,36,26.33,34.26,38.63,0,0,0,0.0,20000,Nivel de precio,0.0,26.21,Variable
cement_and_heavy_materials,fixed_reference_ppa,TINGO MARIA 138,36,26.28,33.65,37.52,0,0,0,0.0,20000,Nivel de precio,0.0,25.87,Variable
cement_and_heavy_materials,fixed_reference_ppa,PURMACANA 20,36,26.2,33.93,37.21,0,0,0,0.0,20000,Nivel de precio,0.0,25.85,Variable
cement_and_heavy_materials,fixed_reference_ppa,SANTIAGO DE CAO 138,1,26.18,26.18,26.18,0,0,0,0.0,20000,Prima de estrés,0.0,22.25,Sensible
cement_and_heavy_materials,fixed_reference_ppa,CACHIMAYO 138,36,26.17,35.14,38.53,0,0,0,0.0,20000,Nivel de precio,0.0,26.34,Variable
cement_and_heavy_materials,fixed_reference_ppa,PAQUILLUSI 220,9,26.16,33.5,35.72,0,0,0,0.0,20000,Volatilidad,0.0,25.5,Variable
cement_and_heavy_materials,fixed_reference_ppa,AGUAYTIA 220,36,26.12,34.11,38.34,0,0,0,0.0,20000,Nivel de precio,0.0,26.03,Variable
cement_and_heavy_materials,fixed_reference_ppa,CHARCANI I 33,36,26.12,33.86,36.7,0,0,0,0.0,20000,Nivel de precio,0.0,25.72,Variable
cement_and_heavy_materials,fixed_reference_ppa,SAN JOSE 500,36,26.05,33.53,37.13,0,0,0,0.0,20000,Nivel de precio,0.0,25.68,Variable
cement_and_heavy_materials,fixed_reference_ppa,PUERTO BRAVO 500,36,25.96,33.53,36.77,0,0,0,0.0,20000,Nivel de precio,0.0,25.58,Variable
cement_and_heavy_materials,fixed_reference_ppa,PUERTO BRAVO 18,36,25.87,33.27,36.68,0,0,0,0.0,20000,Nivel de precio,0.0,25.46,Variable
cement_and_heavy_materials,fixed_reference_ppa,SAN NICOLAS 13.8,36,25.76,32.46,40.78,0,0,0,0.0,20000,Prima de estrés,0.0,25.82,Variable
cement_and_heavy_materials,fixed_reference_ppa,HUALLANCA 138,36,25.76,33.52,37.71,0,0,0,0.0,20000,Nivel de precio,0.0,25.63,Variable
cement_and_heavy_materials,fixed_reference_ppa,SAN MARTIN 220,9,25.55,30.33,31.02,0,0,0,0.0,20000,Volatilidad,0.0,23.74,Variable
cement_and_heavy_materials,fixed_reference_ppa,HUANUCO 138,36,25.39,33.06,35.9,0,0,0,0.0,20000,Nivel de precio,0.0,25.07,Variable
cement_and_heavy_materials,fixed_reference_ppa,CARHUAQUERO 10_S,24,25.33,35.03,37.61,0,0,0,0.0,20000,Nivel de precio,0.0,25.8,Variable
cement_and_heavy_materials,fixed_reference_ppa,PARAMONGA NUEVA 220,36,25.13,32.37,36.37,0,0,0,0.0,20000,Ventanas críticas,0.0,24.86,Variable
cement_and_heavy_materials,fixed_reference_ppa,PIEDRA BLANCA 34.5,36,25.13,32.3,35.52,0,0,0,0.0,20000,Nivel de precio,0.0,24.71,Variable
cement_and_heavy_materials,fixed_reference_ppa,CHARCANI IV 33,36,24.98,32.86,36.26,0,0,0,0.0,20000,Ventanas críticas,0.0,24.9,Variable
cement_and_heavy_materials,fixed_reference_ppa,PARAMONGA NUEVA 138,36,24.95,32.4,36.59,0,0,0,0.0,20000,Ventanas críticas,0.0,24.81,Variable
cement_and_heavy_materials,fixed_reference_ppa,VIZCARRA 220,36,24.88,33.27,39.49,0,0,0,0.0,20000,Ventanas críticas,0.0,25.44,Variable
cement_and_heavy_materials,fixed_reference_ppa,PARAMONGA EXISTENTE 138,36,24.86,32.27,36.51,0,0,0,0.0,20000,Ventanas críticas,0.0,24.73,Variable
cement_and_heavy_materials,fixed_reference_ppa,COTARUSE 220,36,24.83,31.97,37.87,0,0,0,0.0,20000,Ventanas críticas,0.0,24.85,Variable
cement_and_heavy_materials,fixed_reference_ppa,MEDIO MUNDO 220,36,24.78,31.89,36.7,0,0,0,0.0,20000,Ventanas críticas,0.0,24.63,Variable
cement_and_heavy_materials,fixed_reference_ppa,SUNNY 220,4,24.55,30.34,32.02,0,0,0,0.0,20000,Volatilidad,0.0,23.44,Variable
cement_and_heavy_materials,fixed_reference_ppa,OQUENDO 60,36,24.5,30.82,38.4,0,0,0,0.0,20000,Ventanas críticas,0.0,24.49,Variable
cement_and_heavy_materials,fixed_reference_ppa,SAN GABAN 138,36,24.37,33.97,40.12,0,0,0,0.0,20000,Ventanas críticas,0.0,25.48,Variable
cement_and_heavy_materials,fixed_reference_ppa,TUPURI 22.9,36,24.35,34.4,40.67,0,0,0,0.0,20000,Ventanas críticas,0.0,25.66,Variable
cement_and_heavy_materials,fixed_reference_ppa,HUACHO 220,36,23.85,30.19,35.9,0,0,0,0.0,20000,Ventanas críticas,0.0,23.66,Variable
cement_and_heavy_materials,fixed_reference_ppa,PACHACHACA50,36,23.74,30.8,33.04,0,0,0,0.0,20000,Ventanas críticas,0.0,23.34,Variable
cement_and_heavy_materials,fixed_reference_ppa,LOMERA 220,36,23.73,30.65,36.45,0,0,0,0.0,20000,Ventanas críticas,0.0,23.81,Variable
cement_and_heavy_materials,fixed_reference_ppa,MARCONA 220,36,23.53,30.08,33.89,0,0,0,0.0,20000,Ventanas críticas,0.0,23.19,Variable
cement_and_heavy_materials,fixed_reference_ppa,POROMA 220,36,23.5,29.9,33.4,0,0,0,0.0,20000,Ventanas críticas,0.0,23.06,Variable
cement_and_heavy_materials,fixed_reference_ppa,ZAPALLAL 220,36,23.16,28.54,37.37,0,0,0,0.0,20000,Ventanas críticas,0.0,23.16,Variable
cement_and_heavy_materials,fixed_reference_ppa,CHAVARRIA 220,36,23.12,28.63,37.89,0,0,0,0.0,20000,Ventanas críticas,0.0,23.25,Variable
cement_and_heavy_materials,fixed_reference_ppa,SANTA TERESA 220,36,23.06,31.05,36.69,0,0,0,0.0,20000,Ventanas críticas,0.0,23.64,Variable
cement_and_heavy_materials,fixed_reference_ppa,VENTANILLA 220,36,22.85,28.13,37.58,0,0,0,0.0,20000,Ventanas críticas,0.0,22.95,Variable
cement_and_heavy_materials,fixed_reference_ppa,CARABAYLLO 220,36,22.85,28.29,37.15,0,0,0,0.0,20000,Ventanas críticas,0.0,22.93,Variable
cement_and_heavy_materials,fixed_reference_ppa,INDEPENDENCIA 60,36,22.43,27.91,36.04,0,0,0,0.0,20000,Ventanas críticas,0.0,22.48,Variable
cement_and_heavy_materials,fixed_reference_ppa,CT PISCO 60,36,22.43,27.91,36.04,0,0,0,0.0,20000,Ventanas críticas,0.0,22.48,Variable
cement_and_heavy_materials,fixed_reference_ppa,ICA 220,36,22.28,27.94,36.38,0,0,0,0.0,20000,Ventanas críticas,0.0,22.47,Variable
cement_and_heavy_materials,fixed_reference_ppa,CHEVES 220,36,22.17,29.07,34.48,0,0,0,0.0,20000,Ventanas críticas,0.0,22.41,Variable
cement_and_heavy_materials,fixed_reference_ppa,CAJAMARQUILLA 220,36,22.16,26.8,36.84,0,0,0,0.0,20000,Ventanas críticas,0.0,22.2,Variable
cement_and_heavy_materials,fixed_reference_ppa,MARAÑON 60,36,22.15,31.19,36.8,0,0,0,0.0,20000,Ventanas críticas,0.0,23.28,Variable
cement_and_heavy_materials,fixed_reference_ppa,INDUSTRIALES 220,36,22.11,27.22,34.71,0,0,0,0.0,20000,Ventanas críticas,0.0,21.96,Variable
cement_and_heavy_materials,fixed_reference_ppa,PLANICIE 220,36,22.04,26.93,29.61,0,0,0,0.0,20000,Ventanas críticas,0.0,21.09,Variable
cement_and_heavy_materials,fixed_reference_ppa,CT INDEPENDENCIA 60,36,21.97,27.17,35.57,0,0,0,0.0,20000,Ventanas críticas,0.0,22.02,Variable
cement_and_heavy_materials,fixed_reference_ppa,PARAGSHA2 138,36,21.85,28.95,32.51,0,0,0,0.0,20000,Ventanas críticas,0.0,21.95,Variable
cement_and_heavy_materials,fixed_reference_ppa,CHEVES 13.8,36,21.79,28.68,33.6,0,0,0,0.0,20000,Ventanas críticas,0.0,22.02,Variable
cement_and_heavy_materials,fixed_reference_ppa,MARCONA 60,27,21.72,27.14,28.72,0,0,2,0.0,20000,Ventanas críticas,0.0,20.86,Variable
cement_and_heavy_materials,fixed_reference_ppa,MACHUPICCHU 138,36,21.66,30.17,35.25,0,0,0,0.0,20000,Ventanas críticas,0.0,22.58,Variable
cement_and_heavy_materials,fixed_reference_ppa,SANTA ROSA 220,36,21.63,26.71,37.99,0,0,0,0.0,20000,Ventanas críticas,0.0,22.11,Variable
cement_and_heavy_materials,fixed_reference_ppa,CARAPONGO 220,36,21.61,26.44,36.41,0,0,0,0.0,20000,Ventanas críticas,0.0,21.79,Variable
cement_and_heavy_materials,fixed_reference_ppa,INDEPENDENCIA 220,36,21.58,27.37,36.29,0,0,0,0.0,20000,Ventanas críticas,0.0,22.0,Variable
cement_and_heavy_materials,fixed_reference_ppa,CAHUA138,36,21.52,30.22,36.62,0,0,0,0.0,20000,Ventanas críticas,0.0,22.73,Variable
cement_and_heavy_materials,fixed_reference_ppa,NAZCA NUEVA 220,23,21.33,26.62,27.11,0,0,0,0.0,20000,Ventanas críticas,0.0,20.32,Variable
cement_and_heavy_materials,fixed_reference_ppa,FLAMENCO 220,26,21.08,25.9,28.06,0,0,0,0.0,20000,Ventanas críticas,0.0,20.17,Variable
cement_and_heavy_materials,fixed_reference_ppa,ERSUR 220,26,20.97,25.83,28.01,0,0,0,0.0,20000,Ventanas críticas,0.0,20.1,Variable
cement_and_heavy_materials,fixed_reference_ppa,PARAGSHA2 220,36,20.82,28.56,32.24,0,0,0,0.0,20000,Ventanas críticas,0.0,21.35,Variable
cement_and_heavy_materials,fixed_reference_ppa,PUNTA LOMITAS II,36,20.58,25.4,27.36,0,0,0,0.0,20000,Ventanas críticas,0.0,19.72,Variable
cement_and_heavy_materials,fixed_reference_ppa,CHINCHA NUEVA 220,23,20.54,27.71,35.13,0,0,0,0.0,20000,Ventanas críticas,0.0,21.44,Variable
cement_and_heavy_materials,fixed_reference_ppa,PUNTA LOMITAS I,36,20.5,25.6,26.91,0,0,0,0.0,20000,Ventanas críticas,0.0,19.66,Variable
cement_and_heavy_materials,fixed_reference_ppa,CALLAHUANCA EDEGEL 220,36,20.18,25.44,34.0,0,0,0,0.0,20000,Ventanas críticas,0.0,20.54,Variable
cement_and_heavy_materials,fixed_reference_ppa,DESIERTO 220,35,20.14,25.48,34.39,0,0,0,0.0,20000,Ventanas críticas,0.0,20.59,Variable
cement_and_heavy_materials,fixed_reference_ppa,CANTERA 220,36,20.12,25.94,34.58,0,0,0,0.0,20000,Ventanas críticas,0.0,20.73,Variable
cement_and_heavy_materials,fixed_reference_ppa,HUANCHOR 50,36,20.1,29.9,38.75,0,0,0,0.0,20000,Ventanas críticas,0.0,22.33,Variable
cement_and_heavy_materials,fixed_reference_ppa,HUAMPANI 60,36,19.85,25.4,35.72,0,0,0,0.0,20000,Ventanas críticas,0.0,20.64,Variable
cement_and_heavy_materials,fixed_reference_ppa,HUINCO 220,36,19.82,24.83,35.94,0,0,0,0.0,20000,Ventanas críticas,0.0,20.52,Variable
cement_and_heavy_materials,fixed_reference_ppa,HUANZA 220,36,19.82,25.67,34.24,0,0,0,0.0,20000,Ventanas críticas,0.0,20.47,Variable
cement_and_heavy_materials,fixed_reference_ppa,OROYA NUEVA 220,36,19.78,25.65,28.64,0,0,0,0.0,20000,Ventanas críticas,0.0,19.61,Variable
cement_and_heavy_materials,fixed_reference_ppa,CARHUAMAYO 138,36,19.76,28.0,31.79,0,0,0,0.0,20000,Ventanas críticas,0.0,20.66,Variable
cement_and_heavy_materials,fixed_reference_ppa,POMACOCHA 220,36,19.66,24.71,27.67,0,0,0,0.0,20000,Ventanas críticas,0.0,19.18,Variable
cement_and_heavy_materials,fixed_reference_ppa,SAN JUAN 220,36,19.53,25.13,27.6,0,0,0,0.0,20000,Ventanas críticas,0.0,19.21,Variable
cement_and_heavy_materials,fixed_reference_ppa,CHILCA500,36,19.45,23.56,30.42,0,0,0,0.0,20000,Ventanas críticas,0.0,19.21,Variable
cement_and_heavy_materials,fixed_reference_ppa,SANTA ANA 138,6,19.45,25.03,27.94,0,0,0,0.0,20000,Ventanas críticas,0.0,19.2,Variable
cement_and_heavy_materials,fixed_reference_ppa,PACHACHACA 220,36,19.31,24.06,27.35,0,0,0,0.0,20000,Ventanas críticas,0.0,18.81,Variable
cement_and_heavy_materials,fixed_reference_ppa,OLLEROS 500,36,19.16,23.22,29.79,0,0,0,0.0,20000,Ventanas críticas,0.0,18.9,Variable
cement_and_heavy_materials,fixed_reference_ppa,SANTA ISABEL 220,36,18.94,26.7,31.51,0,0,0,0.0,20000,Ventanas críticas,0.0,19.92,Variable
cement_and_heavy_materials,fixed_reference_ppa,FENIX 500,36,18.85,23.05,30.58,0,0,0,0.0,20000,Ventanas críticas,0.0,18.83,Variable
cement_and_heavy_materials,fixed_reference_ppa,MATUCANA 220,36,18.83,23.55,32.78,0,0,0,0.0,20000,Ventanas críticas,0.0,19.28,Variable
cement_and_heavy_materials,fixed_reference_ppa,OROYA NUEVA 50,36,18.61,24.21,29.7,0,0,0,0.0,20000,Ventanas críticas,0.0,18.88,Variable
cement_and_heavy_materials,fixed_reference_ppa,CHAGLLA 220,36,18.45,28.41,30.53,0,0,0,0.0,20000,Ventanas críticas,0.0,19.98,Variable
cement_and_heavy_materials,fixed_reference_ppa,YANANGO 220,36,18.45,24.04,26.52,0,0,0,0.0,20000,Ventanas críticas,0.0,18.29,Variable
cement_and_heavy_materials,fixed_reference_ppa,ALTO PRADERAS 220,36,18.37,24.62,29.05,0,0,0,0.0,20000,Ventanas críticas,0.0,18.78,Variable
cement_and_heavy_materials,fixed_reference_ppa,CONDORCOCHA 44,36,18.28,25.95,30.75,0,0,0,0.0,20000,Ventanas críticas,0.0,19.32,Variable
cement_and_heavy_materials,fixed_reference_ppa,CHIRIBAMBA 220,22,18.23,24.55,32.42,0,0,0,0.0,20000,Ventanas críticas,0.0,19.2,Variable
cement_and_heavy_materials,fixed_reference_ppa,MOYOPAMPA 60,36,18.23,22.65,25.97,0,0,0,0.0,20000,Ventanas críticas,0.0,17.76,Variable
cement_and_heavy_materials,fixed_reference_ppa,ASIA 220,36,18.21,24.28,33.92,0,0,0,0.0,20000,Ventanas críticas,0.0,19.35,Variable
cement_and_heavy_materials,fixed_reference_ppa,CONDORCOCHA 138,36,17.95,25.6,30.65,0,0,0,0.0,20000,Ventanas críticas,0.0,19.07,Variable
cement_and_heavy_materials,fixed_reference_ppa,CARIPA 138,36,17.68,25.17,29.97,0,0,0,0.0,20000,Ventanas críticas,0.0,18.75,Variable
cement_and_heavy_materials,fixed_reference_ppa,CS COENERGY 22.9,1,17.5,17.5,17.5,0,0,0,0.0,20000,Volatilidad,0.0,14.88,Variable
cement_and_heavy_materials,fixed_reference_ppa,CH OROYA 50,36,17.17,22.04,28.66,0,0,0,0.0,20000,Ventanas críticas,0.0,17.54,Variable
cement_and_heavy_materials,fixed_reference_ppa,YAUPI 138,36,17.05,24.52,31.14,0,0,0,0.0,20000,Ventanas críticas,0.0,18.47,Variable
cement_and_heavy_materials,fixed_reference_ppa,HUAYUCACHI 220,36,17.05,21.4,25.98,0,0,0,0.0,20000,Ventanas críticas,0.0,16.92,Variable
cement_and_heavy_materials,fixed_reference_ppa,CHIMAY 220,36,16.84,22.15,23.16,0,0,0,0.0,20000,Ventanas críticas,0.0,16.59,Variable
cement_and_heavy_materials,fixed_reference_ppa,CHILCA UNO 220,36,16.71,21.12,25.08,0,0,0,0.0,20000,Ventanas críticas,0.0,16.56,Variable
cement_and_heavy_materials,fixed_reference_ppa,HUANCAVELICA 220,36,16.56,20.91,27.48,0,0,0,0.0,20000,Ventanas críticas,0.0,16.8,Variable
cement_and_heavy_materials,fixed_reference_ppa,CALLAHUANCA 60,36,16.38,21.4,31.84,0,0,0,0.0,20000,Ventanas críticas,0.0,17.5,Variable
cement_and_heavy_materials,fixed_reference_ppa,LAS FLORES 220,36,16.31,20.42,24.14,0,0,0,0.0,20000,Ventanas críticas,0.0,16.07,Variable
cement_and_heavy_materials,fixed_reference_ppa,YAUPI13.8,36,16.27,23.24,30.47,0,0,0,0.0,20000,Ventanas críticas,0.0,17.7,Variable
cement_and_heavy_materials,fixed_reference_ppa,LA VIRGEN 138,36,16.26,23.47,28.74,0,0,0,0.0,20000,Ventanas críticas,0.0,17.5,Variable
cement_and_heavy_materials,fixed_reference_ppa,CERRO DEL AGUILA 220,36,16.15,21.14,23.78,0,0,0,0.0,20000,Ventanas críticas,0.0,16.12,Variable
cement_and_heavy_materials,fixed_reference_ppa,CHILCA DOS 13.8,36,15.86,20.48,23.76,0,0,0,0.0,20000,Ventanas críticas,0.0,15.82,Variable
cement_and_heavy_materials,fixed_reference_ppa,YARUCAYA 13.8,36,15.45,20.63,32.31,0,0,0,0.0,20000,Ventanas críticas,0.0,16.96,Variable
cement_and_heavy_materials,fixed_reference_ppa,CHILCA REP 220,36,15.39,20.64,23.17,0,0,0,0.0,20000,Ventanas críticas,0.0,15.56,Variable
cement_and_heavy_materials,fixed_reference_ppa,CORACORA 60,4,15.24,23.71,28.12,0,0,4,0.0,20000,Prima de estrés,0.0,17.0,Variable
cement_and_heavy_materials,fixed_reference_ppa,NAZCA 22.9,4,14.82,23.25,27.74,0,0,4,0.0,20000,Prima de estrés,0.0,16.64,Variable
cement_and_heavy_materials,fixed_reference_ppa,CAMPO ARMIÑO 220,36,14.8,18.79,21.12,0,0,0,0.0,20000,Ventanas críticas,0.0,14.52,Variable
cement_and_heavy_materials,fixed_reference_ppa,MALPASO 50,36,14.76,19.99,24.84,0,0,0,0.0,20000,Ventanas críticas,0.0,15.37,Variable
cement_and_heavy_materials,fixed_reference_ppa,RESTITUCIÓN 220,36,14.31,18.28,20.46,0,0,0,0.0,20000,Ventanas críticas,0.0,14.08,Variable
cement_and_heavy_materials,fixed_reference_ppa,LLIPATA 60,4,14.28,22.8,27.61,0,0,4,0.0,20000,Prima de estrés,0.0,16.27,Variable
cement_and_heavy_materials,fixed_reference_ppa,PLATANAL 220,36,12.93,16.87,19.62,0,0,0,0.0,20000,Ventanas críticas,0.0,12.98,Variable
cement_and_heavy_materials,fixed_reference_ppa,ALTO LA LUNA 10,14,11.55,15.12,16.57,0,0,11,0.0,20000,Prima de estrés,0.0,11.46,Variable
cement_and_heavy_materials,fixed_reference_ppa,ALTO LA LUNA 60,14,11.25,14.59,16.07,0,0,11,0.0,20000,Prima de estrés,0.0,11.12,Variable
cement_and_heavy_materials,fixed_reference_ppa,PISCO 10,14,11.03,14.22,15.53,0,0,11,0.0,20000,Prima de estrés,0.0,10.85,Variable
cement_and_heavy_materials,fixed_reference_ppa,VILLACURI 22.9,14,10.95,14.44,16.32,0,0,11,0.0,20000,Prima de estrés,0.0,10.99,Variable
cement_and_heavy_materials,fixed_reference_ppa,PARACAS 22,14,10.87,14.44,19.3,0,0,11,0.0,20000,Prima de estrés,0.0,11.39,Variable
cement_and_heavy_materials,fixed_reference_ppa,PARACAS 10,14,10.79,14.45,19.47,0,0,11,0.0,20000,Prima de estrés,0.0,11.39,Variable
cement_and_heavy_materials,fixed_reference_ppa,VILLACURI 60,14,10.17,12.98,15.24,0,0,11,0.0,20000,Prima de estrés,0.0,10.11,Variable
cement_and_heavy_materials,fixed_reference_ppa,TAMBO DE MORA 10,5,10.16,13.36,16.26,0,0,4,0.0,20000,Prima de estrés,0.0,10.35,Variable
cement_and_heavy_materials,fixed_reference_ppa,PEDREGAL 10,5,9.66,13.03,15.71,0,0,4,0.0,20000,Prima de estrés,0.0,9.96,Variable
cement_and_heavy_materials,fixed_reference_ppa,INDEPENDENCIA 10,14,9.26,11.69,16.76,0,0,11,0.0,20000,Prima de estrés,0.0,9.6,Variable
cement_and_heavy_materials,fixed_reference_ppa,PUEBLO NUEVO 10,5,9.18,11.41,12.03,0,0,4,0.0,20000,Prima de estrés,0.0,8.79,Variable
cement_and_heavy_materials,fixed_reference_ppa,CHALA 60,1,8.67,8.67,8.67,0,0,1,0.0,20000,Prima de estrés,0.0,7.37,Variable
cement_and_heavy_materials,fixed_reference_ppa,BELLA UNION 60,1,8.23,8.23,8.23,0,0,1,0.0,20000,Prima de estrés,0.0,6.99,Variable
cement_and_heavy_materials,fixed_reference_ppa,JAHUAY 60,1,7.71,7.71,7.71,0,0,1,0.0,20000,Prima de estrés,0.0,6.55,Variable
cement_and_heavy_materials,fixed_reference_ppa,FUNSUR 60,1,7.6,7.6,7.6,0,0,1,0.0,20000,Prima de estrés,0.0,6.46,Variable
cement_and_heavy_materials,fixed_reference_ppa,MINA 60,1,7.03,7.03,7.03,0,0,1,0.0,20000,Prima de estrés,0.0,5.98,Variable
cement_and_heavy_materials,fixed_reference_ppa,HUARANGO 60,1,6.51,6.51,6.51,0,0,1,0.0,20000,Prima de estrés,0.0,5.54,Variable
cement_and_heavy_materials,fixed_reference_ppa,LOMAS 60,1,6.51,6.51,6.51,0,0,1,0.0,20000,Prima de estrés,0.0,5.54,Variable
cement_and_heavy_materials,full_spot_exposure,HUAYLLACHO 15,36,65.11,75.41,77.63,0,17,0,1.0,20000,Nivel de precio,0.472,66.88,Estable
cement_and_heavy_materials,full_spot_exposure,PLANTAETANOL 60,36,65.08,75.0,77.21,0,19,0,1.0,20000,Nivel de precio,0.528,67.54,Estable
cement_and_heavy_materials,full_spot_exposure,SAN IGNACIO 15,36,64.92,75.05,77.43,0,17,0,1.0,20000,Nivel de precio,0.472,66.67,Estable
cement_and_heavy_materials,full_spot_exposure,SAN ANTONIO 15,36,64.9,75.05,77.43,0,17,0,1.0,20000,Nivel de precio,0.472,66.67,Estable
cement_and_heavy_materials,full_spot_exposure,ZORRITOS 220,36,64.68,75.46,76.65,0,18,0,1.0,20000,Nivel de precio,0.5,66.97,Estable
cement_and_heavy_materials,full_spot_exposure,NCTUMBES60,36,64.51,75.58,76.79,0,18,0,1.0,20000,Nivel de precio,0.5,66.94,Estable
cement_and_heavy_materials,full_spot_exposure,MISAPUQUIO 33,36,64.17,74.16,77.21,0,16,0,1.0,20000,Nivel de precio,0.444,65.66,Estable
cement_and_heavy_materials,full_spot_exposure,TINTAYA EXISTENTE 138,36,64.02,74.34,77.25,0,16,0,1.0,20000,Nivel de precio,0.444,65.65,Estable
cement_and_heavy_materials,full_spot_exposure,GE1 33,36,63.72,74.38,75.44,0,17,0,1.0,20000,Nivel de precio,0.472,65.67,Estable
cement_and_heavy_materials,full_spot_exposure,TINTAYA NUEVA 220,36,63.68,73.81,76.97,0,16,0,1.0,20000,Nivel de precio,0.444,65.32,Estable
cement_and_heavy_materials,full_spot_exposure,PIURA OESTE 220,36,63.32,73.08,76.16,0,17,0,1.0,20000,Nivel de precio,0.472,65.27,Estable
cement_and_heavy_materials,full_spot_exposure,TALARA 220,36,63.29,73.16,75.37,0,17,0,1.0,20000,Nivel de precio,0.472,65.16,Estable
cement_and_heavy_materials,full_spot_exposure,GALLITO CIEGO 60,36,63.18,73.1,75.41,0,17,0,1.0,20000,Nivel de precio,0.472,65.1,Estable
cement_and_heavy_materials,full_spot_exposure,BELAUNDE 138,36,63.17,72.99,75.89,0,16,0,1.0,20000,Nivel de precio,0.444,64.73,Estable
cement_and_heavy_materials,full_spot_exposure,TALARA13.2,36,62.94,73.36,75.39,0,16,0,1.0,20000,Nivel de precio,0.444,64.64,Estable
cement_and_heavy_materials,full_spot_exposure,VALLE DEL CHIRA 220,14,61.2,69.88,73.78,0,6,0,1.0,20000,Nivel de precio,0.429,62.5,Estable
cement_and_heavy_materials,full_spot_exposure,PARIAC 66,36,60.09,71.02,74.18,0,12,0,1.0,20000,Nivel de precio,0.333,60.92,Estable
cement_and_heavy_materials,full_spot_exposure,JULIACA10,36,59.07,69.96,72.45,0,10,0,1.0,20000,Nivel de precio,0.278,59.11,Estable
cement_and_heavy_materials,full_spot_exposure,JAEN 138,24,58.26,67.96,73.51,0,5,0,1.0,20000,Nivel de precio,0.208,57.36,Estable
cement_and_heavy_materials,full_spot_exposure,TOCACHE 138,36,55.55,64.41,70.23,0,3,0,1.0,20000,Nivel de precio,0.083,52.88,Estable
cement_and_heavy_materials,full_spot_exposure,JULIACA 138,36,54.49,65.33,67.98,0,4,0,1.0,20000,Nivel de precio,0.111,52.72,Estable
cement_and_heavy_materials,full_spot_exposure,CALLALLI 138,36,54.12,64.52,68.04,0,2,0,1.0,20000,Nivel de precio,0.056,51.52,Estable
cement_and_heavy_materials,full_spot_exposure,GUADALUPE 60,36,54.08,63.08,65.32,0,2,0,1.0,20000,Nivel de precio,0.056,50.74,Estable
cement_and_heavy_materials,full_spot_exposure,ILO1 138,36,52.69,61.59,65.39,0,1,0,1.0,20000,Nivel de precio,0.028,49.33,Estable
cement_and_heavy_materials,full_spot_exposure,TOQUEPALA 138,36,52.44,60.93,65.31,0,1,0,1.0,20000,Nivel de precio,0.028,49.04,Estable
cement_and_heavy_materials,full_spot_exposure,LA BREA 220,21,52.33,63.71,67.27,0,1,0,1.0,20000,Nivel de precio,0.048,50.28,Estable
cement_and_heavy_materials,full_spot_exposure,PUNO 138,36,52.16,62.54,65.85,0,1,0,1.0,20000,Nivel de precio,0.028,49.4,Estable
cement_and_heavy_materials,full_spot_exposure,ILO ELP 138,36,52.16,61.05,64.94,0,0,0,1.0,20000,Nivel de precio,0.0,48.47,Estable
cement_and_heavy_materials,full_spot_exposure,AYAVIRI 138,36,52.12,63.55,66.37,0,3,0,1.0,20000,Nivel de precio,0.083,50.55,Estable
cement_and_heavy_materials,full_spot_exposure,CHICLAYO 220,36,51.86,60.61,63.54,0,0,0,1.0,20000,Nivel de precio,0.0,48.02,Estable
cement_and_heavy_materials,full_spot_exposure,ARICOTA2 138,36,51.74,60.57,64.62,0,0,0,1.0,20000,Nivel de precio,0.0,48.12,Estable
cement_and_heavy_materials,full_spot_exposure,PUNO 220,36,51.71,62.22,65.42,0,1,0,1.0,20000,Nivel de precio,0.028,49.05,Estable
cement_and_heavy_materials,full_spot_exposure,BOTIFLACA 138,36,51.5,60.27,64.45,0,0,0,1.0,20000,Nivel de precio,0.0,47.91,Estable
cement_and_heavy_materials,full_spot_exposure,CT ETEN 220,36,51.43,59.85,62.97,0,0,0,1.0,20000,Nivel de precio,0.0,47.55,Estable
cement_and_heavy_materials,full_spot_exposure,RECKA 220,36,51.42,59.92,62.69,0,0,0,1.0,20000,Nivel de precio,0.0,47.52,Estable
cement_and_heavy_materials,full_spot_exposure,ETEN 18,36,51.37,59.8,62.97,0,0,0,1.0,20000,Nivel de precio,0.0,47.51,Estable
cement_and_heavy_materials,full_spot_exposure,PLANTA CASA GRANDE 13.8,1,51.36,51.36,51.36,0,0,0,1.0,20000,Nivel de precio,0.0,43.66,Sensible
cement_and_heavy_materials,full_spot_exposure,RECKA 18,36,51.35,59.92,62.62,0,0,0,1.0,20000,Nivel de precio,0.0,47.48,Estable
cement_and_heavy_materials,full_spot_exposure,ARICOTA 66,36,51.27,60.06,64.18,0,0,0,1.0,20000,Nivel de precio,0.0,47.71,Estable
cement_and_heavy_materials,full_spot_exposure,CHILINA 33,36,51.26,61.99,64.21,0,0,0,1.0,20000,Nivel de precio,0.0,48.19,Estable
cement_and_heavy_materials,full_spot_exposure,MOLLENDO 138,36,51.07,62.22,65.72,0,1,0,1.0,20000,Nivel de precio,0.028,48.81,Estable
cement_and_heavy_materials,full_spot_exposure,LA NIÑA 220,36,51.07,59.62,63.21,0,0,0,1.0,20000,Nivel de precio,0.0,47.37,Estable
cement_and_heavy_materials,full_spot_exposure,CACLIC 220,36,51.03,60.8,63.28,0,0,0,1.0,20000,Nivel de precio,0.0,47.65,Estable
cement_and_heavy_materials,full_spot_exposure,AZANGARO 138,36,50.71,63.15,65.55,0,2,0,1.0,20000,Nivel de precio,0.056,49.27,Estable
cement_and_heavy_materials,full_spot_exposure,ARICOTA1 66,36,50.66,59.37,63.18,0,0,0,1.0,20000,Nivel de precio,0.0,47.12,Variable
cement_and_heavy_materials,full_spot_exposure,LOS HEROES 66,36,50.64,59.13,63.22,0,0,0,1.0,20000,Nivel de precio,0.0,47.05,Variable
cement_and_heavy_materials,full_spot_exposure,PUERTO MALDONADO 10,36,50.59,64.25,66.57,0,3,0,1.0,20000,Nivel de precio,0.083,50.06,Estable
cement_and_heavy_materials,full_spot_exposure,CHILINA 138,36,50.49,60.01,64.08,0,0,0,1.0,20000,Nivel de precio,0.0,47.34,Variable
cement_and_heavy_materials,full_spot_exposure,GUADALUPE 220,36,50.33,58.85,62.07,0,0,0,1.0,20000,Nivel de precio,0.0,46.67,Estable
cement_and_heavy_materials,full_spot_exposure,COMBAPATA 138,36,50.27,61.9,63.45,0,0,0,1.0,20000,Nivel de precio,0.0,47.61,Estable
cement_and_heavy_materials,full_spot_exposure,REPARTICIÓN 138,36,50.24,61.28,64.66,0,0,0,1.0,20000,Nivel de precio,0.0,47.63,Estable
cement_and_heavy_materials,full_spot_exposure,PUCALLPA 60,36,50.08,58.9,66.25,0,2,0,1.0,20000,Nivel de precio,0.056,48.03,Estable
cement_and_heavy_materials,full_spot_exposure,LOS HEROES 220,36,50.06,58.58,62.48,0,0,0,1.0,20000,Nivel de precio,0.0,46.54,Variable
cement_and_heavy_materials,full_spot_exposure,CT PLANTA PUCALLPA 60,36,50.04,58.76,66.12,0,2,0,1.0,20000,Nivel de precio,0.056,47.96,Estable
cement_and_heavy_materials,full_spot_exposure,PUERTO MALDONADO 138,36,49.94,63.88,67.53,0,2,0,1.0,20000,Nivel de precio,0.056,49.41,Estable
cement_and_heavy_materials,full_spot_exposure,CERRO VERDE 138,36,49.69,59.42,62.67,0,0,0,1.0,20000,Nivel de precio,0.0,46.62,Variable
cement_and_heavy_materials,full_spot_exposure,CUTERVO 138,36,49.68,59.98,63.86,0,0,0,1.0,20000,Nivel de precio,0.0,46.93,Estable
cement_and_heavy_materials,full_spot_exposure,PUCALLPA 138,36,49.44,58.19,65.58,0,1,0,1.0,20000,Nivel de precio,0.028,47.05,Estable
cement_and_heavy_materials,full_spot_exposure,MOQUEGUA 138,36,49.23,58.0,61.71,0,0,0,1.0,20000,Nivel de precio,0.0,45.91,Variable
cement_and_heavy_materials,full_spot_exposure,SANTUARIO 138,36,48.9,59.18,62.72,0,0,0,1.0,20000,Nivel de precio,0.0,46.21,Variable
cement_and_heavy_materials,full_spot_exposure,MOQUEGUA 220,36,48.85,57.56,61.13,0,0,0,1.0,20000,Nivel de precio,0.0,45.54,Variable
cement_and_heavy_materials,full_spot_exposure,SOCABAYA 138,36,48.66,58.27,62.03,0,0,0,1.0,20000,Nivel de precio,0.0,45.77,Variable
cement_and_heavy_materials,full_spot_exposure,ILO2 220,36,48.53,56.9,60.89,0,0,0,1.0,20000,Nivel de precio,0.0,45.2,Variable
cement_and_heavy_materials,full_spot_exposure,PLANTA SAN JACINTO 13.8,36,48.49,57.13,61.03,0,0,0,1.0,20000,Nivel de precio,0.0,45.26,Variable
cement_and_heavy_materials,full_spot_exposure,CAJAMARCA 220,36,48.31,57.87,60.05,0,0,0,1.0,20000,Nivel de precio,0.0,45.21,Variable
cement_and_heavy_materials,full_spot_exposure,SOCABAYA 220,36,48.24,57.74,61.31,0,0,0,1.0,20000,Nivel de precio,0.0,45.34,Variable
cement_and_heavy_materials,full_spot_exposure,AGROLMOS 60,6,48.17,58.33,59.95,0,0,0,1.0,20000,Nivel de precio,0.0,45.25,Variable
cement_and_heavy_materials,full_spot_exposure,CHARCANI VI 33,36,48.17,57.69,59.56,0,0,0,1.0,20000,Nivel de precio,0.0,45.03,Variable
cement_and_heavy_materials,full_spot_exposure,TRUJILLO 220,36,48.02,56.56,61.42,0,0,0,1.0,20000,Nivel de precio,0.0,44.96,Variable
cement_and_heavy_materials,full_spot_exposure,MONTALVO 220,36,47.83,56.78,60.66,0,0,0,1.0,20000,Nivel de precio,0.0,44.82,Variable
cement_and_heavy_materials,full_spot_exposure,CARHUAQUERO 220,36,47.21,58.14,60.72,0,0,0,1.0,20000,Nivel de precio,0.0,44.89,Variable
cement_and_heavy_materials,full_spot_exposure,S.E. ILO4 500,36,47.03,55.48,59.53,0,0,0,1.0,20000,Nivel de precio,0.0,43.96,Variable
cement_and_heavy_materials,full_spot_exposure,RUBI 220,33,46.45,55.59,60.47,0,0,0,1.0,20000,Volatilidad,0.0,43.87,Variable
cement_and_heavy_materials,full_spot_exposure,SAN JOSE 500,36,46.25,54.83,58.91,0,0,0,1.0,20000,Nivel de precio,0.0,43.36,Variable
cement_and_heavy_materials,full_spot_exposure,HUALLIN60,21,46.17,58.31,60.51,0,0,0,1.0,20000,Nivel de precio,0.0,44.43,Sensible
cement_and_heavy_materials,full_spot_exposure,PUERTO BRAVO 500,36,46.1,54.87,58.51,0,0,0,1.0,20000,Nivel de precio,0.0,43.24,Variable
cement_and_heavy_materials,full_spot_exposure,PUERTO BRAVO 18,36,45.99,54.8,58.38,0,0,0,1.0,20000,Nivel de precio,0.0,43.15,Variable
cement_and_heavy_materials,full_spot_exposure,AUCAYACU 138,36,45.9,57.68,62.05,0,0,0,1.0,20000,Nivel de precio,0.0,44.38,Variable
cement_and_heavy_materials,full_spot_exposure,DUNA HUAMBOS 34.5,31,45.61,58.12,63.24,0,0,0,1.0,20000,Nivel de precio,0.0,44.54,Variable
cement_and_heavy_materials,full_spot_exposure,CHAPARRAL 138,18,45.5,55.33,58.91,0,0,0,1.0,20000,Volatilidad,0.0,43.15,Variable
cement_and_heavy_materials,full_spot_exposure,CARHUAQUERO 10_S,24,45.49,57.37,59.92,0,0,0,1.0,20000,Nivel de precio,0.0,43.8,Variable
cement_and_heavy_materials,full_spot_exposure,CHIMBOTE1 138,36,45.39,55.62,60.09,0,0,0,1.0,20000,Nivel de precio,0.0,43.34,Variable
cement_and_heavy_materials,full_spot_exposure,BIOENERGIA 13.8,36,45.15,58.1,63.43,0,0,0,1.0,20000,Nivel de precio,0.0,44.36,Variable
cement_and_heavy_materials,full_spot_exposure,LA RAMADA 220,36,45.12,56.56,58.41,0,0,0,1.0,20000,Nivel de precio,0.0,43.21,Variable
cement_and_heavy_materials,full_spot_exposure,CHARCANI I 33,36,44.56,55.75,59.08,0,0,0,1.0,20000,Nivel de precio,0.0,42.85,Variable
cement_and_heavy_materials,full_spot_exposure,QUENCORO 138,36,44.4,57.72,60.24,0,0,0,1.0,20000,Nivel de precio,0.0,43.45,Variable
cement_and_heavy_materials,full_spot_exposure,CHIMBOTE1 220,36,44.4,55.37,60.25,0,0,0,1.0,20000,Nivel de precio,0.0,42.86,Variable
cement_and_heavy_materials,full_spot_exposure,DOLORESPATA 138,36,44.13,57.46,60.07,0,0,0,1.0,20000,Nivel de precio,0.0,43.24,Variable
cement_and_heavy_materials,full_spot_exposure,QUITARACSA 220,36,42.88,55.48,57.03,0,0,0,1.0,20000,Nivel de precio,0.0,41.72,Variable
cement_and_heavy_materials,full_spot_exposure,CACHIMAYO 138,36,42.53,55.62,59.49,0,0,0,1.0,20000,Nivel de precio,0.0,41.97,Variable
cement_and_heavy_materials,full_spot_exposure,MAZUCO138,36,42.01,60.64,66.15,0,1,0,1.0,20000,Volatilidad,0.028,44.4,Variable
cement_and_heavy_materials,full_spot_exposure,SAN NICOLAS 13.8,36,41.84,51.67,64.14,0,0,0,1.0,20000,Prima de estrés,0.0,41.36,Variable
cement_and_heavy_materials,full_spot_exposure,AGUAYTIA 138,36,41.21,55.1,61.79,0,0,0,1.0,20000,Nivel de precio,0.0,41.59,Variable
cement_and_heavy_materials,full_spot_exposure,ZAÑA 60,36,41.04,56.28,60.18,0,0,0,1.0,20000,Nivel de precio,0.0,41.56,Variable
cement_and_heavy_materials,full_spot_exposure,TINGO MARIA 138,36,40.94,53.57,58.14,0,0,0,1.0,20000,Nivel de precio,0.0,40.54,Variable
cement_and_heavy_materials,full_spot_exposure,AGUAYTIA 22.9,36,40.81,54.67,60.88,0,0,0,1.0,20000,Nivel de precio,0.0,41.16,Variable
cement_and_heavy_materials,full_spot_exposure,SAN MARTIN 220,9,40.52,47.8,48.31,0,0,0,1.0,20000,Volatilidad,0.0,37.43,Variable
cement_and_heavy_materials,full_spot_exposure,AGUAYTIA 220,36,40.51,54.45,60.47,0,0,0,1.0,20000,Nivel de precio,0.0,40.91,Variable
cement_and_heavy_materials,full_spot_exposure,PURMACANA 20,36,40.47,52.58,57.01,0,0,0,1.0,20000,Nivel de precio,0.0,39.91,Variable
cement_and_heavy_materials,full_spot_exposure,CHARCANI IV 33,36,39.93,52.92,57.61,0,0,0,1.0,20000,Ventanas críticas,0.0,39.84,Variable
cement_and_heavy_materials,full_spot_exposure,COTARUSE 220,36,39.4,51.89,57.63,0,0,0,1.0,20000,Ventanas críticas,0.0,39.35,Variable
cement_and_heavy_materials,full_spot_exposure,HUALLANCA 138,36,39.09,53.13,57.37,0,0,0,1.0,20000,Nivel de precio,0.0,39.48,Variable
cement_and_heavy_materials,full_spot_exposure,PAQUILLUSI 220,9,38.64,50.87,56.52,0,0,0,1.0,20000,Volatilidad,0.0,38.58,Variable
cement_and_heavy_materials,full_spot_exposure,HUANUCO 138,36,38.55,51.96,55.59,0,0,0,1.0,20000,Nivel de precio,0.0,38.67,Variable
cement_and_heavy_materials,full_spot_exposure,SUNNY 220,4,37.94,45.3,46.21,0,0,0,1.0,20000,Volatilidad,0.0,35.33,Variable
cement_and_heavy_materials,full_spot_exposure,PIEDRA BLANCA 34.5,36,37.63,51.27,55.76,0,0,0,1.0,20000,Nivel de precio,0.0,38.11,Variable
cement_and_heavy_materials,full_spot_exposure,TUPURI 22.9,36,37.45,56.55,63.88,0,0,0,1.0,20000,Ventanas críticas,0.0,40.57,Variable
cement_and_heavy_materials,full_spot_exposure,SAN GABAN 138,36,37.3,55.75,63.03,0,0,0,1.0,20000,Ventanas críticas,0.0,40.18,Variable
cement_and_heavy_materials,full_spot_exposure,PARAMONGA NUEVA 220,36,36.7,49.88,56.09,0,0,0,1.0,20000,Ventanas críticas,0.0,37.4,Variable
cement_and_heavy_materials,full_spot_exposure,OQUENDO 60,36,36.51,48.41,58.35,0,0,0,1.0,20000,Ventanas críticas,0.0,37.28,Variable
cement_and_heavy_materials,full_spot_exposure,PARAMONGA NUEVA 138,36,36.49,49.73,56.35,0,0,0,1.0,20000,Ventanas críticas,0.0,37.3,Variable
cement_and_heavy_materials,full_spot_exposure,VIZCARRA 220,36,36.36,51.78,59.6,0,0,0,1.0,20000,Ventanas críticas,0.0,38.25,Variable
cement_and_heavy_materials,full_spot_exposure,PARAMONGA EXISTENTE 138,36,36.29,49.6,56.48,0,0,0,1.0,20000,Ventanas críticas,0.0,37.2,Variable
cement_and_heavy_materials,full_spot_exposure,MEDIO MUNDO 220,36,36.0,48.6,56.68,0,0,0,1.0,20000,Ventanas críticas,0.0,36.85,Variable
cement_and_heavy_materials,full_spot_exposure,PACHACHACA50,36,35.58,46.99,52.05,0,0,0,1.0,20000,Ventanas críticas,0.0,35.57,Variable
cement_and_heavy_materials,full_spot_exposure,MARCONA 220,36,34.79,45.05,52.4,0,0,0,1.0,20000,Ventanas críticas,0.0,34.78,Variable
cement_and_heavy_materials,full_spot_exposure,POROMA 220,36,34.77,44.24,51.92,0,0,0,1.0,20000,Ventanas críticas,0.0,34.49,Variable
cement_and_heavy_materials,full_spot_exposure,LOMERA 220,36,34.07,44.21,51.11,0,0,0,1.0,20000,Ventanas críticas,0.0,34.05,Variable
cement_and_heavy_materials,full_spot_exposure,HUACHO 220,36,33.77,44.35,52.44,0,0,0,1.0,20000,Ventanas críticas,0.0,34.15,Variable
cement_and_heavy_materials,full_spot_exposure,MARCONA 60,27,33.34,43.43,46.56,0,0,2,1.0,20000,Ventanas críticas,0.0,32.84,Variable
cement_and_heavy_materials,full_spot_exposure,CHAVARRIA 220,36,33.15,43.35,56.06,0,0,0,1.0,20000,Ventanas críticas,0.0,34.16,Variable
cement_and_heavy_materials,full_spot_exposure,ZAPALLAL 220,36,33.0,42.96,55.22,0,0,0,1.0,20000,Ventanas críticas,0.0,33.87,Variable
cement_and_heavy_materials,full_spot_exposure,VENTANILLA 220,36,32.73,42.88,55.15,0,0,0,1.0,20000,Ventanas críticas,0.0,33.72,Variable
cement_and_heavy_materials,full_spot_exposure,SANTA TERESA 220,36,32.72,47.95,53.95,0,0,0,1.0,20000,Ventanas críticas,0.0,34.8,Variable
cement_and_heavy_materials,full_spot_exposure,CARABAYLLO 220,36,32.61,42.45,54.97,0,0,0,1.0,20000,Ventanas críticas,0.0,33.53,Variable
cement_and_heavy_materials,full_spot_exposure,FLAMENCO 220,26,32.57,43.07,45.24,0,0,0,1.0,20000,Ventanas críticas,0.0,32.21,Variable
cement_and_heavy_materials,full_spot_exposure,SANTIAGO DE CAO 138,1,32.44,32.44,32.44,0,0,0,1.0,20000,Prima de estrés,0.0,27.58,Sensible
cement_and_heavy_materials,full_spot_exposure,ICA 220,36,32.41,41.74,53.45,0,0,0,1.0,20000,Ventanas críticas,0.0,33.04,Variable
cement_and_heavy_materials,full_spot_exposure,INDEPENDENCIA 60,36,32.13,42.38,55.31,0,0,0,1.0,20000,Ventanas críticas,0.0,33.35,Variable
cement_and_heavy_materials,full_spot_exposure,CT PISCO 60,36,32.13,42.38,55.31,0,0,0,1.0,20000,Ventanas críticas,0.0,33.35,Variable
cement_and_heavy_materials,full_spot_exposure,INDUSTRIALES 220,36,31.89,44.34,49.69,0,0,0,1.0,20000,Ventanas críticas,0.0,32.89,Variable
cement_and_heavy_materials,full_spot_exposure,NAZCA NUEVA 220,23,31.88,42.08,45.01,0,0,0,1.0,20000,Ventanas críticas,0.0,31.62,Variable
cement_and_heavy_materials,full_spot_exposure,CAJAMARQUILLA 220,36,31.82,41.79,53.98,0,0,0,1.0,20000,Ventanas críticas,0.0,32.86,Variable
cement_and_heavy_materials,full_spot_exposure,ERSUR 220,26,31.8,42.2,43.67,0,0,0,1.0,20000,Ventanas críticas,0.0,31.41,Variable
cement_and_heavy_materials,full_spot_exposure,CT INDEPENDENCIA 60,36,31.64,41.95,54.81,0,0,0,1.0,20000,Ventanas críticas,0.0,32.95,Variable
cement_and_heavy_materials,full_spot_exposure,CHINCHA NUEVA 220,23,31.5,39.99,52.36,0,0,0,1.0,20000,Ventanas críticas,0.0,32.03,Variable
cement_and_heavy_materials,full_spot_exposure,SANTA ROSA 220,36,31.22,43.44,55.67,0,0,0,1.0,20000,Ventanas críticas,0.0,33.26,Variable
cement_and_heavy_materials,full_spot_exposure,PLANICIE 220,36,31.18,41.67,46.59,0,0,0,1.0,20000,Ventanas críticas,0.0,31.44,Variable
cement_and_heavy_materials,full_spot_exposure,CARAPONGO 220,36,30.96,41.07,53.3,0,0,0,1.0,20000,Ventanas críticas,0.0,32.19,Variable
cement_and_heavy_materials,full_spot_exposure,INDEPENDENCIA 220,36,30.91,39.73,53.7,0,0,0,1.0,20000,Ventanas críticas,0.0,31.9,Variable
cement_and_heavy_materials,full_spot_exposure,HUANCHOR 50,36,30.61,50.73,60.32,0,0,0,1.0,20000,Ventanas críticas,0.0,35.51,Variable
cement_and_heavy_materials,full_spot_exposure,CHEVES 220,36,30.17,38.98,50.4,0,0,0,1.0,20000,Ventanas críticas,0.0,30.88,Variable
cement_and_heavy_materials,full_spot_exposure,MARAÑON 60,36,29.85,43.45,54.6,0,0,0,1.0,20000,Ventanas críticas,0.0,32.48,Variable
cement_and_heavy_materials,full_spot_exposure,MACHUPICCHU 138,36,29.75,46.37,52.0,0,0,0,1.0,20000,Ventanas críticas,0.0,32.78,Variable
cement_and_heavy_materials,full_spot_exposure,PARAGSHA2 138,36,29.68,38.2,51.21,0,0,0,1.0,20000,Ventanas críticas,0.0,30.58,Variable
cement_and_heavy_materials,full_spot_exposure,DESIERTO 220,35,29.21,37.76,51.3,0,0,0,1.0,20000,Ventanas críticas,0.0,30.28,Variable
cement_and_heavy_materials,full_spot_exposure,CHEVES 13.8,36,29.16,38.08,49.76,0,0,0,1.0,20000,Ventanas críticas,0.0,30.1,Variable
cement_and_heavy_materials,full_spot_exposure,CANTERA 220,36,28.84,35.51,52.24,0,0,0,1.0,20000,Ventanas críticas,0.0,29.69,Variable
cement_and_heavy_materials,full_spot_exposure,CAHUA138,36,28.69,38.54,56.26,0,0,0,1.0,20000,Ventanas críticas,0.0,30.98,Variable
cement_and_heavy_materials,full_spot_exposure,HUINCO 220,36,28.53,38.82,48.93,0,0,0,1.0,20000,Ventanas críticas,0.0,29.88,Variable
cement_and_heavy_materials,full_spot_exposure,CALLAHUANCA EDEGEL 220,36,28.3,36.81,42.96,0,0,0,1.0,20000,Ventanas críticas,0.0,28.38,Variable
cement_and_heavy_materials,full_spot_exposure,PUNTA LOMITAS II,36,28.02,32.99,41.3,0,0,0,1.0,20000,Ventanas críticas,0.0,27.05,Variable
cement_and_heavy_materials,full_spot_exposure,PUNTA LOMITAS I,36,28.02,33.59,39.83,0,0,0,1.0,20000,Ventanas críticas,0.0,26.98,Variable
cement_and_heavy_materials,full_spot_exposure,SAN JUAN 220,36,27.97,36.51,47.25,0,0,0,1.0,20000,Ventanas críticas,0.0,28.8,Variable
cement_and_heavy_materials,full_spot_exposure,HUAMPANI 60,36,27.66,36.78,52.38,0,0,0,1.0,20000,Ventanas críticas,0.0,29.5,Variable
cement_and_heavy_materials,full_spot_exposure,HUANZA 220,36,27.65,36.44,46.55,0,0,0,1.0,20000,Ventanas críticas,0.0,28.53,Variable
cement_and_heavy_materials,full_spot_exposure,CHILCA500,36,27.63,36.48,42.54,0,0,0,1.0,20000,Ventanas críticas,0.0,27.93,Variable
cement_and_heavy_materials,full_spot_exposure,OLLEROS 500,36,27.32,35.97,42.98,0,0,0,1.0,20000,Ventanas críticas,0.0,27.73,Variable
cement_and_heavy_materials,full_spot_exposure,PARAGSHA2 220,36,27.3,36.13,48.34,0,0,0,1.0,20000,Ventanas críticas,0.0,28.57,Variable
cement_and_heavy_materials,full_spot_exposure,CHIRIBAMBA 220,22,27.05,32.73,38.1,0,0,0,1.0,20000,Ventanas críticas,0.0,26.07,Variable
cement_and_heavy_materials,full_spot_exposure,FENIX 500,36,26.97,35.87,42.33,0,0,0,1.0,20000,Ventanas críticas,0.0,27.46,Variable
cement_and_heavy_materials,full_spot_exposure,SANTA ANA 138,6,26.93,33.39,34.21,0,0,0,1.0,20000,Ventanas críticas,0.0,25.6,Variable
cement_and_heavy_materials,full_spot_exposure,POMACOCHA 220,36,26.85,33.73,39.75,0,0,0,1.0,20000,Ventanas críticas,0.0,26.48,Variable
cement_and_heavy_materials,full_spot_exposure,ALTO PRADERAS 220,36,26.59,34.2,53.83,0,0,0,1.0,20000,Ventanas críticas,0.0,28.59,Variable
cement_and_heavy_materials,full_spot_exposure,OROYA NUEVA 220,36,26.4,33.07,40.11,0,0,0,1.0,20000,Ventanas críticas,0.0,26.16,Variable
cement_and_heavy_materials,full_spot_exposure,PACHACHACA 220,36,26.33,32.25,40.19,0,0,0,1.0,20000,Ventanas críticas,0.0,25.94,Variable
cement_and_heavy_materials,full_spot_exposure,ASIA 220,36,26.27,32.67,51.59,0,0,0,1.0,20000,Ventanas críticas,0.0,27.73,Variable
cement_and_heavy_materials,full_spot_exposure,YANANGO 220,36,26.09,33.58,42.4,0,0,0,1.0,20000,Ventanas críticas,0.0,26.49,Variable
cement_and_heavy_materials,full_spot_exposure,MATUCANA 220,36,26.03,34.21,40.65,0,0,0,1.0,20000,Ventanas críticas,0.0,26.36,Variable
cement_and_heavy_materials,full_spot_exposure,MOYOPAMPA 60,36,25.85,34.18,42.31,0,0,0,1.0,20000,Ventanas críticas,0.0,26.52,Variable
cement_and_heavy_materials,full_spot_exposure,CARHUAMAYO 138,36,25.6,33.95,40.58,0,0,0,1.0,20000,Ventanas críticas,0.0,26.09,Variable
cement_and_heavy_materials,full_spot_exposure,SANTA ISABEL 220,36,24.46,33.02,37.06,0,0,0,1.0,20000,Ventanas críticas,0.0,24.82,Variable
cement_and_heavy_materials,full_spot_exposure,OROYA NUEVA 50,36,24.34,31.82,35.32,0,0,0,1.0,20000,Ventanas críticas,0.0,24.21,Variable
cement_and_heavy_materials,full_spot_exposure,CHILCA UNO 220,36,23.97,30.5,41.27,0,0,0,1.0,20000,Ventanas críticas,0.0,24.6,Variable
cement_and_heavy_materials,full_spot_exposure,CS COENERGY 22.9,1,23.8,23.8,23.8,0,0,0,1.0,20000,Volatilidad,0.0,20.23,Variable
cement_and_heavy_materials,full_spot_exposure,CONDORCOCHA 44,36,23.73,31.2,36.29,0,0,0,1.0,20000,Ventanas críticas,0.0,23.92,Variable
cement_and_heavy_materials,full_spot_exposure,CHIMAY 220,36,23.68,29.82,38.39,0,0,0,1.0,20000,Ventanas críticas,0.0,23.87,Variable
cement_and_heavy_materials,full_spot_exposure,CHAGLLA 220,36,23.62,33.92,36.09,0,0,0,1.0,20000,Ventanas críticas,0.0,24.52,Variable
cement_and_heavy_materials,full_spot_exposure,CONDORCOCHA 138,36,23.39,30.69,36.18,0,0,0,1.0,20000,Ventanas críticas,0.0,23.63,Variable
cement_and_heavy_materials,full_spot_exposure,LAS FLORES 220,36,23.19,29.34,40.88,0,0,0,1.0,20000,Ventanas críticas,0.0,23.9,Variable
cement_and_heavy_materials,full_spot_exposure,CARIPA 138,36,23.07,30.27,35.49,0,0,0,1.0,20000,Ventanas críticas,0.0,23.27,Variable
cement_and_heavy_materials,full_spot_exposure,HUAYUCACHI 220,36,23.07,27.46,32.1,0,0,0,1.0,20000,Ventanas críticas,0.0,22.06,Variable
cement_and_heavy_materials,full_spot_exposure,CHILCA DOS 13.8,36,23.04,29.81,40.11,0,0,0,1.0,20000,Ventanas críticas,0.0,23.84,Variable
cement_and_heavy_materials,full_spot_exposure,HUANCAVELICA 220,36,22.95,28.63,32.56,0,0,0,1.0,20000,Ventanas críticas,0.0,22.37,Variable
cement_and_heavy_materials,full_spot_exposure,CH OROYA 50,36,22.75,28.98,34.25,0,0,0,1.0,20000,Ventanas críticas,0.0,22.62,Variable
cement_and_heavy_materials,full_spot_exposure,CALLAHUANCA 60,36,22.54,28.85,36.78,0,0,0,1.0,20000,Ventanas críticas,0.0,22.87,Variable
cement_and_heavy_materials,full_spot_exposure,CHILCA REP 220,36,22.28,28.37,39.92,0,0,0,1.0,20000,Ventanas críticas,0.0,23.1,Variable
cement_and_heavy_materials,full_spot_exposure,YAUPI 138,36,22.1,29.86,36.64,0,0,0,1.0,20000,Ventanas críticas,0.0,22.91,Variable
cement_and_heavy_materials,full_spot_exposure,CERRO DEL AGUILA 220,36,22.08,27.25,35.18,0,0,0,1.0,20000,Ventanas críticas,0.0,22.03,Variable
cement_and_heavy_materials,full_spot_exposure,LA VIRGEN 138,36,21.39,28.6,34.21,0,0,0,1.0,20000,Ventanas críticas,0.0,21.91,Variable
cement_and_heavy_materials,full_spot_exposure,YAUPI13.8,36,21.3,28.67,35.96,0,0,0,1.0,20000,Ventanas críticas,0.0,22.14,Variable
cement_and_heavy_materials,full_spot_exposure,YARUCAYA 13.8,36,20.6,25.77,37.57,0,0,0,1.0,20000,Ventanas críticas,0.0,21.35,Variable
cement_and_heavy_materials,full_spot_exposure,CAMPO ARMIÑO 220,36,19.91,23.94,26.05,0,0,0,1.0,20000,Ventanas críticas,0.0,18.85,Variable
cement_and_heavy_materials,full_spot_exposure,MALPASO 50,36,19.88,25.0,30.33,0,0,0,1.0,20000,Ventanas críticas,0.0,19.74,Variable
cement_and_heavy_materials,full_spot_exposure,RESTITUCIÓN 220,36,19.42,23.42,25.38,0,0,0,1.0,20000,Ventanas críticas,0.0,18.4,Variable
cement_and_heavy_materials,full_spot_exposure,PLATANAL 220,36,18.2,22.48,24.51,0,0,0,1.0,20000,Ventanas críticas,0.0,17.49,Variable
cement_and_heavy_materials,full_spot_exposure,CORACORA 60,4,15.24,23.71,28.12,0,0,4,1.0,20000,Prima de estrés,0.0,17.0,Variable
cement_and_heavy_materials,full_spot_exposure,NAZCA 22.9,4,14.82,23.25,27.74,0,0,4,1.0,20000,Prima de estrés,0.0,16.64,Variable
cement_and_heavy_materials,full_spot_exposure,LLIPATA 60,4,14.28,22.8,27.61,0,0,4,1.0,20000,Prima de estrés,0.0,16.27,Variable
cement_and_heavy_materials,full_spot_exposure,ALTO LA LUNA 10,14,12.62,19.52,22.84,0,0,11,1.0,20000,Prima de estrés,0.0,13.99,Variable
cement_and_heavy_materials,full_spot_exposure,ALTO LA LUNA 60,14,12.32,18.99,22.34,0,0,11,1.0,20000,Prima de estrés,0.0,13.64,Variable
cement_and_heavy_materials,full_spot_exposure,PISCO 10,14,12.11,18.62,21.79,0,0,11,1.0,20000,Prima de estrés,0.0,13.37,Variable
cement_and_heavy_materials,full_spot_exposure,VILLACURI 22.9,14,12.03,18.82,22.6,0,0,11,1.0,20000,Prima de estrés,0.0,13.51,Variable
cement_and_heavy_materials,full_spot_exposure,PARACAS 22,14,11.94,18.46,25.59,0,0,11,1.0,20000,Prima de estrés,0.0,13.83,Variable
cement_and_heavy_materials,full_spot_exposure,PARACAS 10,14,11.87,18.01,25.77,0,0,11,1.0,20000,Prima de estrés,0.0,13.71,Variable
cement_and_heavy_materials,full_spot_exposure,TAMBO DE MORA 10,5,11.4,17.1,22.5,0,0,4,1.0,20000,Prima de estrés,0.0,12.78,Variable
cement_and_heavy_materials,full_spot_exposure,VILLACURI 60,14,11.24,17.36,21.5,0,0,11,1.0,20000,Prima de estrés,0.0,12.62,Variable
cement_and_heavy_materials,full_spot_exposure,PEDREGAL 10,5,10.91,16.77,21.93,0,0,4,1.0,20000,Prima de estrés,0.0,12.39,Variable
cement_and_heavy_materials,full_spot_exposure,PUEBLO NUEVO 10,5,10.43,15.16,18.28,0,0,4,1.0,20000,Prima de estrés,0.0,11.22,Variable
cement_and_heavy_materials,full_spot_exposure,INDEPENDENCIA 10,14,10.32,15.67,23.0,0,0,11,1.0,20000,Prima de estrés,0.0,12.01,Variable
cement_and_heavy_materials,full_spot_exposure,CHALA 60,1,8.67,8.67,8.67,0,0,1,1.0,20000,Prima de estrés,0.0,7.37,Variable
cement_and_heavy_materials,full_spot_exposure,BELLA UNION 60,1,8.23,8.23,8.23,0,0,1,1.0,20000,Prima de estrés,0.0,6.99,Variable
cement_and_heavy_materials,full_spot_exposure,JAHUAY 60,1,7.71,7.71,7.71,0,0,1,1.0,20000,Prima de estrés,0.0,6.55,Variable
cement_and_heavy_materials,full_spot_exposure,FUNSUR 60,1,7.6,7.6,7.6,0,0,1,1.0,20000,Prima de estrés,0.0,6.46,Variable
cement_and_heavy_materials,full_spot_exposure,MINA 60,1,7.03,7.03,7.03,0,0,1,1.0,20000,Prima de estrés,0.0,5.98,Variable
cement_and_heavy_materials,full_spot_exposure,HUARANGO 60,1,6.51,6.51,6.51,0,0,1,1.0,20000,Prima de estrés,0.0,5.54,Variable
cement_and_heavy_materials,full_spot_exposure,LOMAS 60,1,6.51,6.51,6.51,0,0,1,1.0,20000,Prima de estrés,0.0,5.54,Variable
cement_and_heavy_materials,hedged_10pct_spot,PLANTAETANOL 60,36,54.86,63.95,69.14,0,2,0,0.1,20000,Nivel de precio,0.056,51.88,Estable
cement_and_heavy_materials,hedged_10pct_spot,HUAYLLACHO 15,36,54.49,64.43,67.58,0,3,0,0.1,20000,Nivel de precio,0.083,52.01,Estable
cement_and_heavy_materials,hedged_10pct_spot,ZORRITOS 220,36,54.41,64.28,69.13,0,2,0,0.1,20000,Nivel de precio,0.056,51.76,Estable
cement_and_heavy_materials,hedged_10pct_spot,SAN IGNACIO 15,36,54.27,64.14,67.27,0,2,0,0.1,20000,Nivel de precio,0.056,51.38,Estable
cement_and_heavy_materials,hedged_10pct_spot,SAN ANTONIO 15,36,54.26,64.14,67.27,0,2,0,0.1,20000,Nivel de precio,0.056,51.37,Estable
cement_and_heavy_materials,hedged_10pct_spot,NCTUMBES60,36,54.23,64.44,68.58,0,2,0,0.1,20000,Nivel de precio,0.056,51.63,Estable
cement_and_heavy_materials,hedged_10pct_spot,GE1 33,36,53.37,63.03,68.81,0,1,0,0.1,20000,Nivel de precio,0.028,50.51,Estable
cement_and_heavy_materials,hedged_10pct_spot,MISAPUQUIO 33,36,53.23,63.3,66.74,0,2,0,0.1,20000,Nivel de precio,0.056,50.62,Estable
cement_and_heavy_materials,hedged_10pct_spot,TINTAYA EXISTENTE 138,36,53.03,62.98,66.52,0,1,0,0.1,20000,Nivel de precio,0.028,50.0,Estable
cement_and_heavy_materials,hedged_10pct_spot,TALARA 220,36,52.92,62.27,68.52,0,1,0,0.1,20000,Nivel de precio,0.028,50.08,Estable
cement_and_heavy_materials,hedged_10pct_spot,PIURA OESTE 220,36,52.91,62.65,68.24,0,1,0,0.1,20000,Nivel de precio,0.028,50.13,Estable
cement_and_heavy_materials,hedged_10pct_spot,TINTAYA NUEVA 220,36,52.71,62.72,66.13,0,1,0,0.1,20000,Nivel de precio,0.028,49.74,Estable
cement_and_heavy_materials,hedged_10pct_spot,TALARA13.2,36,52.67,62.49,68.75,0,1,0,0.1,20000,Nivel de precio,0.028,50.05,Estable
cement_and_heavy_materials,hedged_10pct_spot,GALLITO CIEGO 60,36,52.27,61.61,64.11,0,0,0,0.1,20000,Nivel de precio,0.0,48.54,Estable
cement_and_heavy_materials,hedged_10pct_spot,BELAUNDE 138,36,52.15,61.37,64.67,0,0,0,0.1,20000,Nivel de precio,0.0,48.51,Estable
cement_and_heavy_materials,hedged_10pct_spot,VALLE DEL CHIRA 220,14,50.63,60.43,66.89,0,1,0,0.1,20000,Nivel de precio,0.071,48.99,Estable
cement_and_heavy_materials,hedged_10pct_spot,PARIAC 66,36,49.49,59.1,63.45,0,0,0,0.1,20000,Nivel de precio,0.0,46.56,Estable
cement_and_heavy_materials,hedged_10pct_spot,JULIACA10,36,48.16,57.98,61.5,0,0,0,0.1,20000,Nivel de precio,0.0,45.39,Estable
cement_and_heavy_materials,hedged_10pct_spot,JAEN 138,24,47.26,58.03,61.35,0,0,0,0.1,20000,Nivel de precio,0.0,44.98,Estable
cement_and_heavy_materials,hedged_10pct_spot,TOCACHE 138,36,44.73,54.01,59.07,0,0,0,0.1,20000,Nivel de precio,0.0,42.49,Estable
cement_and_heavy_materials,hedged_10pct_spot,JULIACA 138,36,43.62,53.64,56.94,0,0,0,0.1,20000,Nivel de precio,0.0,41.58,Estable
cement_and_heavy_materials,hedged_10pct_spot,GUADALUPE 60,36,43.15,51.62,53.82,0,0,0,0.1,20000,Nivel de precio,0.0,40.4,Estable
cement_and_heavy_materials,hedged_10pct_spot,PLANTA CASA GRANDE 13.8,1,43.11,43.11,43.11,0,0,0,0.1,20000,Nivel de precio,0.0,36.64,Sensible
cement_and_heavy_materials,hedged_10pct_spot,CALLALLI 138,36,43.08,53.24,57.15,0,0,0,0.1,20000,Nivel de precio,0.0,41.27,Estable
cement_and_heavy_materials,hedged_10pct_spot,LA BREA 220,21,42.77,53.33,60.71,0,0,0,0.1,20000,Nivel de precio,0.0,41.69,Estable
cement_and_heavy_materials,hedged_10pct_spot,ILO1 138,36,41.58,50.4,54.27,0,0,0,0.1,20000,Nivel de precio,0.0,39.45,Estable
cement_and_heavy_materials,hedged_10pct_spot,AYAVIRI 138,36,41.33,52.09,55.34,0,0,0,0.1,20000,Nivel de precio,0.0,39.92,Estable
cement_and_heavy_materials,hedged_10pct_spot,TOQUEPALA 138,36,41.31,50.27,54.19,0,0,0,0.1,20000,Nivel de precio,0.0,39.29,Estable
cement_and_heavy_materials,hedged_10pct_spot,PUNO 138,36,41.26,51.27,54.74,0,0,0,0.1,20000,Nivel de precio,0.0,39.59,Estable
cement_and_heavy_materials,hedged_10pct_spot,ILO ELP 138,36,41.03,49.87,53.76,0,0,0,0.1,20000,Nivel de precio,0.0,39.0,Estable
cement_and_heavy_materials,hedged_10pct_spot,CHICLAYO 220,36,40.96,50.24,51.82,0,0,0,0.1,20000,Nivel de precio,0.0,38.77,Estable
cement_and_heavy_materials,hedged_10pct_spot,PUNO 220,36,40.83,51.05,54.3,0,0,0,0.1,20000,Nivel de precio,0.0,39.28,Estable
cement_and_heavy_materials,hedged_10pct_spot,PUERTO MALDONADO 10,36,40.64,53.34,57.43,0,0,0,0.1,20000,Nivel de precio,0.0,40.24,Estable
cement_and_heavy_materials,hedged_10pct_spot,ARICOTA2 138,36,40.61,49.39,53.45,0,0,0,0.1,20000,Nivel de precio,0.0,38.64,Estable
cement_and_heavy_materials,hedged_10pct_spot,CT ETEN 220,36,40.55,49.87,51.68,0,0,0,0.1,20000,Nivel de precio,0.0,38.47,Estable
cement_and_heavy_materials,hedged_10pct_spot,RECKA 220,36,40.53,49.84,51.41,0,0,0,0.1,20000,Nivel de precio,0.0,38.41,Estable
cement_and_heavy_materials,hedged_10pct_spot,ETEN 18,36,40.48,49.68,51.51,0,0,0,0.1,20000,Nivel de precio,0.0,38.36,Estable
cement_and_heavy_materials,hedged_10pct_spot,RECKA 18,36,40.46,49.84,51.29,0,0,0,0.1,20000,Nivel de precio,0.0,38.36,Estable
cement_and_heavy_materials,hedged_10pct_spot,BOTIFLACA 138,36,40.38,49.08,53.27,0,0,0,0.1,20000,Nivel de precio,0.0,38.43,Estable
cement_and_heavy_materials,hedged_10pct_spot,MOLLENDO 138,36,40.28,50.65,54.6,0,0,0,0.1,20000,Nivel de precio,0.0,38.98,Estable
cement_and_heavy_materials,hedged_10pct_spot,LA NIÑA 220,36,40.22,49.25,51.65,0,0,0,0.1,20000,Nivel de precio,0.0,38.16,Estable
cement_and_heavy_materials,hedged_10pct_spot,CHILINA 33,36,40.21,50.44,53.04,0,0,0,0.1,20000,Nivel de precio,0.0,38.66,Estable
cement_and_heavy_materials,hedged_10pct_spot,PUERTO MALDONADO 138,36,40.2,52.32,57.51,0,0,0,0.1,20000,Nivel de precio,0.0,39.8,Estable
cement_and_heavy_materials,hedged_10pct_spot,ARICOTA 66,36,40.18,48.7,53.0,0,0,0,0.1,20000,Nivel de precio,0.0,38.21,Estable
cement_and_heavy_materials,hedged_10pct_spot,CACLIC 220,36,40.15,49.48,51.87,0,0,0,0.1,20000,Nivel de precio,0.0,38.22,Estable
cement_and_heavy_materials,hedged_10pct_spot,AZANGARO 138,36,40.02,50.84,54.37,0,0,0,0.1,20000,Nivel de precio,0.0,38.88,Estable
cement_and_heavy_materials,hedged_10pct_spot,PUCALLPA 60,36,39.75,48.91,54.94,0,0,0,0.1,20000,Nivel de precio,0.0,38.36,Estable
cement_and_heavy_materials,hedged_10pct_spot,CT PLANTA PUCALLPA 60,36,39.71,48.81,54.82,0,0,0,0.1,20000,Nivel de precio,0.0,38.29,Estable
cement_and_heavy_materials,hedged_10pct_spot,ARICOTA1 66,36,39.61,48.11,52.0,0,0,0,0.1,20000,Nivel de precio,0.0,37.65,Variable
cement_and_heavy_materials,hedged_10pct_spot,LOS HEROES 66,36,39.58,47.58,52.01,0,0,0,0.1,20000,Nivel de precio,0.0,37.51,Variable
cement_and_heavy_materials,hedged_10pct_spot,CHILINA 138,36,39.49,48.41,52.91,0,0,0,0.1,20000,Nivel de precio,0.0,37.81,Variable
cement_and_heavy_materials,hedged_10pct_spot,GUADALUPE 220,36,39.48,48.13,50.95,0,0,0,0.1,20000,Nivel de precio,0.0,37.44,Estable
cement_and_heavy_materials,hedged_10pct_spot,COMBAPATA 138,36,39.41,49.87,52.23,0,0,0,0.1,20000,Nivel de precio,0.0,38.04,Estable
cement_and_heavy_materials,hedged_10pct_spot,REPARTICIÓN 138,36,39.36,49.3,53.49,0,0,0,0.1,20000,Nivel de precio,0.0,38.06,Estable
cement_and_heavy_materials,hedged_10pct_spot,CUTERVO 138,36,39.32,49.05,51.21,0,0,0,0.1,20000,Nivel de precio,0.0,37.64,Estable
cement_and_heavy_materials,hedged_10pct_spot,PUCALLPA 138,36,39.24,47.94,54.25,0,0,0,0.1,20000,Nivel de precio,0.0,37.78,Estable
cement_and_heavy_materials,hedged_10pct_spot,LOS HEROES 220,36,39.03,46.41,51.28,0,0,0,0.1,20000,Nivel de precio,0.0,36.86,Variable
cement_and_heavy_materials,hedged_10pct_spot,CERRO VERDE 138,36,38.73,47.37,51.47,0,0,0,0.1,20000,Nivel de precio,0.0,36.99,Variable
cement_and_heavy_materials,hedged_10pct_spot,AGROLMOS 60,6,38.5,47.79,50.17,0,0,0,0.1,20000,Nivel de precio,0.0,36.8,Variable
cement_and_heavy_materials,hedged_10pct_spot,MOQUEGUA 138,36,38.25,45.96,50.43,0,0,0,0.1,20000,Nivel de precio,0.0,36.27,Variable
cement_and_heavy_materials,hedged_10pct_spot,PLANTA SAN JACINTO 13.8,36,38.15,47.14,50.04,0,0,0,0.1,20000,Nivel de precio,0.0,36.46,Variable
cement_and_heavy_materials,hedged_10pct_spot,SANTUARIO 138,36,37.99,47.06,51.52,0,0,0,0.1,20000,Nivel de precio,0.0,36.59,Variable
cement_and_heavy_materials,hedged_10pct_spot,CAJAMARCA 220,36,37.99,47.36,49.81,0,0,0,0.1,20000,Nivel de precio,0.0,36.41,Variable
cement_and_heavy_materials,hedged_10pct_spot,MOQUEGUA 220,36,37.9,45.92,49.88,0,0,0,0.1,20000,Nivel de precio,0.0,36.02,Variable
cement_and_heavy_materials,hedged_10pct_spot,SOCABAYA 138,36,37.74,46.7,50.8,0,0,0,0.1,20000,Nivel de precio,0.0,36.28,Variable
cement_and_heavy_materials,hedged_10pct_spot,ILO2 220,36,37.6,45.73,49.6,0,0,0,0.1,20000,Nivel de precio,0.0,35.79,Variable
cement_and_heavy_materials,hedged_10pct_spot,TRUJILLO 220,36,37.57,46.72,50.23,0,0,0,0.1,20000,Nivel de precio,0.0,36.12,Variable
cement_and_heavy_materials,hedged_10pct_spot,CHARCANI VI 33,36,37.39,45.41,48.14,0,0,0,0.1,20000,Nivel de precio,0.0,35.4,Variable
cement_and_heavy_materials,hedged_10pct_spot,SOCABAYA 220,36,37.35,46.07,50.05,0,0,0,0.1,20000,Nivel de precio,0.0,35.83,Variable
cement_and_heavy_materials,hedged_10pct_spot,CARHUAQUERO 220,36,37.23,47.81,49.59,0,0,0,0.1,20000,Nivel de precio,0.0,36.14,Variable
cement_and_heavy_materials,hedged_10pct_spot,MONTALVO 220,36,36.95,44.69,49.38,0,0,0,0.1,20000,Nivel de precio,0.0,35.21,Variable
cement_and_heavy_materials,hedged_10pct_spot,HUALLIN60,21,36.79,48.66,52.26,0,0,0,0.1,20000,Nivel de precio,0.0,36.56,Sensible
cement_and_heavy_materials,hedged_10pct_spot,AUCAYACU 138,36,36.54,46.83,52.87,0,0,0,0.1,20000,Nivel de precio,0.0,36.08,Variable
cement_and_heavy_materials,hedged_10pct_spot,S.E. ILO4 500,36,36.27,44.21,48.11,0,0,0,0.1,20000,Nivel de precio,0.0,34.59,Variable
cement_and_heavy_materials,hedged_10pct_spot,BIOENERGIA 13.8,36,36.2,47.32,57.85,0,0,0,0.1,20000,Nivel de precio,0.0,36.8,Variable
cement_and_heavy_materials,hedged_10pct_spot,RUBI 220,33,35.93,44.14,49.13,0,0,0,0.1,20000,Volatilidad,0.0,34.57,Variable
cement_and_heavy_materials,hedged_10pct_spot,CHAPARRAL 138,18,35.87,44.03,46.02,0,0,0,0.1,20000,Volatilidad,0.0,34.05,Variable
cement_and_heavy_materials,hedged_10pct_spot,CHIMBOTE1 138,36,35.86,45.85,49.49,0,0,0,0.1,20000,Nivel de precio,0.0,35.02,Variable
cement_and_heavy_materials,hedged_10pct_spot,DUNA HUAMBOS 34.5,31,35.77,47.59,50.38,0,0,0,0.1,20000,Nivel de precio,0.0,35.55,Variable
cement_and_heavy_materials,hedged_10pct_spot,SAN JOSE 500,36,35.69,43.56,47.49,0,0,0,0.1,20000,Nivel de precio,0.0,34.08,Variable
cement_and_heavy_materials,hedged_10pct_spot,PUERTO BRAVO 500,36,35.57,43.58,47.05,0,0,0,0.1,20000,Nivel de precio,0.0,33.96,Variable
cement_and_heavy_materials,hedged_10pct_spot,PUERTO BRAVO 18,36,35.46,43.54,46.93,0,0,0,0.1,20000,Nivel de precio,0.0,33.88,Variable
cement_and_heavy_materials,hedged_10pct_spot,LA RAMADA 220,36,35.43,45.97,48.59,0,0,0,0.1,20000,Nivel de precio,0.0,34.72,Variable
cement_and_heavy_materials,hedged_10pct_spot,CHIMBOTE1 220,36,35.26,45.59,49.74,0,0,0,0.1,20000,Nivel de precio,0.0,34.72,Variable
cement_and_heavy_materials,hedged_10pct_spot,CARHUAQUERO 10_S,24,34.88,46.85,49.98,0,0,0,0.1,20000,Nivel de precio,0.0,34.91,Variable
cement_and_heavy_materials,hedged_10pct_spot,QUENCORO 138,36,34.86,45.66,49.62,0,0,0,0.1,20000,Nivel de precio,0.0,34.55,Variable
cement_and_heavy_materials,hedged_10pct_spot,CHARCANI I 33,36,34.76,43.87,47.03,0,0,0,0.1,20000,Nivel de precio,0.0,33.66,Variable
cement_and_heavy_materials,hedged_10pct_spot,DOLORESPATA 138,36,34.65,45.38,49.48,0,0,0,0.1,20000,Nivel de precio,0.0,34.36,Variable
cement_and_heavy_materials,hedged_10pct_spot,QUITARACSA 220,36,33.96,44.95,47.93,0,0,0,0.1,20000,Nivel de precio,0.0,33.71,Variable
cement_and_heavy_materials,hedged_10pct_spot,MAZUCO138,36,33.93,48.75,55.18,0,0,0,0.1,20000,Volatilidad,0.0,35.73,Variable
cement_and_heavy_materials,hedged_10pct_spot,CACHIMAYO 138,36,33.55,44.3,48.99,0,0,0,0.1,20000,Nivel de precio,0.0,33.52,Variable
cement_and_heavy_materials,hedged_10pct_spot,ZAÑA 60,36,33.23,43.8,52.46,0,0,0,0.1,20000,Nivel de precio,0.0,33.77,Variable
cement_and_heavy_materials,hedged_10pct_spot,SAN NICOLAS 13.8,36,33.23,41.21,53.37,0,0,0,0.1,20000,Prima de estrés,0.0,33.26,Variable
cement_and_heavy_materials,hedged_10pct_spot,AGUAYTIA 138,36,32.85,45.52,48.45,0,0,0,0.1,20000,Nivel de precio,0.0,33.43,Variable
cement_and_heavy_materials,hedged_10pct_spot,TINGO MARIA 138,36,32.75,44.45,47.32,0,0,0,0.1,20000,Nivel de precio,0.0,32.95,Variable
cement_and_heavy_materials,hedged_10pct_spot,AGUAYTIA 22.9,36,32.5,45.38,47.8,0,0,0,0.1,20000,Nivel de precio,0.0,33.14,Variable
cement_and_heavy_materials,hedged_10pct_spot,PURMACANA 20,36,32.35,43.53,49.09,0,0,0,0.1,20000,Nivel de precio,0.0,32.8,Variable
cement_and_heavy_materials,hedged_10pct_spot,SAN MARTIN 220,9,32.29,37.02,39.0,0,0,0,0.1,20000,Volatilidad,0.0,29.64,Variable
cement_and_heavy_materials,hedged_10pct_spot,AGUAYTIA 220,36,32.24,45.22,47.67,0,0,0,0.1,20000,Nivel de precio,0.0,32.96,Variable
cement_and_heavy_materials,hedged_10pct_spot,PAQUILLUSI 220,9,31.79,39.34,45.35,0,0,0,0.1,20000,Volatilidad,0.0,30.94,Variable
cement_and_heavy_materials,hedged_10pct_spot,CHARCANI IV 33,36,31.63,42.78,45.95,0,0,0,0.1,20000,Ventanas críticas,0.0,31.82,Variable
cement_and_heavy_materials,hedged_10pct_spot,HUALLANCA 138,36,31.61,43.95,47.25,0,0,0,0.1,20000,Nivel de precio,0.0,32.3,Variable
cement_and_heavy_materials,hedged_10pct_spot,COTARUSE 220,36,31.33,41.03,47.72,0,0,0,0.1,20000,Ventanas críticas,0.0,31.52,Variable
cement_and_heavy_materials,hedged_10pct_spot,HUANUCO 138,36,30.95,41.67,45.94,0,0,0,0.1,20000,Nivel de precio,0.0,31.24,Variable
cement_and_heavy_materials,hedged_10pct_spot,PIEDRA BLANCA 34.5,36,30.19,40.9,46.05,0,0,0,0.1,20000,Nivel de precio,0.0,30.72,Variable
cement_and_heavy_materials,hedged_10pct_spot,TUPURI 22.9,36,30.11,45.85,52.72,0,0,0,0.1,20000,Ventanas críticas,0.0,32.92,Variable
cement_and_heavy_materials,hedged_10pct_spot,SAN GABAN 138,36,30.07,45.31,51.76,0,0,0,0.1,20000,Ventanas críticas,0.0,32.62,Variable
cement_and_heavy_materials,hedged_10pct_spot,SUNNY 220,4,30.05,35.29,35.91,0,0,0,0.1,20000,Volatilidad,0.0,27.73,Variable
cement_and_heavy_materials,hedged_10pct_spot,PARAMONGA NUEVA 220,36,29.64,38.19,48.3,0,0,0,0.1,20000,Ventanas críticas,0.0,30.13,Variable
cement_and_heavy_materials,hedged_10pct_spot,VIZCARRA 220,36,29.53,40.53,47.77,0,0,0,0.1,20000,Ventanas críticas,0.0,30.59,Variable
cement_and_heavy_materials,hedged_10pct_spot,PARAMONGA NUEVA 138,36,29.43,37.94,48.56,0,0,0,0.1,20000,Ventanas críticas,0.0,30.01,Variable
cement_and_heavy_materials,hedged_10pct_spot,PARAMONGA EXISTENTE 138,36,29.29,38.02,48.58,0,0,0,0.1,20000,Ventanas críticas,0.0,29.97,Variable
cement_and_heavy_materials,hedged_10pct_spot,OQUENDO 60,36,29.21,37.03,47.14,0,0,0,0.1,20000,Ventanas críticas,0.0,29.47,Variable
cement_and_heavy_materials,hedged_10pct_spot,MEDIO MUNDO 220,36,29.01,37.18,48.81,0,0,0,0.1,20000,Ventanas críticas,0.0,29.67,Variable
cement_and_heavy_materials,hedged_10pct_spot,PACHACHACA50,36,28.58,37.69,41.86,0,0,0,0.1,20000,Ventanas críticas,0.0,28.56,Variable
cement_and_heavy_materials,hedged_10pct_spot,SANTIAGO DE CAO 138,1,28.25,28.25,28.25,0,0,0,0.1,20000,Prima de estrés,0.0,24.01,Sensible
cement_and_heavy_materials,hedged_10pct_spot,MARCONA 220,36,27.91,35.39,42.76,0,0,0,0.1,20000,Ventanas críticas,0.0,27.82,Variable
cement_and_heavy_materials,hedged_10pct_spot,POROMA 220,36,27.85,34.79,42.32,0,0,0,0.1,20000,Ventanas críticas,0.0,27.58,Variable
cement_and_heavy_materials,hedged_10pct_spot,LOMERA 220,36,27.39,34.37,44.11,0,0,0,0.1,20000,Ventanas críticas,0.0,27.53,Variable
cement_and_heavy_materials,hedged_10pct_spot,HUACHO 220,36,27.24,35.82,42.33,0,0,0,0.1,20000,Ventanas críticas,0.0,27.56,Variable
cement_and_heavy_materials,hedged_10pct_spot,SANTA TERESA 220,36,26.62,38.17,45.8,0,0,0,0.1,20000,Ventanas críticas,0.0,28.39,Variable
cement_and_heavy_materials,hedged_10pct_spot,CHAVARRIA 220,36,26.48,32.02,46.19,0,0,0,0.1,20000,Ventanas críticas,0.0,26.85,Variable
cement_and_heavy_materials,hedged_10pct_spot,ZAPALLAL 220,36,26.44,32.04,45.64,0,0,0,0.1,20000,Ventanas críticas,0.0,26.75,Variable
cement_and_heavy_materials,hedged_10pct_spot,MARCONA 60,27,26.27,32.32,36.74,0,0,2,0.1,20000,Ventanas críticas,0.0,25.41,Variable
cement_and_heavy_materials,hedged_10pct_spot,VENTANILLA 220,36,26.12,31.62,45.74,0,0,0,0.1,20000,Ventanas críticas,0.0,26.52,Variable
cement_and_heavy_materials,hedged_10pct_spot,CARABAYLLO 220,36,26.1,31.78,45.42,0,0,0,0.1,20000,Ventanas críticas,0.0,26.5,Variable
cement_and_heavy_materials,hedged_10pct_spot,ICA 220,36,25.77,33.25,43.71,0,0,0,0.1,20000,Ventanas críticas,0.0,26.47,Variable
cement_and_heavy_materials,hedged_10pct_spot,INDEPENDENCIA 60,36,25.54,31.24,44.01,0,0,0,0.1,20000,Ventanas críticas,0.0,25.9,Variable
cement_and_heavy_materials,hedged_10pct_spot,CT PISCO 60,36,25.53,31.24,44.01,0,0,0,0.1,20000,Ventanas críticas,0.0,25.9,Variable
cement_and_heavy_materials,hedged_10pct_spot,FLAMENCO 220,26,25.47,31.42,35.98,0,0,0,0.1,20000,Ventanas críticas,0.0,24.71,Variable
cement_and_heavy_materials,hedged_10pct_spot,INDUSTRIALES 220,36,25.42,31.27,42.44,0,0,0,0.1,20000,Ventanas críticas,0.0,25.62,Variable
cement_and_heavy_materials,hedged_10pct_spot,CAJAMARQUILLA 220,36,25.31,30.61,44.84,0,0,0,0.1,20000,Ventanas críticas,0.0,25.77,Variable
cement_and_heavy_materials,hedged_10pct_spot,ERSUR 220,26,25.1,30.28,35.29,0,0,0,0.1,20000,Ventanas críticas,0.0,24.16,Variable
cement_and_heavy_materials,hedged_10pct_spot,NAZCA NUEVA 220,23,25.1,28.29,34.91,0,0,0,0.1,20000,Ventanas críticas,0.0,23.6,Variable
cement_and_heavy_materials,hedged_10pct_spot,CT INDEPENDENCIA 60,36,25.05,30.63,43.53,0,0,0,0.1,20000,Ventanas críticas,0.0,25.46,Variable
cement_and_heavy_materials,hedged_10pct_spot,PLANICIE 220,36,24.92,30.73,32.71,0,0,0,0.1,20000,Ventanas críticas,0.0,23.8,Variable
cement_and_heavy_materials,hedged_10pct_spot,CHEVES 220,36,24.9,33.37,41.57,0,0,0,0.1,20000,Ventanas críticas,0.0,25.78,Variable
cement_and_heavy_materials,hedged_10pct_spot,MARAÑON 60,36,24.74,35.33,47.16,0,0,0,0.1,20000,Ventanas críticas,0.0,27.04,Variable
cement_and_heavy_materials,hedged_10pct_spot,SANTA ROSA 220,36,24.7,30.93,46.14,0,0,0,0.1,20000,Ventanas críticas,0.0,25.77,Variable
cement_and_heavy_materials,hedged_10pct_spot,MACHUPICCHU 138,36,24.58,37.15,43.96,0,0,0,0.1,20000,Ventanas críticas,0.0,26.94,Variable
cement_and_heavy_materials,hedged_10pct_spot,INDEPENDENCIA 220,36,24.56,30.24,43.75,0,0,0,0.1,20000,Ventanas críticas,0.0,25.17,Variable
cement_and_heavy_materials,hedged_10pct_spot,CARAPONGO 220,36,24.53,30.06,44.36,0,0,0,0.1,20000,Ventanas críticas,0.0,25.21,Variable
cement_and_heavy_materials,hedged_10pct_spot,HUANCHOR 50,36,24.5,40.48,49.89,0,0,0,0.1,20000,Ventanas críticas,0.0,28.63,Variable
cement_and_heavy_materials,hedged_10pct_spot,PARAGSHA2 138,36,24.35,33.23,41.43,0,0,0,0.1,20000,Ventanas críticas,0.0,25.48,Variable
cement_and_heavy_materials,hedged_10pct_spot,CHINCHA NUEVA 220,23,24.28,32.43,42.41,0,0,0,0.1,20000,Ventanas críticas,0.0,25.39,Variable
cement_and_heavy_materials,hedged_10pct_spot,CHEVES 13.8,36,24.13,32.79,41.35,0,0,0,0.1,20000,Ventanas críticas,0.0,25.26,Variable
cement_and_heavy_materials,hedged_10pct_spot,CAHUA138,36,23.73,32.62,48.46,0,0,0,0.1,20000,Ventanas críticas,0.0,26.1,Variable
cement_and_heavy_materials,hedged_10pct_spot,PUNTA LOMITAS II,36,22.96,27.68,32.36,0,0,0,0.1,20000,Ventanas críticas,0.0,22.11,Variable
cement_and_heavy_materials,hedged_10pct_spot,DESIERTO 220,35,22.91,28.46,41.45,0,0,0,0.1,20000,Ventanas críticas,0.0,23.64,Variable
cement_and_heavy_materials,hedged_10pct_spot,PUNTA LOMITAS I,36,22.91,27.79,31.06,0,0,0,0.1,20000,Ventanas críticas,0.0,21.92,Variable
cement_and_heavy_materials,hedged_10pct_spot,CANTERA 220,36,22.74,28.38,42.07,0,0,0,0.1,20000,Ventanas críticas,0.0,23.64,Variable
cement_and_heavy_materials,hedged_10pct_spot,PARAGSHA2 220,36,22.67,32.06,40.53,0,0,0,0.1,20000,Ventanas críticas,0.0,24.3,Variable
cement_and_heavy_materials,hedged_10pct_spot,CALLAHUANCA EDEGEL 220,36,22.64,26.86,34.87,0,0,0,0.1,20000,Ventanas críticas,0.0,22.13,Variable
cement_and_heavy_materials,hedged_10pct_spot,HUINCO 220,36,22.52,28.54,43.4,0,0,0,0.1,20000,Ventanas críticas,0.0,23.78,Variable
cement_and_heavy_materials,hedged_10pct_spot,HUANZA 220,36,22.19,28.51,41.83,0,0,0,0.1,20000,Ventanas críticas,0.0,23.39,Variable
cement_and_heavy_materials,hedged_10pct_spot,HUAMPANI 60,36,22.15,29.97,43.84,0,0,0,0.1,20000,Ventanas críticas,0.0,24.04,Variable
cement_and_heavy_materials,hedged_10pct_spot,SAN JUAN 220,36,22.04,27.39,33.54,0,0,0,0.1,20000,Ventanas críticas,0.0,21.8,Variable
cement_and_heavy_materials,hedged_10pct_spot,CHILCA500,36,21.8,25.73,31.57,0,0,0,0.1,20000,Ventanas críticas,0.0,20.98,Variable
cement_and_heavy_materials,hedged_10pct_spot,POMACOCHA 220,36,21.63,27.06,29.1,0,0,0,0.1,20000,Ventanas críticas,0.0,20.86,Variable
cement_and_heavy_materials,hedged_10pct_spot,OROYA NUEVA 220,36,21.54,27.96,30.26,0,0,0,0.1,20000,Ventanas críticas,0.0,21.22,Variable
cement_and_heavy_materials,hedged_10pct_spot,OLLEROS 500,36,21.49,26.1,30.93,0,0,0,0.1,20000,Ventanas críticas,0.0,20.84,Variable
cement_and_heavy_materials,hedged_10pct_spot,SANTA ANA 138,6,21.45,26.78,30.02,0,0,0,0.1,20000,Ventanas críticas,0.0,20.85,Variable
cement_and_heavy_materials,hedged_10pct_spot,PACHACHACA 220,36,21.2,26.4,29.61,0,0,0,0.1,20000,Ventanas críticas,0.0,20.58,Variable
cement_and_heavy_materials,hedged_10pct_spot,CARHUAMAYO 138,36,21.17,29.75,33.33,0,0,0,0.1,20000,Ventanas críticas,0.0,21.96,Variable
cement_and_heavy_materials,hedged_10pct_spot,FENIX 500,36,21.17,24.92,31.74,0,0,0,0.1,20000,Ventanas críticas,0.0,20.52,Variable
cement_and_heavy_materials,hedged_10pct_spot,CHIRIBAMBA 220,22,21.02,25.92,33.47,0,0,0,0.1,20000,Ventanas críticas,0.0,20.96,Variable
cement_and_heavy_materials,hedged_10pct_spot,CS COENERGY 22.9,1,20.84,20.84,20.84,0,0,0,0.1,20000,Volatilidad,0.0,17.72,Variable
cement_and_heavy_materials,hedged_10pct_spot,MATUCANA 220,36,20.82,25.13,33.6,0,0,0,0.1,20000,Ventanas críticas,0.0,20.69,Variable
cement_and_heavy_materials,hedged_10pct_spot,ALTO PRADERAS 220,36,20.81,26.28,38.89,0,0,0,0.1,20000,Ventanas críticas,0.0,21.77,Variable
cement_and_heavy_materials,hedged_10pct_spot,YANANGO 220,36,20.66,25.93,31.26,0,0,0,0.1,20000,Ventanas críticas,0.0,20.47,Variable
cement_and_heavy_materials,hedged_10pct_spot,ASIA 220,36,20.61,26.53,41.41,0,0,0,0.1,20000,Ventanas críticas,0.0,22.12,Variable
cement_and_heavy_materials,hedged_10pct_spot,MOYOPAMPA 60,36,20.43,26.13,30.09,0,0,0,0.1,20000,Ventanas críticas,0.0,20.24,Variable
cement_and_heavy_materials,hedged_10pct_spot,SANTA ISABEL 220,36,20.28,28.82,33.03,0,0,0,0.1,20000,Ventanas críticas,0.0,21.28,Variable
cement_and_heavy_materials,hedged_10pct_spot,OROYA NUEVA 50,36,19.94,26.92,31.29,0,0,0,0.1,20000,Ventanas críticas,0.0,20.4,Variable
cement_and_heavy_materials,hedged_10pct_spot,CHAGLLA 220,36,19.58,29.8,31.89,0,0,0,0.1,20000,Ventanas críticas,0.0,21.05,Variable
cement_and_heavy_materials,hedged_10pct_spot,CONDORCOCHA 44,36,19.48,27.08,32.26,0,0,0,0.1,20000,Ventanas críticas,0.0,20.37,Variable
cement_and_heavy_materials,hedged_10pct_spot,CONDORCOCHA 138,36,19.14,26.56,32.15,0,0,0,0.1,20000,Ventanas críticas,0.0,20.08,Variable
cement_and_heavy_materials,hedged_10pct_spot,CARIPA 138,36,18.86,26.11,31.46,0,0,0,0.1,20000,Ventanas críticas,0.0,19.73,Variable
cement_and_heavy_materials,hedged_10pct_spot,CHILCA UNO 220,36,18.69,23.67,27.34,0,0,0,0.1,20000,Ventanas críticas,0.0,18.43,Variable
cement_and_heavy_materials,hedged_10pct_spot,CHIMAY 220,36,18.67,23.85,28.81,0,0,0,0.1,20000,Ventanas críticas,0.0,18.69,Variable
cement_and_heavy_materials,hedged_10pct_spot,HUAYUCACHI 220,36,18.6,23.13,27.26,0,0,0,0.1,20000,Ventanas críticas,0.0,18.24,Variable
cement_and_heavy_materials,hedged_10pct_spot,CH OROYA 50,36,18.44,24.24,30.22,0,0,0,0.1,20000,Ventanas críticas,0.0,18.89,Variable
cement_and_heavy_materials,hedged_10pct_spot,HUANCAVELICA 220,36,18.26,22.51,28.53,0,0,0,0.1,20000,Ventanas críticas,0.0,18.13,Variable
cement_and_heavy_materials,hedged_10pct_spot,YAUPI 138,36,18.1,25.75,32.61,0,0,0,0.1,20000,Ventanas críticas,0.0,19.47,Variable
cement_and_heavy_materials,hedged_10pct_spot,LAS FLORES 220,36,18.08,22.71,27.16,0,0,0,0.1,20000,Ventanas críticas,0.0,17.89,Variable
cement_and_heavy_materials,hedged_10pct_spot,CALLAHUANCA 60,36,17.86,23.71,32.67,0,0,0,0.1,20000,Ventanas críticas,0.0,18.86,Variable
cement_and_heavy_materials,hedged_10pct_spot,CHILCA DOS 13.8,36,17.77,23.45,26.23,0,0,0,0.1,20000,Ventanas críticas,0.0,17.79,Variable
cement_and_heavy_materials,hedged_10pct_spot,CERRO DEL AGUILA 220,36,17.67,23.11,26.24,0,0,0,0.1,20000,Ventanas críticas,0.0,17.66,Variable
cement_and_heavy_materials,hedged_10pct_spot,YAUPI13.8,36,17.3,24.55,31.93,0,0,0,0.1,20000,Ventanas críticas,0.0,18.71,Variable
cement_and_heavy_materials,hedged_10pct_spot,LA VIRGEN 138,36,17.29,24.4,30.18,0,0,0,0.1,20000,Ventanas críticas,0.0,18.41,Variable
cement_and_heavy_materials,hedged_10pct_spot,CHILCA REP 220,36,17.24,22.85,26.34,0,0,0,0.1,20000,Ventanas críticas,0.0,17.42,Variable
cement_and_heavy_materials,hedged_10pct_spot,YARUCAYA 13.8,36,16.48,21.57,33.54,0,0,0,0.1,20000,Ventanas críticas,0.0,17.84,Variable
cement_and_heavy_materials,hedged_10pct_spot,CAMPO ARMIÑO 220,36,15.81,19.84,22.02,0,0,0,0.1,20000,Ventanas críticas,0.0,15.38,Variable
cement_and_heavy_materials,hedged_10pct_spot,MALPASO 50,36,15.78,20.85,26.29,0,0,0,0.1,20000,Ventanas críticas,0.0,16.25,Variable
cement_and_heavy_materials,hedged_10pct_spot,RESTITUCIÓN 220,36,15.32,19.25,21.35,0,0,0,0.1,20000,Ventanas críticas,0.0,14.91,Variable
cement_and_heavy_materials,hedged_10pct_spot,CORACORA 60,4,15.24,23.71,28.12,0,0,4,0.1,20000,Prima de estrés,0.0,17.0,Variable
cement_and_heavy_materials,hedged_10pct_spot,NAZCA 22.9,4,14.82,23.25,27.74,0,0,4,0.1,20000,Prima de estrés,0.0,16.64,Variable
cement_and_heavy_materials,hedged_10pct_spot,LLIPATA 60,4,14.28,22.8,27.61,0,0,4,0.1,20000,Prima de estrés,0.0,16.27,Variable
cement_and_heavy_materials,hedged_10pct_spot,PLATANAL 220,36,14.09,18.51,20.41,0,0,0,0.1,20000,Ventanas críticas,0.0,14.03,Variable
cement_and_heavy_materials,hedged_10pct_spot,ALTO LA LUNA 10,14,12.04,17.41,19.43,0,0,11,0.1,20000,Prima de estrés,0.0,12.69,Variable
cement_and_heavy_materials,hedged_10pct_spot,ALTO LA LUNA 60,14,11.74,16.92,18.86,0,0,11,0.1,20000,Prima de estrés,0.0,12.34,Variable
cement_and_heavy_materials,hedged_10pct_spot,PISCO 10,14,11.52,16.38,18.56,0,0,11,0.1,20000,Prima de estrés,0.0,12.06,Variable
cement_and_heavy_materials,hedged_10pct_spot,VILLACURI 22.9,14,11.44,17.06,18.66,0,0,11,0.1,20000,Prima de estrés,0.0,12.21,Variable
cement_and_heavy_materials,hedged_10pct_spot,PARACAS 22,14,11.36,16.7,21.65,0,0,11,0.1,20000,Prima de estrés,0.0,12.53,Variable
cement_and_heavy_materials,hedged_10pct_spot,PARACAS 10,14,11.28,16.25,21.83,0,0,11,0.1,20000,Prima de estrés,0.0,12.42,Variable
cement_and_heavy_materials,hedged_10pct_spot,TAMBO DE MORA 10,5,10.9,15.58,19.96,0,0,4,0.1,20000,Prima de estrés,0.0,11.79,Variable
cement_and_heavy_materials,hedged_10pct_spot,VILLACURI 60,14,10.65,15.6,17.55,0,0,11,0.1,20000,Prima de estrés,0.0,11.33,Variable
cement_and_heavy_materials,hedged_10pct_spot,PEDREGAL 10,5,10.4,15.24,19.4,0,0,4,0.1,20000,Prima de estrés,0.0,11.4,Variable
cement_and_heavy_materials,hedged_10pct_spot,PUEBLO NUEVO 10,5,9.93,13.65,15.76,0,0,4,0.1,20000,Prima de estrés,0.0,10.24,Variable
cement_and_heavy_materials,hedged_10pct_spot,INDEPENDENCIA 10,14,9.74,12.87,20.48,0,0,11,0.1,20000,Prima de estrés,0.0,10.67,Variable
cement_and_heavy_materials,hedged_10pct_spot,CHALA 60,1,8.67,8.67,8.67,0,0,1,0.1,20000,Prima de estrés,0.0,7.37,Variable
cement_and_heavy_materials,hedged_10pct_spot,BELLA UNION 60,1,8.23,8.23,8.23,0,0,1,0.1,20000,Prima de estrés,0.0,6.99,Variable
cement_and_heavy_materials,hedged_10pct_spot,JAHUAY 60,1,7.71,7.71,7.71,0,0,1,0.1,20000,Prima de estrés,0.0,6.55,Variable
cement_and_heavy_materials,hedged_10pct_spot,FUNSUR 60,1,7.6,7.6,7.6,0,0,1,0.1,20000,Prima de estrés,0.0,6.46,Variable
cement_and_heavy_materials,hedged_10pct_spot,MINA 60,1,7.03,7.03,7.03,0,0,1,0.1,20000,Prima de estrés,0.0,5.98,Variable
cement_and_heavy_materials,hedged_10pct_spot,HUARANGO 60,1,6.51,6.51,6.51,0,0,1,0.1,20000,Prima de estrés,0.0,5.54,Variable
cement_and_heavy_materials,hedged_10pct_spot,LOMAS 60,1,6.51,6.51,6.51,0,0,1,0.1,20000,Prima de estrés,0.0,5.54,Variable
cement_and_heavy_materials,indexed_50pct_spot,PLANTAETANOL 60,36,62.45,72.23,74.5,0,14,0,0.5,20000,Nivel de precio,0.389,63.17,Estable
cement_and_heavy_materials,indexed_50pct_spot,HUAYLLACHO 15,36,62.45,72.87,75.41,0,13,0,0.5,20000,Nivel de precio,0.361,63.05,Estable
cement_and_heavy_materials,indexed_50pct_spot,SAN IGNACIO 15,36,62.22,72.44,75.11,0,13,0,0.5,20000,Nivel de precio,0.361,62.79,Estable
cement_and_heavy_materials,indexed_50pct_spot,SAN ANTONIO 15,36,62.2,72.44,75.11,0,13,0,0.5,20000,Nivel de precio,0.361,62.78,Estable
cement_and_heavy_materials,indexed_50pct_spot,ZORRITOS 220,36,61.98,72.38,73.3,0,14,0,0.5,20000,Nivel de precio,0.389,62.81,Estable
cement_and_heavy_materials,indexed_50pct_spot,NCTUMBES60,36,61.79,72.32,73.45,0,14,0,0.5,20000,Nivel de precio,0.389,62.74,Estable
cement_and_heavy_materials,indexed_50pct_spot,MISAPUQUIO 33,36,61.25,71.62,74.64,0,12,0,0.5,20000,Nivel de precio,0.333,61.66,Estable
cement_and_heavy_materials,indexed_50pct_spot,TINTAYA EXISTENTE 138,36,60.92,71.34,74.4,0,13,0,0.5,20000,Nivel de precio,0.361,61.83,Estable
cement_and_heavy_materials,indexed_50pct_spot,GE1 33,36,60.91,71.24,72.24,0,11,0,0.5,20000,Nivel de precio,0.306,60.64,Estable
cement_and_heavy_materials,indexed_50pct_spot,TINTAYA NUEVA 220,36,60.55,70.76,74.09,0,13,0,0.5,20000,Nivel de precio,0.361,61.47,Estable
cement_and_heavy_materials,indexed_50pct_spot,PIURA OESTE 220,36,60.45,70.03,72.78,0,12,0,0.5,20000,Nivel de precio,0.333,60.63,Estable
cement_and_heavy_materials,indexed_50pct_spot,TALARA 220,36,60.42,70.06,71.96,0,11,0,0.5,20000,Nivel de precio,0.306,60.08,Estable
cement_and_heavy_materials,indexed_50pct_spot,TALARA13.2,36,60.09,70.13,72.07,0,9,0,0.5,20000,Nivel de precio,0.25,59.13,Estable
cement_and_heavy_materials,indexed_50pct_spot,GALLITO CIEGO 60,36,60.01,69.48,71.99,0,11,0,0.5,20000,Nivel de precio,0.306,59.76,Estable
cement_and_heavy_materials,indexed_50pct_spot,BELAUNDE 138,36,59.92,69.57,72.59,0,12,0,0.5,20000,Nivel de precio,0.333,60.25,Estable
cement_and_heavy_materials,indexed_50pct_spot,VALLE DEL CHIRA 220,14,58.45,68.86,70.39,0,3,0,0.5,20000,Nivel de precio,0.214,57.29,Estable
cement_and_heavy_materials,indexed_50pct_spot,PARIAC 66,36,57.26,67.74,71.61,0,7,0,0.5,20000,Nivel de precio,0.194,56.36,Estable
cement_and_heavy_materials,indexed_50pct_spot,JULIACA10,36,55.91,66.66,69.55,0,8,0,0.5,20000,Nivel de precio,0.222,55.59,Estable
cement_and_heavy_materials,indexed_50pct_spot,JAEN 138,24,55.18,65.25,70.2,0,3,0,0.5,20000,Nivel de precio,0.125,53.55,Estable
cement_and_heavy_materials,indexed_50pct_spot,TOCACHE 138,36,52.3,61.2,67.04,0,2,0,0.5,20000,Nivel de precio,0.056,49.72,Estable
cement_and_heavy_materials,indexed_50pct_spot,JULIACA 138,36,51.32,62.04,65.04,0,1,0,0.5,20000,Nivel de precio,0.028,48.78,Estable
cement_and_heavy_materials,indexed_50pct_spot,CALLALLI 138,36,50.95,61.59,65.17,0,1,0,0.5,20000,Nivel de precio,0.028,48.52,Estable
cement_and_heavy_materials,indexed_50pct_spot,GUADALUPE 60,36,50.84,59.12,61.85,0,0,0,0.5,20000,Nivel de precio,0.0,46.93,Estable
cement_and_heavy_materials,indexed_50pct_spot,LA BREA 220,21,49.85,60.46,64.01,0,0,0,0.5,20000,Nivel de precio,0.0,47.15,Estable
cement_and_heavy_materials,indexed_50pct_spot,ILO1 138,36,49.43,58.2,62.34,0,0,0,0.5,20000,Nivel de precio,0.0,46.14,Estable
cement_and_heavy_materials,indexed_50pct_spot,PLANTA CASA GRANDE 13.8,1,49.33,49.33,49.33,0,0,0,0.5,20000,Nivel de precio,0.0,41.93,Sensible
cement_and_heavy_materials,indexed_50pct_spot,TOQUEPALA 138,36,49.16,57.59,62.26,0,0,0,0.5,20000,Nivel de precio,0.0,45.86,Estable
cement_and_heavy_materials,indexed_50pct_spot,AYAVIRI 138,36,48.97,60.44,63.44,0,0,0,0.5,20000,Nivel de precio,0.0,46.66,Estable
cement_and_heavy_materials,indexed_50pct_spot,PUNO 138,36,48.95,59.21,62.87,0,0,0,0.5,20000,Nivel de precio,0.0,46.26,Estable
cement_and_heavy_materials,indexed_50pct_spot,ILO ELP 138,36,48.86,57.59,61.72,0,0,0,0.5,20000,Nivel de precio,0.0,45.64,Estable
cement_and_heavy_materials,indexed_50pct_spot,CHICLAYO 220,36,48.6,57.06,59.93,0,0,0,0.5,20000,Nivel de precio,0.0,45.13,Estable
cement_and_heavy_materials,indexed_50pct_spot,PUNO 220,36,48.5,58.88,62.37,0,0,0,0.5,20000,Nivel de precio,0.0,45.9,Estable
cement_and_heavy_materials,indexed_50pct_spot,ARICOTA2 138,36,48.43,57.13,61.38,0,0,0,0.5,20000,Nivel de precio,0.0,45.28,Estable
cement_and_heavy_materials,indexed_50pct_spot,CT ETEN 220,36,48.18,56.88,59.48,0,0,0,0.5,20000,Nivel de precio,0.0,44.82,Estable
cement_and_heavy_materials,indexed_50pct_spot,BOTIFLACA 138,36,48.17,56.76,61.21,0,0,0,0.5,20000,Nivel de precio,0.0,45.05,Estable
cement_and_heavy_materials,indexed_50pct_spot,RECKA 220,36,48.16,56.89,59.24,0,0,0,0.5,20000,Nivel de precio,0.0,44.78,Estable
cement_and_heavy_materials,indexed_50pct_spot,ETEN 18,36,48.11,56.71,59.36,0,0,0,0.5,20000,Nivel de precio,0.0,44.73,Estable
cement_and_heavy_materials,indexed_50pct_spot,RECKA 18,36,48.09,56.83,59.14,0,0,0,0.5,20000,Nivel de precio,0.0,44.72,Estable
cement_and_heavy_materials,indexed_50pct_spot,ARICOTA 66,36,47.95,56.67,60.94,0,0,0,0.5,20000,Nivel de precio,0.0,44.89,Estable
cement_and_heavy_materials,indexed_50pct_spot,CHILINA 33,36,47.89,58.64,60.97,0,0,0,0.5,20000,Nivel de precio,0.0,45.36,Estable
cement_and_heavy_materials,indexed_50pct_spot,LA NIÑA 220,36,47.8,56.52,59.73,0,0,0,0.5,20000,Nivel de precio,0.0,44.6,Estable
cement_and_heavy_materials,indexed_50pct_spot,MOLLENDO 138,36,47.76,59.02,62.73,0,0,0,0.5,20000,Nivel de precio,0.0,45.66,Estable
cement_and_heavy_materials,indexed_50pct_spot,PUERTO MALDONADO 10,36,47.71,61.45,64.8,0,0,0,0.5,20000,Nivel de precio,0.0,46.55,Estable
cement_and_heavy_materials,indexed_50pct_spot,CACLIC 220,36,47.64,57.14,59.61,0,0,0,0.5,20000,Nivel de precio,0.0,44.66,Estable
cement_and_heavy_materials,indexed_50pct_spot,AZANGARO 138,36,47.51,59.71,62.49,0,0,0,0.5,20000,Nivel de precio,0.0,45.68,Estable
cement_and_heavy_materials,indexed_50pct_spot,ARICOTA1 66,36,47.31,55.9,59.91,0,0,0,0.5,20000,Nivel de precio,0.0,44.25,Variable
cement_and_heavy_materials,indexed_50pct_spot,LOS HEROES 66,36,47.27,55.55,59.89,0,0,0,0.5,20000,Nivel de precio,0.0,44.14,Variable
cement_and_heavy_materials,indexed_50pct_spot,CHILINA 138,36,47.1,56.62,60.84,0,0,0,0.5,20000,Nivel de precio,0.0,44.48,Variable
cement_and_heavy_materials,indexed_50pct_spot,PUERTO MALDONADO 138,36,47.06,60.82,65.56,0,1,0,0.5,20000,Nivel de precio,0.028,46.63,Estable
cement_and_heavy_materials,indexed_50pct_spot,GUADALUPE 220,36,47.03,56.0,58.6,0,0,0,0.5,20000,Nivel de precio,0.0,43.95,Estable
cement_and_heavy_materials,indexed_50pct_spot,COMBAPATA 138,36,46.93,58.76,60.11,0,0,0,0.5,20000,Nivel de precio,0.0,44.82,Estable
cement_and_heavy_materials,indexed_50pct_spot,REPARTICIÓN 138,36,46.87,57.91,61.42,0,0,0,0.5,20000,Nivel de precio,0.0,44.78,Estable
cement_and_heavy_materials,indexed_50pct_spot,PUCALLPA 60,36,46.79,55.77,62.83,0,0,0,0.5,20000,Nivel de precio,0.0,44.42,Estable
cement_and_heavy_materials,indexed_50pct_spot,CT PLANTA PUCALLPA 60,36,46.74,55.55,62.71,0,0,0,0.5,20000,Nivel de precio,0.0,44.33,Estable
cement_and_heavy_materials,indexed_50pct_spot,LOS HEROES 220,36,46.64,55.01,59.15,0,0,0,0.5,20000,Nivel de precio,0.0,43.61,Variable
cement_and_heavy_materials,indexed_50pct_spot,CUTERVO 138,36,46.35,56.46,60.27,0,0,0,0.5,20000,Nivel de precio,0.0,44.01,Estable
cement_and_heavy_materials,indexed_50pct_spot,CERRO VERDE 138,36,46.27,55.96,59.35,0,0,0,0.5,20000,Nivel de precio,0.0,43.71,Variable
cement_and_heavy_materials,indexed_50pct_spot,PUCALLPA 138,36,46.18,54.9,62.11,0,0,0,0.5,20000,Nivel de precio,0.0,43.82,Estable
cement_and_heavy_materials,indexed_50pct_spot,MOQUEGUA 138,36,45.77,54.42,58.42,0,0,0,0.5,20000,Nivel de precio,0.0,42.96,Variable
cement_and_heavy_materials,indexed_50pct_spot,AGROLMOS 60,6,45.71,55.32,57.45,0,0,0,0.5,20000,Nivel de precio,0.0,43.02,Variable
cement_and_heavy_materials,indexed_50pct_spot,SANTUARIO 138,36,45.44,55.74,59.39,0,0,0,0.5,20000,Nivel de precio,0.0,43.29,Variable
cement_and_heavy_materials,indexed_50pct_spot,MOQUEGUA 220,36,45.38,53.97,57.89,0,0,0,0.5,20000,Nivel de precio,0.0,42.6,Variable
cement_and_heavy_materials,indexed_50pct_spot,SOCABAYA 138,36,45.19,54.85,58.73,0,0,0,0.5,20000,Nivel de precio,0.0,42.86,Variable
cement_and_heavy_materials,indexed_50pct_spot,PLANTA SAN JACINTO 13.8,36,45.15,54.15,57.11,0,0,0,0.5,20000,Nivel de precio,0.0,42.42,Variable
cement_and_heavy_materials,indexed_50pct_spot,ILO2 220,36,45.04,53.33,57.62,0,0,0,0.5,20000,Nivel de precio,0.0,42.25,Variable
cement_and_heavy_materials,indexed_50pct_spot,CAJAMARCA 220,36,44.89,55.16,56.26,0,0,0,0.5,20000,Nivel de precio,0.0,42.43,Variable
cement_and_heavy_materials,indexed_50pct_spot,SOCABAYA 220,36,44.76,54.26,58.07,0,0,0,0.5,20000,Nivel de precio,0.0,42.42,Variable
cement_and_heavy_materials,indexed_50pct_spot,TRUJILLO 220,36,44.67,53.23,57.72,0,0,0,0.5,20000,Nivel de precio,0.0,42.07,Variable
cement_and_heavy_materials,indexed_50pct_spot,CHARCANI VI 33,36,44.67,54.04,56.07,0,0,0,0.5,20000,Nivel de precio,0.0,42.02,Variable
cement_and_heavy_materials,indexed_50pct_spot,MONTALVO 220,36,44.35,53.14,57.39,0,0,0,0.5,20000,Nivel de precio,0.0,41.85,Variable
cement_and_heavy_materials,indexed_50pct_spot,CARHUAQUERO 220,36,43.9,54.9,56.9,0,0,0,0.5,20000,Nivel de precio,0.0,42.02,Variable
cement_and_heavy_materials,indexed_50pct_spot,HUALLIN60,21,43.5,55.29,57.5,0,0,0,0.5,20000,Nivel de precio,0.0,42.02,Sensible
cement_and_heavy_materials,indexed_50pct_spot,S.E. ILO4 500,36,43.49,51.8,56.1,0,0,0,0.5,20000,Nivel de precio,0.0,40.94,Variable
cement_and_heavy_materials,indexed_50pct_spot,RUBI 220,33,43.02,51.69,57.18,0,0,0,0.5,20000,Volatilidad,0.0,40.86,Variable
cement_and_heavy_materials,indexed_50pct_spot,AUCAYACU 138,36,42.78,55.02,58.21,0,0,0,0.5,20000,Nivel de precio,0.0,41.74,Variable
cement_and_heavy_materials,indexed_50pct_spot,SAN JOSE 500,36,42.71,51.1,55.34,0,0,0,0.5,20000,Nivel de precio,0.0,40.29,Variable
cement_and_heavy_materials,indexed_50pct_spot,PUERTO BRAVO 500,36,42.57,51.07,54.9,0,0,0,0.5,20000,Nivel de precio,0.0,40.16,Variable
cement_and_heavy_materials,indexed_50pct_spot,PUERTO BRAVO 18,36,42.45,50.9,54.75,0,0,0,0.5,20000,Nivel de precio,0.0,40.04,Variable
cement_and_heavy_materials,indexed_50pct_spot,DUNA HUAMBOS 34.5,31,42.33,54.28,59.5,0,0,0,0.5,20000,Nivel de precio,0.0,41.54,Variable
cement_and_heavy_materials,indexed_50pct_spot,CHAPARRAL 138,18,42.29,52.27,54.45,0,0,0,0.5,20000,Volatilidad,0.0,40.27,Variable
cement_and_heavy_materials,indexed_50pct_spot,BIOENERGIA 13.8,36,42.26,54.1,61.28,0,0,0,0.5,20000,Nivel de precio,0.0,41.73,Variable
cement_and_heavy_materials,indexed_50pct_spot,CHIMBOTE1 138,36,42.13,51.99,55.99,0,0,0,0.5,20000,Nivel de precio,0.0,40.35,Variable
cement_and_heavy_materials,indexed_50pct_spot,CARHUAQUERO 10_S,24,42.06,54.59,56.16,0,0,0,0.5,20000,Nivel de precio,0.0,41.0,Variable
cement_and_heavy_materials,indexed_50pct_spot,LA RAMADA 220,36,41.77,53.18,54.34,0,0,0,0.5,20000,Nivel de precio,0.0,40.24,Variable
cement_and_heavy_materials,indexed_50pct_spot,CHIMBOTE1 220,36,41.33,51.69,56.16,0,0,0,0.5,20000,Nivel de precio,0.0,39.95,Variable
cement_and_heavy_materials,indexed_50pct_spot,CHARCANI I 33,36,41.15,51.76,55.58,0,0,0,0.5,20000,Nivel de precio,0.0,39.79,Variable
cement_and_heavy_materials,indexed_50pct_spot,QUENCORO 138,36,41.07,53.74,56.85,0,0,0,0.5,20000,Nivel de precio,0.0,40.45,Variable
cement_and_heavy_materials,indexed_50pct_spot,DOLORESPATA 138,36,40.81,53.55,56.71,0,0,0,0.5,20000,Nivel de precio,0.0,40.26,Variable
cement_and_heavy_materials,indexed_50pct_spot,QUITARACSA 220,36,39.7,51.55,54.22,0,0,0,0.5,20000,Nivel de precio,0.0,38.88,Variable
cement_and_heavy_materials,indexed_50pct_spot,MAZUCO138,36,39.38,57.08,63.35,0,0,0,0.5,20000,Volatilidad,0.0,41.49,Variable
cement_and_heavy_materials,indexed_50pct_spot,CACHIMAYO 138,36,39.38,51.7,56.1,0,0,0,0.5,20000,Nivel de precio,0.0,39.06,Variable
cement_and_heavy_materials,indexed_50pct_spot,SAN NICOLAS 13.8,36,38.89,48.48,61.34,0,0,0,0.5,20000,Prima de estrés,0.0,38.82,Variable
cement_and_heavy_materials,indexed_50pct_spot,ZAÑA 60,36,38.48,53.29,57.76,0,0,0,0.5,20000,Nivel de precio,0.0,39.3,Variable
cement_and_heavy_materials,indexed_50pct_spot,AGUAYTIA 138,36,38.3,51.86,57.11,0,0,0,0.5,20000,Nivel de precio,0.0,38.77,Variable
cement_and_heavy_materials,indexed_50pct_spot,TINGO MARIA 138,36,38.03,50.57,53.45,0,0,0,0.5,20000,Nivel de precio,0.0,37.78,Variable
cement_and_heavy_materials,indexed_50pct_spot,AGUAYTIA 22.9,36,37.92,51.69,56.14,0,0,0,0.5,20000,Nivel de precio,0.0,38.41,Variable
cement_and_heavy_materials,indexed_50pct_spot,AGUAYTIA 220,36,37.62,51.57,55.74,0,0,0,0.5,20000,Nivel de precio,0.0,38.18,Variable
cement_and_heavy_materials,indexed_50pct_spot,PURMACANA 20,36,37.56,48.99,54.53,0,0,0,0.5,20000,Nivel de precio,0.0,37.33,Variable
cement_and_heavy_materials,indexed_50pct_spot,SAN MARTIN 220,9,37.54,43.63,44.83,0,0,0,0.5,20000,Volatilidad,0.0,34.53,Variable
cement_and_heavy_materials,indexed_50pct_spot,CHARCANI IV 33,36,36.93,49.64,53.35,0,0,0,0.5,20000,Ventanas críticas,0.0,37.03,Variable
cement_and_heavy_materials,indexed_50pct_spot,COTARUSE 220,36,36.53,47.86,53.96,0,0,0,0.5,20000,Ventanas críticas,0.0,36.5,Variable
cement_and_heavy_materials,indexed_50pct_spot,HUALLANCA 138,36,36.39,49.4,54.67,0,0,0,0.5,20000,Nivel de precio,0.0,36.93,Variable
cement_and_heavy_materials,indexed_50pct_spot,PAQUILLUSI 220,9,36.12,46.82,52.32,0,0,0,0.5,20000,Volatilidad,0.0,35.81,Variable
cement_and_heavy_materials,indexed_50pct_spot,HUANUCO 138,36,35.85,47.73,52.17,0,0,0,0.5,20000,Nivel de precio,0.0,35.89,Variable
cement_and_heavy_materials,indexed_50pct_spot,SUNNY 220,4,35.22,40.79,41.01,0,0,0,0.5,20000,Volatilidad,0.0,32.2,Variable
cement_and_heavy_materials,indexed_50pct_spot,PIEDRA BLANCA 34.5,36,35.0,47.77,52.37,0,0,0,0.5,20000,Nivel de precio,0.0,35.55,Variable
cement_and_heavy_materials,indexed_50pct_spot,TUPURI 22.9,36,34.94,53.32,60.66,0,0,0,0.5,20000,Ventanas críticas,0.0,38.15,Variable
cement_and_heavy_materials,indexed_50pct_spot,SAN GABAN 138,36,34.81,52.28,59.64,0,0,0,0.5,20000,Ventanas críticas,0.0,37.68,Variable
cement_and_heavy_materials,indexed_50pct_spot,PARAMONGA NUEVA 220,36,34.29,46.26,53.78,0,0,0,0.5,20000,Ventanas críticas,0.0,35.07,Variable
cement_and_heavy_materials,indexed_50pct_spot,PARAMONGA NUEVA 138,36,34.06,45.98,54.05,0,0,0,0.5,20000,Ventanas críticas,0.0,34.93,Variable
cement_and_heavy_materials,indexed_50pct_spot,VIZCARRA 220,36,33.98,48.0,55.33,0,0,0,0.5,20000,Ventanas críticas,0.0,35.59,Variable
cement_and_heavy_materials,indexed_50pct_spot,OQUENDO 60,36,33.96,45.3,54.2,0,0,0,0.5,20000,Ventanas críticas,0.0,34.74,Variable
cement_and_heavy_materials,indexed_50pct_spot,PARAMONGA EXISTENTE 138,36,33.86,45.55,53.99,0,0,0,0.5,20000,Ventanas críticas,0.0,34.72,Variable
cement_and_heavy_materials,indexed_50pct_spot,MEDIO MUNDO 220,36,33.6,45.1,54.17,0,0,0,0.5,20000,Ventanas críticas,0.0,34.52,Variable
cement_and_heavy_materials,indexed_50pct_spot,PACHACHACA50,36,33.08,43.26,47.14,0,0,0,0.5,20000,Ventanas críticas,0.0,32.77,Variable
cement_and_heavy_materials,indexed_50pct_spot,MARCONA 220,36,32.35,41.4,48.65,0,0,0,0.5,20000,Ventanas críticas,0.0,32.2,Variable
cement_and_heavy_materials,indexed_50pct_spot,POROMA 220,36,32.34,41.13,48.24,0,0,0,0.5,20000,Ventanas críticas,0.0,32.07,Variable
cement_and_heavy_materials,indexed_50pct_spot,LOMERA 220,36,31.69,39.19,48.0,0,0,0,0.5,20000,Ventanas críticas,0.0,31.26,Variable
cement_and_heavy_materials,indexed_50pct_spot,HUACHO 220,36,31.45,40.01,48.57,0,0,0,0.5,20000,Ventanas críticas,0.0,31.44,Variable
cement_and_heavy_materials,indexed_50pct_spot,SANTIAGO DE CAO 138,1,31.04,31.04,31.04,0,0,0,0.5,20000,Prima de estrés,0.0,26.39,Sensible
cement_and_heavy_materials,indexed_50pct_spot,CHAVARRIA 220,36,30.85,38.49,52.55,0,0,0,0.5,20000,Ventanas críticas,0.0,31.39,Variable
cement_and_heavy_materials,indexed_50pct_spot,MARCONA 60,27,30.81,38.25,43.31,0,0,2,0.5,20000,Ventanas críticas,0.0,29.92,Variable
cement_and_heavy_materials,indexed_50pct_spot,ZAPALLAL 220,36,30.74,38.42,52.03,0,0,0,0.5,20000,Ventanas críticas,0.0,31.24,Variable
cement_and_heavy_materials,indexed_50pct_spot,SANTA TERESA 220,36,30.5,44.71,51.07,0,0,0,0.5,20000,Ventanas críticas,0.0,32.57,Variable
cement_and_heavy_materials,indexed_50pct_spot,VENTANILLA 220,36,30.45,37.5,52.1,0,0,0,0.5,20000,Ventanas críticas,0.0,30.89,Variable
cement_and_heavy_materials,indexed_50pct_spot,CARABAYLLO 220,36,30.37,37.98,51.8,0,0,0,0.5,20000,Ventanas críticas,0.0,30.93,Variable
cement_and_heavy_materials,indexed_50pct_spot,FLAMENCO 220,26,30.11,37.95,41.81,0,0,0,0.5,20000,Ventanas críticas,0.0,29.31,Variable
cement_and_heavy_materials,indexed_50pct_spot,ICA 220,36,30.06,38.3,49.13,0,0,0,0.5,20000,Ventanas críticas,0.0,30.47,Variable
cement_and_heavy_materials,indexed_50pct_spot,INDEPENDENCIA 60,36,29.86,37.72,51.21,0,0,0,0.5,20000,Ventanas críticas,0.0,30.55,Variable
cement_and_heavy_materials,indexed_50pct_spot,CT PISCO 60,36,29.86,37.72,51.21,0,0,0,0.5,20000,Ventanas críticas,0.0,30.55,Variable
cement_and_heavy_materials,indexed_50pct_spot,INDUSTRIALES 220,36,29.66,39.88,46.39,0,0,0,0.5,20000,Ventanas críticas,0.0,30.27,Variable
cement_and_heavy_materials,indexed_50pct_spot,CAJAMARQUILLA 220,36,29.55,36.62,50.87,0,0,0,0.5,20000,Ventanas críticas,0.0,30.08,Variable
cement_and_heavy_materials,indexed_50pct_spot,NAZCA NUEVA 220,23,29.52,36.89,41.91,0,0,0,0.5,20000,Ventanas críticas,0.0,28.79,Variable
cement_and_heavy_materials,indexed_50pct_spot,ERSUR 220,26,29.48,37.05,39.65,0,0,0,0.5,20000,Ventanas críticas,0.0,28.47,Variable
cement_and_heavy_materials,indexed_50pct_spot,CT INDEPENDENCIA 60,36,29.37,37.27,50.73,0,0,0,0.5,20000,Ventanas críticas,0.0,30.14,Variable
cement_and_heavy_materials,indexed_50pct_spot,PLANICIE 220,36,29.03,36.96,41.83,0,0,0,0.5,20000,Ventanas críticas,0.0,28.58,Variable
cement_and_heavy_materials,indexed_50pct_spot,SANTA ROSA 220,36,29.0,38.86,52.53,0,0,0,0.5,20000,Ventanas críticas,0.0,30.64,Variable
cement_and_heavy_materials,indexed_50pct_spot,CHINCHA NUEVA 220,23,28.98,37.0,48.87,0,0,0,0.5,20000,Ventanas críticas,0.0,29.62,Variable
cement_and_heavy_materials,indexed_50pct_spot,INDEPENDENCIA 220,36,28.72,35.7,50.32,0,0,0,0.5,20000,Ventanas críticas,0.0,29.4,Variable
cement_and_heavy_materials,indexed_50pct_spot,CARAPONGO 220,36,28.68,35.85,49.77,0,0,0,0.5,20000,Ventanas críticas,0.0,29.33,Variable
cement_and_heavy_materials,indexed_50pct_spot,HUANCHOR 50,36,28.55,47.14,56.75,0,0,0,0.5,20000,Ventanas críticas,0.0,33.15,Variable
cement_and_heavy_materials,indexed_50pct_spot,CHEVES 220,36,28.27,36.62,46.86,0,0,0,0.5,20000,Ventanas críticas,0.0,28.91,Variable
cement_and_heavy_materials,indexed_50pct_spot,MARAÑON 60,36,28.01,39.51,51.75,0,0,0,0.5,20000,Ventanas críticas,0.0,30.25,Variable
cement_and_heavy_materials,indexed_50pct_spot,MACHUPICCHU 138,36,27.9,42.82,47.36,0,0,0,0.5,20000,Ventanas críticas,0.0,30.36,Variable
cement_and_heavy_materials,indexed_50pct_spot,PARAGSHA2 138,36,27.73,35.9,47.06,0,0,0,0.5,20000,Ventanas críticas,0.0,28.51,Variable
cement_and_heavy_materials,indexed_50pct_spot,CHEVES 13.8,36,27.36,35.87,46.51,0,0,0,0.5,20000,Ventanas críticas,0.0,28.26,Variable
cement_and_heavy_materials,indexed_50pct_spot,DESIERTO 220,35,27.0,32.94,47.07,0,0,0,0.5,20000,Ventanas críticas,0.0,27.44,Variable
cement_and_heavy_materials,indexed_50pct_spot,CAHUA138,36,26.97,36.11,53.89,0,0,0,0.5,20000,Ventanas críticas,0.0,29.25,Variable
cement_and_heavy_materials,indexed_50pct_spot,CANTERA 220,36,26.73,32.33,49.09,0,0,0,0.5,20000,Ventanas críticas,0.0,27.48,Variable
cement_and_heavy_materials,indexed_50pct_spot,HUINCO 220,36,26.38,33.98,46.75,0,0,0,0.5,20000,Ventanas críticas,0.0,27.38,Variable
cement_and_heavy_materials,indexed_50pct_spot,CALLAHUANCA EDEGEL 220,36,26.27,32.08,37.99,0,0,0,0.5,20000,Ventanas críticas,0.0,25.54,Variable
cement_and_heavy_materials,indexed_50pct_spot,PUNTA LOMITAS II,36,26.23,30.68,37.88,0,0,0,0.5,20000,Ventanas críticas,0.0,25.15,Variable
cement_and_heavy_materials,indexed_50pct_spot,PUNTA LOMITAS I,36,26.21,30.81,35.93,0,0,0,0.5,20000,Ventanas críticas,0.0,24.89,Variable
cement_and_heavy_materials,indexed_50pct_spot,SAN JUAN 220,36,25.88,32.15,42.54,0,0,0,0.5,20000,Ventanas críticas,0.0,26.07,Variable
cement_and_heavy_materials,indexed_50pct_spot,HUAMPANI 60,36,25.69,33.05,48.46,0,0,0,0.5,20000,Ventanas críticas,0.0,27.09,Variable
cement_and_heavy_materials,indexed_50pct_spot,HUANZA 220,36,25.69,32.97,44.79,0,0,0,0.5,20000,Ventanas críticas,0.0,26.52,Variable
cement_and_heavy_materials,indexed_50pct_spot,PARAGSHA2 220,36,25.68,34.8,45.27,0,0,0,0.5,20000,Ventanas críticas,0.0,27.05,Variable
cement_and_heavy_materials,indexed_50pct_spot,CHILCA500,36,25.54,32.13,37.0,0,0,0,0.5,20000,Ventanas críticas,0.0,25.08,Variable
cement_and_heavy_materials,indexed_50pct_spot,OLLEROS 500,36,25.23,32.11,37.45,0,0,0,0.5,20000,Ventanas críticas,0.0,25.0,Variable
cement_and_heavy_materials,indexed_50pct_spot,POMACOCHA 220,36,24.98,31.07,34.7,0,0,0,0.5,20000,Ventanas críticas,0.0,24.22,Variable
cement_and_heavy_materials,indexed_50pct_spot,SANTA ANA 138,6,24.97,30.29,32.81,0,0,0,0.5,20000,Ventanas críticas,0.0,23.73,Variable
cement_and_heavy_materials,indexed_50pct_spot,FENIX 500,36,24.9,31.18,36.8,0,0,0,0.5,20000,Ventanas críticas,0.0,24.52,Variable
cement_and_heavy_materials,indexed_50pct_spot,CHIRIBAMBA 220,22,24.81,29.37,36.16,0,0,0,0.5,20000,Ventanas críticas,0.0,23.93,Variable
cement_and_heavy_materials,indexed_50pct_spot,OROYA NUEVA 220,36,24.65,30.63,35.41,0,0,0,0.5,20000,Ventanas críticas,0.0,24.06,Variable
cement_and_heavy_materials,indexed_50pct_spot,ALTO PRADERAS 220,36,24.57,30.83,48.89,0,0,0,0.5,20000,Ventanas críticas,0.0,26.1,Variable
cement_and_heavy_materials,indexed_50pct_spot,PACHACHACA 220,36,24.49,30.33,35.28,0,0,0,0.5,20000,Ventanas críticas,0.0,23.89,Variable
cement_and_heavy_materials,indexed_50pct_spot,ASIA 220,36,24.29,30.04,48.43,0,0,0,0.5,20000,Ventanas críticas,0.0,25.7,Variable
cement_and_heavy_materials,indexed_50pct_spot,MATUCANA 220,36,24.14,29.43,36.33,0,0,0,0.5,20000,Ventanas críticas,0.0,23.67,Variable
cement_and_heavy_materials,indexed_50pct_spot,YANANGO 220,36,24.12,29.96,37.48,0,0,0,0.5,20000,Ventanas críticas,0.0,23.97,Variable
cement_and_heavy_materials,indexed_50pct_spot,CARHUAMAYO 138,36,24.06,32.55,36.61,0,0,0,0.5,20000,Ventanas críticas,0.0,24.46,Variable
cement_and_heavy_materials,indexed_50pct_spot,MOYOPAMPA 60,36,23.93,30.66,38.04,0,0,0,0.5,20000,Ventanas críticas,0.0,24.14,Variable
cement_and_heavy_materials,indexed_50pct_spot,CS COENERGY 22.9,1,23.79,23.79,23.79,0,0,0,0.5,20000,Volatilidad,0.0,20.22,Variable
cement_and_heavy_materials,indexed_50pct_spot,SANTA ISABEL 220,36,23.03,31.62,35.72,0,0,0,0.5,20000,Ventanas críticas,0.0,23.63,Variable
cement_and_heavy_materials,indexed_50pct_spot,OROYA NUEVA 50,36,22.84,30.16,33.98,0,0,0,0.5,20000,Ventanas críticas,0.0,22.91,Variable
cement_and_heavy_materials,indexed_50pct_spot,CONDORCOCHA 44,36,22.29,29.84,34.94,0,0,0,0.5,20000,Ventanas críticas,0.0,22.73,Variable
cement_and_heavy_materials,indexed_50pct_spot,CHAGLLA 220,36,22.25,32.55,34.69,0,0,0,0.5,20000,Ventanas críticas,0.0,23.35,Variable
cement_and_heavy_materials,indexed_50pct_spot,CHILCA UNO 220,36,22.11,28.01,35.83,0,0,0,0.5,20000,Ventanas críticas,0.0,22.33,Variable
cement_and_heavy_materials,indexed_50pct_spot,CONDORCOCHA 138,36,21.94,29.31,34.84,0,0,0,0.5,20000,Ventanas críticas,0.0,22.43,Variable
cement_and_heavy_materials,indexed_50pct_spot,CHIMAY 220,36,21.86,26.9,34.19,0,0,0,0.5,20000,Ventanas críticas,0.0,21.69,Variable
cement_and_heavy_materials,indexed_50pct_spot,CARIPA 138,36,21.64,28.88,34.14,0,0,0,0.5,20000,Ventanas críticas,0.0,22.08,Variable
cement_and_heavy_materials,indexed_50pct_spot,HUAYUCACHI 220,36,21.49,25.83,29.99,0,0,0,0.5,20000,Ventanas críticas,0.0,20.63,Variable
cement_and_heavy_materials,indexed_50pct_spot,LAS FLORES 220,36,21.39,26.93,35.57,0,0,0,0.5,20000,Ventanas críticas,0.0,21.69,Variable
cement_and_heavy_materials,indexed_50pct_spot,CH OROYA 50,36,21.27,27.04,32.91,0,0,0,0.5,20000,Ventanas críticas,0.0,21.27,Variable
cement_and_heavy_materials,indexed_50pct_spot,HUANCAVELICA 220,36,21.25,25.8,31.22,0,0,0,0.5,20000,Ventanas críticas,0.0,20.7,Variable
cement_and_heavy_materials,indexed_50pct_spot,CHILCA DOS 13.8,36,21.17,26.93,34.7,0,0,0,0.5,20000,Ventanas críticas,0.0,21.46,Variable
cement_and_heavy_materials,indexed_50pct_spot,CALLAHUANCA 60,36,20.85,26.39,35.41,0,0,0,0.5,20000,Ventanas críticas,0.0,21.29,Variable
cement_and_heavy_materials,indexed_50pct_spot,YAUPI 138,36,20.76,28.49,35.29,0,0,0,0.5,20000,Ventanas críticas,0.0,21.76,Variable
cement_and_heavy_materials,indexed_50pct_spot,CERRO DEL AGUILA 220,36,20.55,25.85,31.4,0,0,0,0.5,20000,Ventanas críticas,0.0,20.42,Variable
cement_and_heavy_materials,indexed_50pct_spot,CHILCA REP 220,36,20.5,26.1,34.71,0,0,0,0.5,20000,Ventanas críticas,0.0,20.96,Variable
cement_and_heavy_materials,indexed_50pct_spot,LA VIRGEN 138,36,20.02,27.2,32.87,0,0,0,0.5,20000,Ventanas críticas,0.0,20.74,Variable
cement_and_heavy_materials,indexed_50pct_spot,YAUPI13.8,36,19.96,27.3,34.62,0,0,0,0.5,20000,Ventanas críticas,0.0,21.0,Variable
cement_and_heavy_materials,indexed_50pct_spot,YARUCAYA 13.8,36,19.21,24.37,36.22,0,0,0,0.5,20000,Ventanas críticas,0.0,20.17,Variable
cement_and_heavy_materials,indexed_50pct_spot,CAMPO ARMIÑO 220,36,18.54,22.54,24.7,0,0,0,0.5,20000,Ventanas críticas,0.0,17.68,Variable
cement_and_heavy_materials,indexed_50pct_spot,MALPASO 50,36,18.51,23.61,28.98,0,0,0,0.5,20000,Ventanas críticas,0.0,18.58,Variable
cement_and_heavy_materials,indexed_50pct_spot,RESTITUCIÓN 220,36,18.06,22.02,24.04,0,0,0,0.5,20000,Ventanas críticas,0.0,17.24,Variable
cement_and_heavy_materials,indexed_50pct_spot,PLATANAL 220,36,16.83,21.15,23.15,0,0,0,0.5,20000,Ventanas críticas,0.0,16.33,Variable
cement_and_heavy_materials,indexed_50pct_spot,CORACORA 60,4,15.24,23.71,28.12,0,0,4,0.5,20000,Prima de estrés,0.0,17.0,Variable
cement_and_heavy_materials,indexed_50pct_spot,NAZCA 22.9,4,14.82,23.25,27.74,0,0,4,0.5,20000,Prima de estrés,0.0,16.64,Variable
cement_and_heavy_materials,indexed_50pct_spot,LLIPATA 60,4,14.28,22.8,27.61,0,0,4,0.5,20000,Prima de estrés,0.0,16.27,Variable
cement_and_heavy_materials,indexed_50pct_spot,ALTO LA LUNA 10,14,12.59,19.47,22.79,0,0,11,0.5,20000,Prima de estrés,0.0,13.95,Variable
cement_and_heavy_materials,indexed_50pct_spot,ALTO LA LUNA 60,14,12.29,18.93,22.28,0,0,11,0.5,20000,Prima de estrés,0.0,13.61,Variable
cement_and_heavy_materials,indexed_50pct_spot,PISCO 10,14,12.07,18.56,21.73,0,0,11,0.5,20000,Prima de estrés,0.0,13.33,Variable
cement_and_heavy_materials,indexed_50pct_spot,VILLACURI 22.9,14,11.99,18.77,22.55,0,0,11,0.5,20000,Prima de estrés,0.0,13.47,Variable
cement_and_heavy_materials,indexed_50pct_spot,PARACAS 22,14,11.92,18.4,25.53,0,0,11,0.5,20000,Prima de estrés,0.0,13.79,Variable
cement_and_heavy_materials,indexed_50pct_spot,PARACAS 10,14,11.84,17.96,25.71,0,0,11,0.5,20000,Prima de estrés,0.0,13.67,Variable
cement_and_heavy_materials,indexed_50pct_spot,TAMBO DE MORA 10,5,11.39,17.06,22.42,0,0,4,0.5,20000,Prima de estrés,0.0,12.75,Variable
cement_and_heavy_materials,indexed_50pct_spot,VILLACURI 60,14,11.2,17.31,21.44,0,0,11,0.5,20000,Prima de estrés,0.0,12.58,Variable
cement_and_heavy_materials,indexed_50pct_spot,PEDREGAL 10,5,10.89,16.72,21.86,0,0,4,0.5,20000,Prima de estrés,0.0,12.36,Variable
cement_and_heavy_materials,indexed_50pct_spot,PUEBLO NUEVO 10,5,10.42,15.11,18.2,0,0,4,0.5,20000,Prima de estrés,0.0,11.19,Variable
cement_and_heavy_materials,indexed_50pct_spot,INDEPENDENCIA 10,14,10.28,15.63,22.92,0,0,11,0.5,20000,Prima de estrés,0.0,11.97,Variable
cement_and_heavy_materials,indexed_50pct_spot,CHALA 60,1,8.67,8.67,8.67,0,0,1,0.5,20000,Prima de estrés,0.0,7.37,Variable
cement_and_heavy_materials,indexed_50pct_spot,BELLA UNION 60,1,8.23,8.23,8.23,0,0,1,0.5,20000,Prima de estrés,0.0,6.99,Variable
cement_and_heavy_materials,indexed_50pct_spot,JAHUAY 60,1,7.71,7.71,7.71,0,0,1,0.5,20000,Prima de estrés,0.0,6.55,Variable
cement_and_heavy_materials,indexed_50pct_spot,FUNSUR 60,1,7.6,7.6,7.6,0,0,1,0.5,20000,Prima de estrés,0.0,6.46,Variable
cement_and_heavy_materials,indexed_50pct_spot,MINA 60,1,7.03,7.03,7.03,0,0,1,0.5,20000,Prima de estrés,0.0,5.98,Variable
cement_and_heavy_materials,indexed_50pct_spot,HUARANGO 60,1,6.51,6.51,6.51,0,0,1,0.5,20000,Prima de estrés,0.0,5.54,Variable
cement_and_heavy_materials,indexed_50pct_spot,LOMAS 60,1,6.51,6.51,6.51,0,0,1,0.5,20000,Prima de estrés,0.0,5.54,Variable
data_center_or_high_availability,balanced_30pct_spot_ppa,PLANTAETANOL 60,36,61.07,70.94,72.78,0,12,0,0.3,30000,Nivel de precio,0.333,61.13,Estable
data_center_or_high_availability,balanced_30pct_spot_ppa,HUAYLLACHO 15,36,60.87,71.47,74.36,0,12,0,0.3,30000,Nivel de precio,0.333,61.41,Estable
data_center_or_high_availability,balanced_30pct_spot_ppa,SAN IGNACIO 15,36,60.64,70.94,73.94,0,12,0,0.3,30000,Nivel de precio,0.333,61.11,Estable
data_center_or_high_availability,balanced_30pct_spot_ppa,SAN ANTONIO 15,36,60.61,70.94,73.94,0,12,0,0.3,30000,Nivel de precio,0.333,61.1,Estable
data_center_or_high_availability,balanced_30pct_spot_ppa,ZORRITOS 220,36,60.44,70.72,73.08,0,11,0,0.3,30000,Nivel de precio,0.306,60.42,Estable
data_center_or_high_availability,balanced_30pct_spot_ppa,NCTUMBES60,36,60.25,70.93,72.63,0,11,0,0.3,30000,Nivel de precio,0.306,60.33,Estable
data_center_or_high_availability,balanced_30pct_spot_ppa,MISAPUQUIO 33,36,59.47,69.89,73.38,0,11,0,0.3,30000,Nivel de precio,0.306,59.82,Estable
data_center_or_high_availability,balanced_30pct_spot_ppa,GE1 33,36,59.33,69.01,73.12,0,10,0,0.3,30000,Nivel de precio,0.278,59.08,Estable
data_center_or_high_availability,balanced_30pct_spot_ppa,TINTAYA EXISTENTE 138,36,59.13,69.71,72.85,0,11,0,0.3,30000,Nivel de precio,0.306,59.55,Estable
data_center_or_high_availability,balanced_30pct_spot_ppa,PIURA OESTE 220,36,58.83,67.99,72.28,0,9,0,0.3,30000,Nivel de precio,0.25,58.06,Estable
data_center_or_high_availability,balanced_30pct_spot_ppa,TALARA 220,36,58.81,67.71,72.57,0,9,0,0.3,30000,Nivel de precio,0.25,58.03,Estable
data_center_or_high_availability,balanced_30pct_spot_ppa,TINTAYA NUEVA 220,36,58.76,69.14,72.36,0,10,0,0.3,30000,Nivel de precio,0.278,58.75,Estable
data_center_or_high_availability,balanced_30pct_spot_ppa,TALARA13.2,36,58.5,67.86,72.83,0,9,0,0.3,30000,Nivel de precio,0.25,57.97,Estable
data_center_or_high_availability,balanced_30pct_spot_ppa,GALLITO CIEGO 60,36,58.23,67.32,70.11,0,10,0,0.3,30000,Nivel de precio,0.278,57.72,Estable
data_center_or_high_availability,balanced_30pct_spot_ppa,BELAUNDE 138,36,58.14,67.24,70.62,0,10,0,0.3,30000,Nivel de precio,0.278,57.74,Estable
data_center_or_high_availability,balanced_30pct_spot_ppa,VALLE DEL CHIRA 220,14,56.82,66.88,70.9,0,2,0,0.3,30000,Nivel de precio,0.143,55.07,Estable
data_center_or_high_availability,balanced_30pct_spot_ppa,PARIAC 66,36,55.62,65.67,69.66,0,5,0,0.3,30000,Nivel de precio,0.139,53.98,Estable
data_center_or_high_availability,balanced_30pct_spot_ppa,JULIACA10,36,54.07,64.7,67.54,0,3,0,0.3,30000,Nivel de precio,0.083,51.89,Estable
data_center_or_high_availability,balanced_30pct_spot_ppa,JAEN 138,24,53.37,63.65,68.04,0,1,0,0.3,30000,Nivel de precio,0.042,50.76,Estable
data_center_or_high_availability,balanced_30pct_spot_ppa,TOCACHE 138,36,50.61,59.66,65.28,0,1,0,0.3,30000,Nivel de precio,0.028,47.89,Estable
data_center_or_high_availability,balanced_30pct_spot_ppa,JULIACA 138,36,49.46,59.99,62.98,0,0,0,0.3,30000,Nivel de precio,0.0,46.7,Estable
data_center_or_high_availability,balanced_30pct_spot_ppa,PLANTA CASA GRANDE 13.8,1,49.23,49.23,49.23,0,0,0,0.3,30000,Nivel de precio,0.0,41.84,Sensible
data_center_or_high_availability,balanced_30pct_spot_ppa,CALLALLI 138,36,49.07,59.81,63.57,0,0,0,0.3,30000,Nivel de precio,0.0,46.57,Estable
data_center_or_high_availability,balanced_30pct_spot_ppa,GUADALUPE 60,36,48.99,57.77,59.73,0,0,0,0.3,30000,Nivel de precio,0.0,45.45,Estable
data_center_or_high_availability,balanced_30pct_spot_ppa,LA BREA 220,21,48.53,59.19,64.77,0,0,0,0.3,30000,Nivel de precio,0.0,46.35,Estable
data_center_or_high_availability,balanced_30pct_spot_ppa,ILO1 138,36,47.51,56.26,60.43,0,0,0,0.3,30000,Nivel de precio,0.0,44.51,Estable
data_center_or_high_availability,balanced_30pct_spot_ppa,TOQUEPALA 138,36,47.22,55.7,60.39,0,0,0,0.3,30000,Nivel de precio,0.0,44.23,Estable
data_center_or_high_availability,balanced_30pct_spot_ppa,AYAVIRI 138,36,47.16,58.39,61.52,0,0,0,0.3,30000,Nivel de precio,0.0,45.05,Estable
data_center_or_high_availability,balanced_30pct_spot_ppa,PUNO 138,36,47.05,57.46,60.87,0,0,0,0.3,30000,Nivel de precio,0.0,44.67,Estable
data_center_or_high_availability,balanced_30pct_spot_ppa,ILO ELP 138,36,46.9,55.7,59.91,0,0,0,0.3,30000,Nivel de precio,0.0,44.02,Estable
data_center_or_high_availability,balanced_30pct_spot_ppa,CHICLAYO 220,36,46.76,55.89,57.55,0,0,0,0.3,30000,Nivel de precio,0.0,43.65,Estable
data_center_or_high_availability,balanced_30pct_spot_ppa,PUNO 220,36,46.59,57.09,60.43,0,0,0,0.3,30000,Nivel de precio,0.0,44.3,Estable
data_center_or_high_availability,balanced_30pct_spot_ppa,ARICOTA2 138,36,46.46,55.0,59.64,0,0,0,0.3,30000,Nivel de precio,0.0,43.6,Estable
data_center_or_high_availability,balanced_30pct_spot_ppa,CT ETEN 220,36,46.34,55.5,57.29,0,0,0,0.3,30000,Nivel de precio,0.0,43.32,Estable
data_center_or_high_availability,balanced_30pct_spot_ppa,RECKA 220,36,46.31,55.71,57.06,0,0,0,0.3,30000,Nivel de precio,0.0,43.33,Estable
data_center_or_high_availability,balanced_30pct_spot_ppa,PUERTO MALDONADO 10,36,46.28,59.84,63.8,0,0,0,0.3,30000,Nivel de precio,0.0,45.36,Estable
data_center_or_high_availability,balanced_30pct_spot_ppa,ETEN 18,36,46.27,55.29,57.17,0,0,0,0.3,30000,Nivel de precio,0.0,43.22,Estable
data_center_or_high_availability,balanced_30pct_spot_ppa,RECKA 18,36,46.25,55.59,56.92,0,0,0,0.3,30000,Nivel de precio,0.0,43.25,Estable
data_center_or_high_availability,balanced_30pct_spot_ppa,BOTIFLACA 138,36,46.23,54.93,59.56,0,0,0,0.3,30000,Nivel de precio,0.0,43.47,Estable
data_center_or_high_availability,balanced_30pct_spot_ppa,ARICOTA 66,36,46.0,54.53,59.19,0,0,0,0.3,30000,Nivel de precio,0.0,43.21,Estable
data_center_or_high_availability,balanced_30pct_spot_ppa,CHILINA 33,36,45.99,56.54,59.25,0,0,0,0.3,30000,Nivel de precio,0.0,43.72,Estable
data_center_or_high_availability,balanced_30pct_spot_ppa,LA NIÑA 220,36,45.99,54.69,57.59,0,0,0,0.3,30000,Nivel de precio,0.0,43.01,Estable
data_center_or_high_availability,balanced_30pct_spot_ppa,MOLLENDO 138,36,45.89,56.98,60.69,0,0,0,0.3,30000,Nivel de precio,0.0,44.0,Estable
data_center_or_high_availability,balanced_30pct_spot_ppa,CACLIC 220,36,45.83,55.61,57.38,0,0,0,0.3,30000,Nivel de precio,0.0,43.14,Estable
data_center_or_high_availability,balanced_30pct_spot_ppa,AZANGARO 138,36,45.76,57.59,60.92,0,0,0,0.3,30000,Nivel de precio,0.0,44.13,Estable
data_center_or_high_availability,balanced_30pct_spot_ppa,PUERTO MALDONADO 138,36,45.62,59.38,64.15,0,0,0,0.3,30000,Nivel de precio,0.0,45.0,Estable
data_center_or_high_availability,balanced_30pct_spot_ppa,ARICOTA1 66,36,45.38,53.74,58.05,0,0,0,0.3,30000,Nivel de precio,0.0,42.56,Variable
data_center_or_high_availability,balanced_30pct_spot_ppa,LOS HEROES 66,36,45.32,53.74,58.08,0,0,0,0.3,30000,Nivel de precio,0.0,42.54,Variable
data_center_or_high_availability,balanced_30pct_spot_ppa,PUCALLPA 60,36,45.24,54.0,60.89,0,0,0,0.3,30000,Nivel de precio,0.0,42.99,Estable
data_center_or_high_availability,balanced_30pct_spot_ppa,CHILINA 138,36,45.23,54.75,59.21,0,0,0,0.3,30000,Nivel de precio,0.0,42.92,Variable
data_center_or_high_availability,balanced_30pct_spot_ppa,GUADALUPE 220,36,45.21,54.15,56.3,0,0,0,0.3,30000,Nivel de precio,0.0,42.33,Estable
data_center_or_high_availability,balanced_30pct_spot_ppa,CT PLANTA PUCALLPA 60,36,45.19,53.9,60.77,0,0,0,0.3,30000,Nivel de precio,0.0,42.92,Estable
data_center_or_high_availability,balanced_30pct_spot_ppa,COMBAPATA 138,36,45.07,56.45,58.36,0,0,0,0.3,30000,Nivel de precio,0.0,43.15,Estable
data_center_or_high_availability,balanced_30pct_spot_ppa,REPARTICIÓN 138,36,44.96,55.88,59.57,0,0,0,0.3,30000,Nivel de precio,0.0,43.14,Estable
data_center_or_high_availability,balanced_30pct_spot_ppa,LOS HEROES 220,36,44.72,52.91,57.18,0,0,0,0.3,30000,Nivel de precio,0.0,41.93,Variable
data_center_or_high_availability,balanced_30pct_spot_ppa,CUTERVO 138,36,44.67,54.49,57.78,0,0,0,0.3,30000,Nivel de precio,0.0,42.39,Estable
data_center_or_high_availability,balanced_30pct_spot_ppa,PUCALLPA 138,36,44.63,53.62,60.05,0,0,0,0.3,30000,Nivel de precio,0.0,42.5,Estable
data_center_or_high_availability,balanced_30pct_spot_ppa,CERRO VERDE 138,36,44.37,54.0,57.47,0,0,0,0.3,30000,Nivel de precio,0.0,42.09,Variable
data_center_or_high_availability,balanced_30pct_spot_ppa,AGROLMOS 60,6,44.16,53.57,55.98,0,0,0,0.3,30000,Nivel de precio,0.0,41.66,Variable
data_center_or_high_availability,balanced_30pct_spot_ppa,MOQUEGUA 138,36,43.88,52.31,56.31,0,0,0,0.3,30000,Nivel de precio,0.0,41.27,Variable
data_center_or_high_availability,balanced_30pct_spot_ppa,SANTUARIO 138,36,43.66,53.75,57.72,0,0,0,0.3,30000,Nivel de precio,0.0,41.74,Variable
data_center_or_high_availability,balanced_30pct_spot_ppa,MOQUEGUA 220,36,43.51,51.87,55.78,0,0,0,0.3,30000,Nivel de precio,0.0,40.91,Variable
data_center_or_high_availability,balanced_30pct_spot_ppa,PLANTA SAN JACINTO 13.8,36,43.5,52.1,55.2,0,0,0,0.3,30000,Nivel de precio,0.0,40.88,Variable
data_center_or_high_availability,balanced_30pct_spot_ppa,SOCABAYA 138,36,43.34,52.83,56.77,0,0,0,0.3,30000,Nivel de precio,0.0,41.23,Variable
data_center_or_high_availability,balanced_30pct_spot_ppa,CAJAMARCA 220,36,43.29,53.46,54.39,0,0,0,0.3,30000,Nivel de precio,0.0,41.0,Variable
data_center_or_high_availability,balanced_30pct_spot_ppa,ILO2 220,36,43.19,51.08,55.45,0,0,0,0.3,30000,Nivel de precio,0.0,40.52,Variable
data_center_or_high_availability,balanced_30pct_spot_ppa,TRUJILLO 220,36,43.01,51.4,55.66,0,0,0,0.3,30000,Nivel de precio,0.0,40.55,Variable
data_center_or_high_availability,balanced_30pct_spot_ppa,SOCABAYA 220,36,42.93,52.27,55.95,0,0,0,0.3,30000,Nivel de precio,0.0,40.78,Variable
data_center_or_high_availability,balanced_30pct_spot_ppa,CHARCANI VI 33,36,42.92,51.95,54.18,0,0,0,0.3,30000,Nivel de precio,0.0,40.43,Variable
data_center_or_high_availability,balanced_30pct_spot_ppa,MONTALVO 220,36,42.52,51.02,55.19,0,0,0,0.3,30000,Nivel de precio,0.0,40.17,Variable
data_center_or_high_availability,balanced_30pct_spot_ppa,CARHUAQUERO 220,36,42.39,53.39,54.52,0,0,0,0.3,30000,Nivel de precio,0.0,40.6,Variable
data_center_or_high_availability,balanced_30pct_spot_ppa,HUALLIN60,21,42.12,53.61,56.68,0,0,0,0.3,30000,Nivel de precio,0.0,40.86,Sensible
data_center_or_high_availability,balanced_30pct_spot_ppa,S.E. ILO4 500,36,41.74,50.07,54.07,0,0,0,0.3,30000,Nivel de precio,0.0,39.41,Variable
data_center_or_high_availability,balanced_30pct_spot_ppa,AUCAYACU 138,36,41.42,53.2,56.51,0,0,0,0.3,30000,Nivel de precio,0.0,40.41,Variable
data_center_or_high_availability,balanced_30pct_spot_ppa,RUBI 220,33,41.25,49.57,54.93,0,0,0,0.3,30000,Volatilidad,0.0,39.19,Variable
data_center_or_high_availability,balanced_30pct_spot_ppa,BIOENERGIA 13.8,36,41.09,52.47,61.89,0,0,0,0.3,30000,Nivel de precio,0.0,40.89,Variable
data_center_or_high_availability,balanced_30pct_spot_ppa,SAN JOSE 500,36,41.02,49.54,53.44,0,0,0,0.3,30000,Nivel de precio,0.0,38.86,Variable
data_center_or_high_availability,balanced_30pct_spot_ppa,PUERTO BRAVO 500,36,40.88,49.55,53.04,0,0,0,0.3,30000,Nivel de precio,0.0,38.74,Variable
data_center_or_high_availability,balanced_30pct_spot_ppa,DUNA HUAMBOS 34.5,31,40.85,52.29,57.25,0,0,0,0.3,30000,Nivel de precio,0.0,40.04,Variable
data_center_or_high_availability,balanced_30pct_spot_ppa,CHIMBOTE1 138,36,40.79,50.35,54.26,0,0,0,0.3,30000,Nivel de precio,0.0,39.08,Variable
data_center_or_high_availability,balanced_30pct_spot_ppa,PUERTO BRAVO 18,36,40.77,49.5,52.94,0,0,0,0.3,30000,Nivel de precio,0.0,38.66,Variable
data_center_or_high_availability,balanced_30pct_spot_ppa,CHAPARRAL 138,18,40.77,49.72,52.31,0,0,0,0.3,30000,Volatilidad,0.0,38.62,Variable
data_center_or_high_availability,balanced_30pct_spot_ppa,CARHUAQUERO 10_S,24,40.4,52.81,54.36,0,0,0,0.3,30000,Nivel de precio,0.0,39.54,Variable
data_center_or_high_availability,balanced_30pct_spot_ppa,LA RAMADA 220,36,40.37,51.25,52.98,0,0,0,0.3,30000,Nivel de precio,0.0,38.93,Variable
data_center_or_high_availability,balanced_30pct_spot_ppa,CHIMBOTE1 220,36,40.05,49.93,54.47,0,0,0,0.3,30000,Nivel de precio,0.0,38.68,Variable
data_center_or_high_availability,balanced_30pct_spot_ppa,CHARCANI I 33,36,39.78,49.86,53.36,0,0,0,0.3,30000,Nivel de precio,0.0,38.37,Variable
data_center_or_high_availability,balanced_30pct_spot_ppa,QUENCORO 138,36,39.72,51.61,55.1,0,0,0,0.3,30000,Nivel de precio,0.0,39.04,Variable
data_center_or_high_availability,balanced_30pct_spot_ppa,DOLORESPATA 138,36,39.47,51.44,54.93,0,0,0,0.3,30000,Nivel de precio,0.0,38.86,Variable
data_center_or_high_availability,balanced_30pct_spot_ppa,QUITARACSA 220,36,38.43,50.37,52.59,0,0,0,0.3,30000,Nivel de precio,0.0,37.78,Variable
data_center_or_high_availability,balanced_30pct_spot_ppa,MAZUCO138,36,38.3,55.11,61.59,0,0,0,0.3,30000,Volatilidad,0.0,40.25,Variable
data_center_or_high_availability,balanced_30pct_spot_ppa,CACHIMAYO 138,36,38.13,50.09,54.43,0,0,0,0.3,30000,Nivel de precio,0.0,37.85,Variable
data_center_or_high_availability,balanced_30pct_spot_ppa,SAN NICOLAS 13.8,36,37.81,46.61,59.79,0,0,0,0.3,30000,Prima de estrés,0.0,37.64,Variable
data_center_or_high_availability,balanced_30pct_spot_ppa,ZAÑA 60,36,37.46,50.86,56.91,0,0,0,0.3,30000,Nivel de precio,0.0,38.11,Variable
data_center_or_high_availability,balanced_30pct_spot_ppa,AGUAYTIA 138,36,37.28,50.77,55.55,0,0,0,0.3,30000,Nivel de precio,0.0,37.8,Variable
data_center_or_high_availability,balanced_30pct_spot_ppa,TINGO MARIA 138,36,37.1,49.4,52.19,0,0,0,0.3,30000,Nivel de precio,0.0,36.88,Variable
data_center_or_high_availability,balanced_30pct_spot_ppa,AGUAYTIA 22.9,36,36.91,50.38,54.7,0,0,0,0.3,30000,Nivel de precio,0.0,37.41,Variable
data_center_or_high_availability,balanced_30pct_spot_ppa,AGUAYTIA 220,36,36.63,50.12,54.37,0,0,0,0.3,30000,Nivel de precio,0.0,37.17,Variable
data_center_or_high_availability,balanced_30pct_spot_ppa,PURMACANA 20,36,36.57,48.4,53.07,0,0,0,0.3,30000,Nivel de precio,0.0,36.52,Variable
data_center_or_high_availability,balanced_30pct_spot_ppa,SAN MARTIN 220,9,36.53,42.16,43.39,0,0,0,0.3,30000,Volatilidad,0.0,33.49,Variable
data_center_or_high_availability,balanced_30pct_spot_ppa,CHARCANI IV 33,36,35.92,48.2,51.92,0,0,0,0.3,30000,Ventanas críticas,0.0,36.0,Variable
data_center_or_high_availability,balanced_30pct_spot_ppa,PAQUILLUSI 220,9,35.55,45.09,51.09,0,0,0,0.3,30000,Volatilidad,0.0,34.93,Variable
data_center_or_high_availability,balanced_30pct_spot_ppa,COTARUSE 220,36,35.53,46.36,52.9,0,0,0,0.3,30000,Ventanas críticas,0.0,35.51,Variable
data_center_or_high_availability,balanced_30pct_spot_ppa,HUALLANCA 138,36,35.47,47.59,52.78,0,0,0,0.3,30000,Nivel de precio,0.0,35.77,Variable
data_center_or_high_availability,balanced_30pct_spot_ppa,HUANUCO 138,36,35.03,46.31,50.93,0,0,0,0.3,30000,Nivel de precio,0.0,34.98,Variable
data_center_or_high_availability,balanced_30pct_spot_ppa,SUNNY 220,4,34.31,39.04,39.42,0,0,0,0.3,30000,Volatilidad,0.0,31.11,Variable
data_center_or_high_availability,balanced_30pct_spot_ppa,PIEDRA BLANCA 34.5,36,34.19,46.58,51.06,0,0,0,0.3,30000,Nivel de precio,0.0,34.69,Variable
data_center_or_high_availability,balanced_30pct_spot_ppa,TUPURI 22.9,36,34.08,51.67,58.93,0,0,0,0.3,30000,Ventanas críticas,0.0,37.09,Variable
data_center_or_high_availability,balanced_30pct_spot_ppa,SAN GABAN 138,36,33.97,51.07,57.73,0,0,0,0.3,30000,Ventanas críticas,0.0,36.71,Variable
data_center_or_high_availability,balanced_30pct_spot_ppa,PARAMONGA NUEVA 220,36,33.38,43.86,52.33,0,0,0,0.3,30000,Ventanas críticas,0.0,33.83,Variable
data_center_or_high_availability,balanced_30pct_spot_ppa,VIZCARRA 220,36,33.19,46.46,53.59,0,0,0,0.3,30000,Ventanas críticas,0.0,34.59,Variable
data_center_or_high_availability,balanced_30pct_spot_ppa,PARAMONGA NUEVA 138,36,33.14,43.49,52.63,0,0,0,0.3,30000,Ventanas críticas,0.0,33.68,Variable
data_center_or_high_availability,balanced_30pct_spot_ppa,OQUENDO 60,36,33.13,43.95,52.82,0,0,0,0.3,30000,Ventanas críticas,0.0,33.82,Variable
data_center_or_high_availability,balanced_30pct_spot_ppa,PARAMONGA EXISTENTE 138,36,33.0,43.26,52.61,0,0,0,0.3,30000,Ventanas críticas,0.0,33.56,Variable
data_center_or_high_availability,balanced_30pct_spot_ppa,MEDIO MUNDO 220,36,32.69,42.6,52.76,0,0,0,0.3,30000,Ventanas críticas,0.0,33.27,Variable
data_center_or_high_availability,balanced_30pct_spot_ppa,PACHACHACA50,36,32.28,42.36,45.81,0,0,0,0.3,30000,Ventanas críticas,0.0,31.99,Variable
data_center_or_high_availability,balanced_30pct_spot_ppa,MARCONA 220,36,31.62,39.76,47.12,0,0,0,0.3,30000,Ventanas críticas,0.0,31.24,Variable
data_center_or_high_availability,balanced_30pct_spot_ppa,POROMA 220,36,31.55,38.72,46.42,0,0,0,0.3,30000,Ventanas críticas,0.0,30.84,Variable
data_center_or_high_availability,balanced_30pct_spot_ppa,SANTIAGO DE CAO 138,1,30.96,30.96,30.96,0,0,0,0.3,30000,Prima de estrés,0.0,26.31,Sensible
data_center_or_high_availability,balanced_30pct_spot_ppa,LOMERA 220,36,30.92,37.98,47.54,0,0,0,0.3,30000,Ventanas críticas,0.0,30.54,Variable
data_center_or_high_availability,balanced_30pct_spot_ppa,HUACHO 220,36,30.71,39.32,46.92,0,0,0,0.3,30000,Ventanas críticas,0.0,30.69,Variable
data_center_or_high_availability,balanced_30pct_spot_ppa,CHAVARRIA 220,36,30.09,36.45,50.36,0,0,0,0.3,30000,Ventanas críticas,0.0,30.21,Variable
data_center_or_high_availability,balanced_30pct_spot_ppa,MARCONA 60,27,30.06,36.49,40.78,0,0,2,0.3,30000,Ventanas críticas,0.0,28.77,Variable
data_center_or_high_availability,balanced_30pct_spot_ppa,ZAPALLAL 220,36,29.98,36.4,49.76,0,0,0,0.3,30000,Ventanas críticas,0.0,30.05,Variable
data_center_or_high_availability,balanced_30pct_spot_ppa,SANTA TERESA 220,36,29.9,43.03,49.66,0,0,0,0.3,30000,Ventanas críticas,0.0,31.66,Variable
data_center_or_high_availability,balanced_30pct_spot_ppa,VENTANILLA 220,36,29.7,35.36,49.76,0,0,0,0.3,30000,Ventanas críticas,0.0,29.67,Variable
data_center_or_high_availability,balanced_30pct_spot_ppa,CARABAYLLO 220,36,29.61,36.31,49.48,0,0,0,0.3,30000,Ventanas críticas,0.0,29.82,Variable
data_center_or_high_availability,balanced_30pct_spot_ppa,ICA 220,36,29.39,36.67,47.59,0,0,0,0.3,30000,Ventanas críticas,0.0,29.53,Variable
data_center_or_high_availability,balanced_30pct_spot_ppa,FLAMENCO 220,26,29.32,35.99,39.96,0,0,0,0.3,30000,Ventanas críticas,0.0,28.18,Variable
data_center_or_high_availability,balanced_30pct_spot_ppa,INDEPENDENCIA 60,36,29.23,35.74,48.94,0,0,0,0.3,30000,Ventanas críticas,0.0,29.43,Variable
data_center_or_high_availability,balanced_30pct_spot_ppa,CT PISCO 60,36,29.23,35.74,48.94,0,0,0,0.3,30000,Ventanas críticas,0.0,29.43,Variable
data_center_or_high_availability,balanced_30pct_spot_ppa,INDUSTRIALES 220,36,28.95,37.6,45.8,0,0,0,0.3,30000,Ventanas críticas,0.0,29.3,Variable
data_center_or_high_availability,balanced_30pct_spot_ppa,CAJAMARQUILLA 220,36,28.83,34.82,48.56,0,0,0,0.3,30000,Ventanas críticas,0.0,28.96,Variable
data_center_or_high_availability,balanced_30pct_spot_ppa,NAZCA NUEVA 220,23,28.78,34.75,38.91,0,0,0,0.3,30000,Ventanas críticas,0.0,27.48,Variable
data_center_or_high_availability,balanced_30pct_spot_ppa,ERSUR 220,26,28.76,34.76,38.63,0,0,0,0.3,30000,Ventanas críticas,0.0,27.43,Variable
data_center_or_high_availability,balanced_30pct_spot_ppa,CT INDEPENDENCIA 60,36,28.73,34.99,48.41,0,0,0,0.3,30000,Ventanas críticas,0.0,28.94,Variable
data_center_or_high_availability,balanced_30pct_spot_ppa,PLANICIE 220,36,28.37,35.11,39.69,0,0,0,0.3,30000,Ventanas críticas,0.0,27.5,Variable
data_center_or_high_availability,balanced_30pct_spot_ppa,SANTA ROSA 220,36,28.2,36.76,50.19,0,0,0,0.3,30000,Ventanas críticas,0.0,29.41,Variable
data_center_or_high_availability,balanced_30pct_spot_ppa,CHINCHA NUEVA 220,23,28.13,36.27,46.47,0,0,0,0.3,30000,Ventanas críticas,0.0,28.69,Variable
data_center_or_high_availability,balanced_30pct_spot_ppa,INDEPENDENCIA 220,36,28.08,34.21,47.85,0,0,0,0.3,30000,Ventanas críticas,0.0,28.37,Variable
data_center_or_high_availability,balanced_30pct_spot_ppa,CARAPONGO 220,36,28.0,34.24,48.06,0,0,0,0.3,30000,Ventanas críticas,0.0,28.37,Variable
data_center_or_high_availability,balanced_30pct_spot_ppa,CHEVES 220,36,27.88,36.48,45.7,0,0,0,0.3,30000,Ventanas críticas,0.0,28.52,Variable
data_center_or_high_availability,balanced_30pct_spot_ppa,HUANCHOR 50,36,27.87,45.37,54.79,0,0,0,0.3,30000,Ventanas críticas,0.0,32.1,Variable
data_center_or_high_availability,balanced_30pct_spot_ppa,MARAÑON 60,36,27.65,38.83,51.38,0,0,0,0.3,30000,Ventanas críticas,0.0,29.86,Variable
data_center_or_high_availability,balanced_30pct_spot_ppa,MACHUPICCHU 138,36,27.56,41.91,46.92,0,0,0,0.3,30000,Ventanas críticas,0.0,29.92,Variable
data_center_or_high_availability,balanced_30pct_spot_ppa,PARAGSHA2 138,36,27.29,35.82,45.84,0,0,0,0.3,30000,Ventanas críticas,0.0,28.11,Variable
data_center_or_high_availability,balanced_30pct_spot_ppa,CHEVES 13.8,36,27.05,35.87,45.37,0,0,0,0.3,30000,Ventanas críticas,0.0,27.94,Variable
data_center_or_high_availability,balanced_30pct_spot_ppa,CAHUA138,36,26.65,36.24,52.53,0,0,0,0.3,30000,Ventanas críticas,0.0,28.93,Variable
data_center_or_high_availability,balanced_30pct_spot_ppa,DESIERTO 220,35,26.36,31.55,45.23,0,0,0,0.3,30000,Ventanas críticas,0.0,26.54,Variable
data_center_or_high_availability,balanced_30pct_spot_ppa,CANTERA 220,36,26.13,31.1,46.22,0,0,0,0.3,30000,Ventanas críticas,0.0,26.47,Variable
data_center_or_high_availability,balanced_30pct_spot_ppa,PUNTA LOMITAS II,36,25.95,30.45,36.03,0,0,0,0.3,30000,Ventanas críticas,0.0,24.69,Variable
data_center_or_high_availability,balanced_30pct_spot_ppa,PUNTA LOMITAS I,36,25.92,30.71,34.67,0,0,0,0.3,30000,Ventanas críticas,0.0,24.54,Variable
data_center_or_high_availability,balanced_30pct_spot_ppa,HUINCO 220,36,25.79,32.72,46.28,0,0,0,0.3,30000,Ventanas críticas,0.0,26.73,Variable
data_center_or_high_availability,balanced_30pct_spot_ppa,CALLAHUANCA EDEGEL 220,36,25.72,29.86,37.44,0,0,0,0.3,30000,Ventanas críticas,0.0,24.66,Variable
data_center_or_high_availability,balanced_30pct_spot_ppa,PARAGSHA2 220,36,25.43,34.71,44.41,0,0,0,0.3,30000,Ventanas críticas,0.0,26.78,Variable
data_center_or_high_availability,balanced_30pct_spot_ppa,SAN JUAN 220,36,25.35,31.51,40.61,0,0,0,0.3,30000,Ventanas críticas,0.0,25.38,Variable
data_center_or_high_availability,balanced_30pct_spot_ppa,HUANZA 220,36,25.21,32.33,44.32,0,0,0,0.3,30000,Ventanas críticas,0.0,26.07,Variable
data_center_or_high_availability,balanced_30pct_spot_ppa,HUAMPANI 60,36,25.2,32.87,47.59,0,0,0,0.3,30000,Ventanas críticas,0.0,26.7,Variable
data_center_or_high_availability,balanced_30pct_spot_ppa,CS COENERGY 22.9,1,25.11,25.11,25.11,0,0,0,0.3,30000,Volatilidad,0.0,21.34,Variable
data_center_or_high_availability,balanced_30pct_spot_ppa,CHILCA500,36,24.97,30.28,34.92,0,0,0,0.3,30000,Ventanas críticas,0.0,24.04,Variable
data_center_or_high_availability,balanced_30pct_spot_ppa,OLLEROS 500,36,24.67,30.05,35.6,0,0,0,0.3,30000,Ventanas críticas,0.0,23.96,Variable
data_center_or_high_availability,balanced_30pct_spot_ppa,POMACOCHA 220,36,24.56,30.37,33.26,0,0,0,0.3,30000,Ventanas críticas,0.0,23.63,Variable
data_center_or_high_availability,balanced_30pct_spot_ppa,SANTA ANA 138,6,24.49,29.5,32.6,0,0,0,0.3,30000,Ventanas críticas,0.0,23.28,Variable
data_center_or_high_availability,balanced_30pct_spot_ppa,FENIX 500,36,24.32,29.55,34.72,0,0,0,0.3,30000,Ventanas críticas,0.0,23.54,Variable
data_center_or_high_availability,balanced_30pct_spot_ppa,OROYA NUEVA 220,36,24.31,30.45,33.94,0,0,0,0.3,30000,Ventanas críticas,0.0,23.64,Variable
data_center_or_high_availability,balanced_30pct_spot_ppa,CHIRIBAMBA 220,22,24.27,29.21,35.9,0,0,0,0.3,30000,Ventanas críticas,0.0,23.61,Variable
data_center_or_high_availability,balanced_30pct_spot_ppa,PACHACHACA 220,36,24.07,29.48,33.96,0,0,0,0.3,30000,Ventanas críticas,0.0,23.29,Variable
data_center_or_high_availability,balanced_30pct_spot_ppa,ALTO PRADERAS 220,36,24.03,30.14,46.18,0,0,0,0.3,30000,Ventanas críticas,0.0,25.28,Variable
data_center_or_high_availability,balanced_30pct_spot_ppa,CARHUAMAYO 138,36,23.87,32.47,36.04,0,0,0,0.3,30000,Ventanas críticas,0.0,24.26,Variable
data_center_or_high_availability,balanced_30pct_spot_ppa,ASIA 220,36,23.75,29.21,45.39,0,0,0,0.3,30000,Ventanas críticas,0.0,24.8,Variable
data_center_or_high_availability,balanced_30pct_spot_ppa,MATUCANA 220,36,23.74,27.58,36.16,0,0,0,0.3,30000,Ventanas críticas,0.0,23.0,Variable
data_center_or_high_availability,balanced_30pct_spot_ppa,YANANGO 220,36,23.64,29.56,36.09,0,0,0,0.3,30000,Ventanas críticas,0.0,23.44,Variable
data_center_or_high_availability,balanced_30pct_spot_ppa,MOYOPAMPA 60,36,23.38,29.39,35.37,0,0,0,0.3,30000,Ventanas críticas,0.0,23.17,Variable
data_center_or_high_availability,balanced_30pct_spot_ppa,SANTA ISABEL 220,36,22.86,31.32,35.74,0,0,0,0.3,30000,Ventanas críticas,0.0,23.48,Variable
data_center_or_high_availability,balanced_30pct_spot_ppa,OROYA NUEVA 50,36,22.6,29.9,33.95,0,0,0,0.3,30000,Ventanas críticas,0.0,22.74,Variable
data_center_or_high_availability,balanced_30pct_spot_ppa,CHAGLLA 220,36,22.17,32.55,34.46,0,0,0,0.3,30000,Ventanas críticas,0.0,23.28,Variable
data_center_or_high_availability,balanced_30pct_spot_ppa,CONDORCOCHA 44,36,22.14,29.96,34.95,0,0,0,0.3,30000,Ventanas críticas,0.0,22.69,Variable
data_center_or_high_availability,balanced_30pct_spot_ppa,CONDORCOCHA 138,36,21.8,29.31,34.85,0,0,0,0.3,30000,Ventanas críticas,0.0,22.36,Variable
data_center_or_high_availability,balanced_30pct_spot_ppa,CHILCA UNO 220,36,21.67,26.75,34.15,0,0,0,0.3,30000,Ventanas críticas,0.0,21.56,Variable
data_center_or_high_availability,balanced_30pct_spot_ppa,CARIPA 138,36,21.51,28.82,34.15,0,0,0,0.3,30000,Ventanas críticas,0.0,22.01,Variable
data_center_or_high_availability,balanced_30pct_spot_ppa,CHIMAY 220,36,21.47,26.59,33.01,0,0,0,0.3,30000,Ventanas críticas,0.0,21.26,Variable
data_center_or_high_availability,balanced_30pct_spot_ppa,HUAYUCACHI 220,36,21.26,25.79,29.81,0,0,0,0.3,30000,Ventanas críticas,0.0,20.49,Variable
data_center_or_high_availability,balanced_30pct_spot_ppa,CH OROYA 50,36,21.07,26.83,32.78,0,0,0,0.3,30000,Ventanas críticas,0.0,21.11,Variable
data_center_or_high_availability,balanced_30pct_spot_ppa,LAS FLORES 220,36,21.01,26.34,33.94,0,0,0,0.3,30000,Ventanas críticas,0.0,21.13,Variable
data_center_or_high_availability,balanced_30pct_spot_ppa,HUANCAVELICA 220,36,20.99,25.24,30.83,0,0,0,0.3,30000,Ventanas críticas,0.0,20.38,Variable
data_center_or_high_availability,balanced_30pct_spot_ppa,CHILCA DOS 13.8,36,20.73,26.38,32.67,0,0,0,0.3,30000,Ventanas críticas,0.0,20.82,Variable
data_center_or_high_availability,balanced_30pct_spot_ppa,YAUPI 138,36,20.67,28.56,35.31,0,0,0,0.3,30000,Ventanas críticas,0.0,21.73,Variable
data_center_or_high_availability,balanced_30pct_spot_ppa,CALLAHUANCA 60,36,20.54,26.3,35.31,0,0,0,0.3,30000,Ventanas críticas,0.0,21.11,Variable
data_center_or_high_availability,balanced_30pct_spot_ppa,CERRO DEL AGUILA 220,36,20.34,25.65,30.21,0,0,0,0.3,30000,Ventanas críticas,0.0,20.09,Variable
data_center_or_high_availability,balanced_30pct_spot_ppa,CHILCA REP 220,36,20.14,25.9,32.9,0,0,0,0.3,30000,Ventanas críticas,0.0,20.47,Variable
data_center_or_high_availability,balanced_30pct_spot_ppa,LA VIRGEN 138,36,19.91,26.86,32.87,0,0,0,0.3,30000,Ventanas críticas,0.0,20.6,Variable
data_center_or_high_availability,balanced_30pct_spot_ppa,YAUPI13.8,36,19.86,27.39,34.63,0,0,0,0.3,30000,Ventanas críticas,0.0,20.98,Variable
data_center_or_high_availability,balanced_30pct_spot_ppa,YARUCAYA 13.8,36,19.06,24.11,36.12,0,0,0,0.3,30000,Ventanas críticas,0.0,20.02,Variable
data_center_or_high_availability,balanced_30pct_spot_ppa,CAMPO ARMIÑO 220,36,18.39,22.45,24.58,0,0,0,0.3,30000,Ventanas críticas,0.0,17.58,Variable
data_center_or_high_availability,balanced_30pct_spot_ppa,MALPASO 50,36,18.37,23.49,28.84,0,0,0,0.3,30000,Ventanas críticas,0.0,18.47,Variable
data_center_or_high_availability,balanced_30pct_spot_ppa,RESTITUCIÓN 220,36,17.91,21.92,23.91,0,0,0,0.3,30000,Ventanas críticas,0.0,17.12,Variable
data_center_or_high_availability,balanced_30pct_spot_ppa,PLATANAL 220,36,16.73,21.14,23.07,0,0,0,0.3,30000,Ventanas críticas,0.0,16.28,Variable
data_center_or_high_availability,balanced_30pct_spot_ppa,CORACORA 60,4,15.6,24.31,28.74,0,0,4,0.3,30000,Prima de estrés,0.0,17.41,Variable
data_center_or_high_availability,balanced_30pct_spot_ppa,NAZCA 22.9,4,15.19,23.85,28.35,0,0,4,0.3,30000,Prima de estrés,0.0,17.05,Variable
data_center_or_high_availability,balanced_30pct_spot_ppa,LLIPATA 60,4,14.65,23.4,28.22,0,0,4,0.3,30000,Prima de estrés,0.0,16.67,Variable
data_center_or_high_availability,balanced_30pct_spot_ppa,ALTO LA LUNA 10,14,12.95,20.52,23.17,0,0,11,0.3,30000,Prima de estrés,0.0,14.43,Variable
data_center_or_high_availability,balanced_30pct_spot_ppa,ALTO LA LUNA 60,14,12.65,19.99,22.66,0,0,11,0.3,30000,Prima de estrés,0.0,14.09,Variable
data_center_or_high_availability,balanced_30pct_spot_ppa,PISCO 10,14,12.43,19.49,22.29,0,0,11,0.3,30000,Prima de estrés,0.0,13.81,Variable
data_center_or_high_availability,balanced_30pct_spot_ppa,VILLACURI 22.9,14,12.34,19.68,22.93,0,0,11,0.3,30000,Prima de estrés,0.0,13.91,Variable
data_center_or_high_availability,balanced_30pct_spot_ppa,PARACAS 22,14,12.28,19.42,25.87,0,0,11,0.3,30000,Prima de estrés,0.0,14.26,Variable
data_center_or_high_availability,balanced_30pct_spot_ppa,PARACAS 10,14,12.21,18.97,26.05,0,0,11,0.3,30000,Prima de estrés,0.0,14.14,Variable
data_center_or_high_availability,balanced_30pct_spot_ppa,TAMBO DE MORA 10,5,11.88,18.1,23.74,0,0,4,0.3,30000,Prima de estrés,0.0,13.43,Variable
data_center_or_high_availability,balanced_30pct_spot_ppa,VILLACURI 60,14,11.55,18.21,21.8,0,0,11,0.3,30000,Prima de estrés,0.0,13.02,Variable
data_center_or_high_availability,balanced_30pct_spot_ppa,PEDREGAL 10,5,11.39,17.58,23.16,0,0,4,0.3,30000,Prima de estrés,0.0,12.99,Variable
data_center_or_high_availability,balanced_30pct_spot_ppa,PUEBLO NUEVO 10,5,10.87,15.84,19.3,0,0,4,0.3,30000,Prima de estrés,0.0,11.74,Variable
data_center_or_high_availability,balanced_30pct_spot_ppa,INDEPENDENCIA 10,14,10.62,15.75,24.25,0,0,11,0.3,30000,Prima de estrés,0.0,12.35,Variable
data_center_or_high_availability,balanced_30pct_spot_ppa,CHALA 60,1,8.82,8.82,8.82,0,0,1,0.3,30000,Prima de estrés,0.0,7.5,Variable
data_center_or_high_availability,balanced_30pct_spot_ppa,BELLA UNION 60,1,8.38,8.38,8.38,0,0,1,0.3,30000,Prima de estrés,0.0,7.12,Variable
data_center_or_high_availability,balanced_30pct_spot_ppa,JAHUAY 60,1,7.86,7.86,7.86,0,0,1,0.3,30000,Prima de estrés,0.0,6.68,Variable
data_center_or_high_availability,balanced_30pct_spot_ppa,FUNSUR 60,1,7.76,7.76,7.76,0,0,1,0.3,30000,Prima de estrés,0.0,6.6,Variable
data_center_or_high_availability,balanced_30pct_spot_ppa,MINA 60,1,7.19,7.19,7.19,0,0,1,0.3,30000,Prima de estrés,0.0,6.11,Variable
data_center_or_high_availability,balanced_30pct_spot_ppa,HUARANGO 60,1,6.68,6.68,6.68,0,0,1,0.3,30000,Prima de estrés,0.0,5.68,Variable
data_center_or_high_availability,balanced_30pct_spot_ppa,LOMAS 60,1,6.68,6.68,6.68,0,0,1,0.3,30000,Prima de estrés,0.0,5.68,Variable
data_center_or_high_availability,fixed_reference_ppa,PLANTAETANOL 60,36,42.37,51.92,53.9,0,0,0,0.0,30000,Nivel de precio,0.0,40.13,Estable
data_center_or_high_availability,fixed_reference_ppa,HUAYLLACHO 15,36,42.16,51.46,54.72,0,0,0,0.0,30000,Nivel de precio,0.0,40.05,Estable
data_center_or_high_availability,fixed_reference_ppa,ZORRITOS 220,36,42.09,51.92,54.26,0,0,0,0.0,30000,Nivel de precio,0.0,40.06,Estable
data_center_or_high_availability,fixed_reference_ppa,SAN IGNACIO 15,36,42.01,51.18,54.58,0,0,0,0.0,30000,Nivel de precio,0.0,39.89,Estable
data_center_or_high_availability,fixed_reference_ppa,SAN ANTONIO 15,36,42.0,51.18,54.58,0,0,0,0.0,30000,Nivel de precio,0.0,39.88,Estable
data_center_or_high_availability,fixed_reference_ppa,NCTUMBES60,36,41.94,52.01,54.29,0,0,0,0.0,30000,Nivel de precio,0.0,40.02,Estable
data_center_or_high_availability,fixed_reference_ppa,GE1 33,36,41.69,51.25,53.07,0,0,0,0.0,30000,Nivel de precio,0.0,39.53,Estable
data_center_or_high_availability,fixed_reference_ppa,TINTAYA EXISTENTE 138,36,41.57,51.31,54.56,0,0,0,0.0,30000,Nivel de precio,0.0,39.72,Estable
data_center_or_high_availability,fixed_reference_ppa,PIURA OESTE 220,36,41.42,51.48,52.09,0,0,0,0.0,30000,Nivel de precio,0.0,39.32,Estable
data_center_or_high_availability,fixed_reference_ppa,TINTAYA NUEVA 220,36,41.38,50.95,54.28,0,0,0,0.0,30000,Nivel de precio,0.0,39.5,Estable
data_center_or_high_availability,fixed_reference_ppa,GALLITO CIEGO 60,36,41.38,50.57,53.38,0,0,0,0.0,30000,Nivel de precio,0.0,39.27,Estable
data_center_or_high_availability,fixed_reference_ppa,BELAUNDE 138,36,41.38,50.57,53.16,0,0,0,0.0,30000,Nivel de precio,0.0,39.23,Estable
data_center_or_high_availability,fixed_reference_ppa,MISAPUQUIO 33,36,41.37,50.79,54.47,0,0,0,0.0,30000,Nivel de precio,0.0,39.48,Estable
data_center_or_high_availability,fixed_reference_ppa,TALARA 220,36,41.36,51.02,52.26,0,0,0,0.0,30000,Nivel de precio,0.0,39.21,Estable
data_center_or_high_availability,fixed_reference_ppa,TALARA13.2,36,41.2,51.18,52.45,0,0,0,0.0,30000,Nivel de precio,0.0,39.2,Estable
data_center_or_high_availability,fixed_reference_ppa,VALLE DEL CHIRA 220,14,38.2,47.96,49.52,0,0,0,0.0,30000,Nivel de precio,0.0,36.61,Estable
data_center_or_high_availability,fixed_reference_ppa,PARIAC 66,36,38.19,47.75,50.8,0,0,0,0.0,30000,Nivel de precio,0.0,36.74,Estable
data_center_or_high_availability,fixed_reference_ppa,JULIACA10,36,37.22,46.19,49.72,0,0,0,0.0,30000,Nivel de precio,0.0,35.76,Estable
data_center_or_high_availability,fixed_reference_ppa,JAEN 138,24,36.04,45.99,48.88,0,0,0,0.0,30000,Nivel de precio,0.0,35.05,Estable
data_center_or_high_availability,fixed_reference_ppa,TOCACHE 138,36,34.14,43.24,47.46,0,0,0,0.0,30000,Nivel de precio,0.0,33.29,Estable
data_center_or_high_availability,fixed_reference_ppa,JULIACA 138,36,32.87,41.98,45.32,0,0,0,0.0,30000,Nivel de precio,0.0,32.08,Estable
data_center_or_high_availability,fixed_reference_ppa,GUADALUPE 60,36,32.73,41.48,43.76,0,0,0,0.0,30000,Nivel de precio,0.0,31.66,Estable
data_center_or_high_availability,fixed_reference_ppa,CALLALLI 138,36,31.84,41.32,45.62,0,0,0,0.0,30000,Nivel de precio,0.0,31.5,Estable
data_center_or_high_availability,fixed_reference_ppa,LA BREA 220,21,31.34,40.82,43.17,0,0,0,0.0,30000,Nivel de precio,0.0,30.78,Estable
data_center_or_high_availability,fixed_reference_ppa,AYAVIRI 138,36,30.72,40.39,43.79,0,0,0,0.0,30000,Nivel de precio,0.0,30.49,Estable
data_center_or_high_availability,fixed_reference_ppa,PUERTO MALDONADO 10,36,30.68,40.71,43.27,0,0,0,0.0,30000,Nivel de precio,0.0,30.48,Estable
data_center_or_high_availability,fixed_reference_ppa,CHICLAYO 220,36,30.65,39.71,41.33,0,0,0,0.0,30000,Nivel de precio,0.0,29.92,Estable
data_center_or_high_availability,fixed_reference_ppa,PUNO 138,36,30.63,39.62,43.32,0,0,0,0.0,30000,Nivel de precio,0.0,30.19,Estable
data_center_or_high_availability,fixed_reference_ppa,PUERTO MALDONADO 138,36,30.62,40.34,44.25,0,0,0,0.0,30000,Nivel de precio,0.0,30.5,Estable
data_center_or_high_availability,fixed_reference_ppa,ILO1 138,36,30.58,39.13,43.0,0,0,0,0.0,30000,Nivel de precio,0.0,29.99,Estable
data_center_or_high_availability,fixed_reference_ppa,PUNO 220,36,30.35,39.5,43.02,0,0,0,0.0,30000,Nivel de precio,0.0,29.98,Estable
data_center_or_high_availability,fixed_reference_ppa,TOQUEPALA 138,36,30.35,38.7,43.0,0,0,0,0.0,30000,Nivel de precio,0.0,29.78,Estable
data_center_or_high_availability,fixed_reference_ppa,CACLIC 220,36,30.35,39.37,41.36,0,0,0,0.0,30000,Nivel de precio,0.0,29.71,Estable
data_center_or_high_availability,fixed_reference_ppa,CT ETEN 220,36,30.35,39.14,41.24,0,0,0,0.0,30000,Nivel de precio,0.0,29.63,Estable
data_center_or_high_availability,fixed_reference_ppa,RECKA 220,36,30.32,39.09,41.05,0,0,0,0.0,30000,Nivel de precio,0.0,29.58,Estable
data_center_or_high_availability,fixed_reference_ppa,ETEN 18,36,30.29,39.08,41.14,0,0,0,0.0,30000,Nivel de precio,0.0,29.57,Estable
data_center_or_high_availability,fixed_reference_ppa,RECKA 18,36,30.28,39.09,40.95,0,0,0,0.0,30000,Nivel de precio,0.0,29.54,Estable
data_center_or_high_availability,fixed_reference_ppa,MOLLENDO 138,36,30.25,39.4,43.12,0,0,0,0.0,30000,Nivel de precio,0.0,29.93,Estable
data_center_or_high_availability,fixed_reference_ppa,AZANGARO 138,36,30.21,39.53,43.2,0,0,0,0.0,30000,Nivel de precio,0.0,29.96,Estable
data_center_or_high_availability,fixed_reference_ppa,ILO ELP 138,36,30.19,38.83,42.69,0,0,0,0.0,30000,Nivel de precio,0.0,29.7,Estable
data_center_or_high_availability,fixed_reference_ppa,PUCALLPA 60,36,30.15,38.46,43.79,0,0,0,0.0,30000,Nivel de precio,0.0,29.75,Estable
data_center_or_high_availability,fixed_reference_ppa,CT PLANTA PUCALLPA 60,36,30.12,38.26,43.69,0,0,0,0.0,30000,Nivel de precio,0.0,29.67,Estable
data_center_or_high_availability,fixed_reference_ppa,LA NIÑA 220,36,30.1,38.66,41.36,0,0,0,0.0,30000,Nivel de precio,0.0,29.41,Estable
data_center_or_high_availability,fixed_reference_ppa,CUTERVO 138,36,30.07,38.84,40.31,0,0,0,0.0,30000,Nivel de precio,0.0,29.29,Estable
data_center_or_high_availability,fixed_reference_ppa,CHILINA 33,36,29.91,39.37,42.39,0,0,0,0.0,30000,Nivel de precio,0.0,29.66,Estable
data_center_or_high_availability,fixed_reference_ppa,ARICOTA2 138,36,29.86,38.05,42.49,0,0,0,0.0,30000,Nivel de precio,0.0,29.32,Estable
data_center_or_high_availability,fixed_reference_ppa,PUCALLPA 138,36,29.8,37.77,43.28,0,0,0,0.0,30000,Nivel de precio,0.0,29.35,Estable
data_center_or_high_availability,fixed_reference_ppa,COMBAPATA 138,36,29.77,39.03,41.39,0,0,0,0.0,30000,Nivel de precio,0.0,29.36,Estable
data_center_or_high_availability,fixed_reference_ppa,BOTIFLACA 138,36,29.76,38.53,42.51,0,0,0,0.0,30000,Nivel de precio,0.0,29.4,Estable
data_center_or_high_availability,fixed_reference_ppa,GUADALUPE 220,36,29.61,38.02,40.59,0,0,0,0.0,30000,Nivel de precio,0.0,28.92,Estable
data_center_or_high_availability,fixed_reference_ppa,REPARTICIÓN 138,36,29.54,38.44,42.41,0,0,0,0.0,30000,Nivel de precio,0.0,29.26,Estable
data_center_or_high_availability,fixed_reference_ppa,ARICOTA 66,36,29.54,37.59,42.18,0,0,0,0.0,30000,Nivel de precio,0.0,29.02,Estable
data_center_or_high_availability,fixed_reference_ppa,CHILINA 138,36,29.29,38.34,42.39,0,0,0,0.0,30000,Nivel de precio,0.0,29.12,Variable
data_center_or_high_availability,fixed_reference_ppa,LOS HEROES 66,36,29.28,37.44,41.5,0,0,0,0.0,30000,Nivel de precio,0.0,28.76,Variable
data_center_or_high_availability,fixed_reference_ppa,ARICOTA1 66,36,29.2,37.44,41.33,0,0,0,0.0,30000,Nivel de precio,0.0,28.7,Variable
data_center_or_high_availability,fixed_reference_ppa,AUCAYACU 138,36,29.17,37.12,41.36,0,0,0,0.0,30000,Nivel de precio,0.0,28.61,Variable
data_center_or_high_availability,fixed_reference_ppa,PLANTA CASA GRANDE 13.8,1,29.13,29.13,29.13,0,0,0,0.0,30000,Nivel de precio,0.0,24.76,Sensible
data_center_or_high_availability,fixed_reference_ppa,PLANTA SAN JACINTO 13.8,36,29.05,36.66,40.19,0,0,0,0.0,30000,Nivel de precio,0.0,28.26,Variable
data_center_or_high_availability,fixed_reference_ppa,CAJAMARCA 220,36,28.91,37.47,39.75,0,0,0,0.0,30000,Nivel de precio,0.0,28.34,Variable
data_center_or_high_availability,fixed_reference_ppa,CERRO VERDE 138,36,28.88,37.64,40.91,0,0,0,0.0,30000,Nivel de precio,0.0,28.54,Variable
data_center_or_high_availability,fixed_reference_ppa,LOS HEROES 220,36,28.87,37.01,40.8,0,0,0,0.0,30000,Nivel de precio,0.0,28.37,Variable
data_center_or_high_availability,fixed_reference_ppa,BIOENERGIA 13.8,36,28.86,38.16,40.18,0,0,0,0.0,30000,Nivel de precio,0.0,28.56,Variable
data_center_or_high_availability,fixed_reference_ppa,CARHUAQUERO 220,36,28.72,37.44,39.66,0,0,0,0.0,30000,Nivel de precio,0.0,28.23,Variable
data_center_or_high_availability,fixed_reference_ppa,TRUJILLO 220,36,28.71,36.31,40.56,0,0,0,0.0,30000,Nivel de precio,0.0,28.08,Variable
data_center_or_high_availability,fixed_reference_ppa,SANTUARIO 138,36,28.56,37.34,41.18,0,0,0,0.0,30000,Nivel de precio,0.0,28.36,Variable
data_center_or_high_availability,fixed_reference_ppa,MOQUEGUA 138,36,28.49,36.66,40.15,0,0,0,0.0,30000,Nivel de precio,0.0,28.01,Variable
data_center_or_high_availability,fixed_reference_ppa,AGROLMOS 60,6,28.49,36.16,37.87,0,0,0,0.0,30000,Nivel de precio,0.0,27.54,Variable
data_center_or_high_availability,fixed_reference_ppa,SOCABAYA 138,36,28.32,37.35,40.46,0,0,0,0.0,30000,Nivel de precio,0.0,28.15,Variable
data_center_or_high_availability,fixed_reference_ppa,MOQUEGUA 220,36,28.24,36.41,39.7,0,0,0,0.0,30000,Nivel de precio,0.0,27.76,Variable
data_center_or_high_availability,fixed_reference_ppa,DUNA HUAMBOS 34.5,31,28.13,35.93,40.08,0,0,0,0.0,30000,Nivel de precio,0.0,27.66,Variable
data_center_or_high_availability,fixed_reference_ppa,LA RAMADA 220,36,28.12,36.01,39.44,0,0,0,0.0,30000,Nivel de precio,0.0,27.57,Variable
data_center_or_high_availability,fixed_reference_ppa,CHARCANI VI 33,36,28.12,35.22,38.75,0,0,0,0.0,30000,Nivel de precio,0.0,27.27,Variable
data_center_or_high_availability,fixed_reference_ppa,SOCABAYA 220,36,28.05,36.92,39.81,0,0,0,0.0,30000,Nivel de precio,0.0,27.82,Variable
data_center_or_high_availability,fixed_reference_ppa,ILO2 220,36,27.98,35.95,39.48,0,0,0,0.0,30000,Nivel de precio,0.0,27.5,Variable
data_center_or_high_availability,fixed_reference_ppa,CHAPARRAL 138,18,27.98,34.35,36.71,0,0,0,0.0,30000,Volatilidad,0.0,26.69,Variable
data_center_or_high_availability,fixed_reference_ppa,CHIMBOTE1 138,36,27.95,35.87,39.76,0,0,0,0.0,30000,Nivel de precio,0.0,27.51,Variable
data_center_or_high_availability,fixed_reference_ppa,MAZUCO138,36,27.94,38.45,43.48,0,0,0,0.0,30000,Volatilidad,0.0,28.71,Variable
data_center_or_high_availability,fixed_reference_ppa,HUALLIN60,21,27.92,35.44,39.94,0,0,0,0.0,30000,Nivel de precio,0.0,27.42,Sensible
data_center_or_high_availability,fixed_reference_ppa,ZAÑA 60,36,27.9,35.45,40.42,0,0,0,0.0,30000,Nivel de precio,0.0,27.48,Variable
data_center_or_high_availability,fixed_reference_ppa,QUENCORO 138,36,27.85,37.06,39.91,0,0,0,0.0,30000,Nivel de precio,0.0,27.78,Variable
data_center_or_high_availability,fixed_reference_ppa,MONTALVO 220,36,27.76,35.86,39.36,0,0,0,0.0,30000,Nivel de precio,0.0,27.36,Variable
data_center_or_high_availability,fixed_reference_ppa,CHIMBOTE1 220,36,27.68,35.19,40.06,0,0,0,0.0,30000,Nivel de precio,0.0,27.26,Variable
data_center_or_high_availability,fixed_reference_ppa,DOLORESPATA 138,36,27.67,36.88,39.82,0,0,0,0.0,30000,Nivel de precio,0.0,27.64,Variable
data_center_or_high_availability,fixed_reference_ppa,QUITARACSA 220,36,27.5,35.57,39.03,0,0,0,0.0,30000,Nivel de precio,0.0,27.12,Variable
data_center_or_high_availability,fixed_reference_ppa,AGUAYTIA 138,36,27.48,35.2,40.67,0,0,0,0.0,30000,Nivel de precio,0.0,27.27,Variable
data_center_or_high_availability,fixed_reference_ppa,S.E. ILO4 500,36,27.34,34.62,38.6,0,0,0,0.0,30000,Nivel de precio,0.0,26.75,Variable
data_center_or_high_availability,fixed_reference_ppa,RUBI 220,33,27.28,34.94,39.28,0,0,0,0.0,30000,Volatilidad,0.0,26.9,Variable
data_center_or_high_availability,fixed_reference_ppa,AGUAYTIA 22.9,36,27.21,35.05,39.91,0,0,0,0.0,30000,Nivel de precio,0.0,26.99,Variable
data_center_or_high_availability,fixed_reference_ppa,TINGO MARIA 138,36,27.16,34.39,38.27,0,0,0,0.0,30000,Nivel de precio,0.0,26.56,Variable
data_center_or_high_availability,fixed_reference_ppa,PAQUILLUSI 220,9,27.12,34.55,36.98,0,0,0,0.0,30000,Volatilidad,0.0,26.39,Variable
data_center_or_high_availability,fixed_reference_ppa,CACHIMAYO 138,36,27.05,36.14,39.54,0,0,0,0.0,30000,Nivel de precio,0.0,27.14,Variable
data_center_or_high_availability,fixed_reference_ppa,PURMACANA 20,36,27.03,34.74,38.22,0,0,0,0.0,30000,Nivel de precio,0.0,26.58,Variable
data_center_or_high_availability,fixed_reference_ppa,AGUAYTIA 220,36,27.0,34.89,39.62,0,0,0,0.0,30000,Nivel de precio,0.0,26.81,Variable
data_center_or_high_availability,fixed_reference_ppa,CHARCANI I 33,36,27.0,34.85,37.65,0,0,0,0.0,30000,Nivel de precio,0.0,26.51,Variable
data_center_or_high_availability,fixed_reference_ppa,SANTIAGO DE CAO 138,1,26.99,26.99,26.99,0,0,0,0.0,30000,Prima de estrés,0.0,22.95,Sensible
data_center_or_high_availability,fixed_reference_ppa,SAN JOSE 500,36,26.91,34.37,38.15,0,0,0,0.0,30000,Nivel de precio,0.0,26.42,Variable
data_center_or_high_availability,fixed_reference_ppa,PUERTO BRAVO 500,36,26.81,34.41,37.79,0,0,0,0.0,30000,Nivel de precio,0.0,26.34,Variable
data_center_or_high_availability,fixed_reference_ppa,PUERTO BRAVO 18,36,26.73,34.28,37.72,0,0,0,0.0,30000,Nivel de precio,0.0,26.26,Variable
data_center_or_high_availability,fixed_reference_ppa,SAN NICOLAS 13.8,36,26.65,33.25,41.9,0,0,0,0.0,30000,Prima de estrés,0.0,26.59,Variable
data_center_or_high_availability,fixed_reference_ppa,HUALLANCA 138,36,26.64,34.14,38.78,0,0,0,0.0,30000,Nivel de precio,0.0,26.34,Variable
data_center_or_high_availability,fixed_reference_ppa,SAN MARTIN 220,9,26.47,31.35,31.98,0,0,0,0.0,30000,Volatilidad,0.0,24.55,Variable
data_center_or_high_availability,fixed_reference_ppa,HUANUCO 138,36,26.25,33.9,36.65,0,0,0,0.0,30000,Nivel de precio,0.0,25.78,Variable
data_center_or_high_availability,fixed_reference_ppa,CARHUAQUERO 10_S,24,26.2,35.92,38.44,0,0,0,0.0,30000,Nivel de precio,0.0,26.53,Variable
data_center_or_high_availability,fixed_reference_ppa,PARAMONGA NUEVA 220,36,26.01,33.28,37.19,0,0,0,0.0,30000,Ventanas críticas,0.0,25.6,Variable
data_center_or_high_availability,fixed_reference_ppa,PIEDRA BLANCA 34.5,36,25.99,33.02,36.27,0,0,0,0.0,30000,Nivel de precio,0.0,25.39,Variable
data_center_or_high_availability,fixed_reference_ppa,CHARCANI IV 33,36,25.88,33.84,37.21,0,0,0,0.0,30000,Ventanas críticas,0.0,25.69,Variable
data_center_or_high_availability,fixed_reference_ppa,PARAMONGA NUEVA 138,36,25.82,33.35,37.47,0,0,0,0.0,30000,Ventanas críticas,0.0,25.58,Variable
data_center_or_high_availability,fixed_reference_ppa,PARAMONGA EXISTENTE 138,36,25.77,33.28,37.38,0,0,0,0.0,30000,Ventanas críticas,0.0,25.52,Variable
data_center_or_high_availability,fixed_reference_ppa,VIZCARRA 220,36,25.73,34.03,40.44,0,0,0,0.0,30000,Ventanas críticas,0.0,26.15,Variable
data_center_or_high_availability,fixed_reference_ppa,COTARUSE 220,36,25.68,32.84,38.87,0,0,0,0.0,30000,Ventanas críticas,0.0,25.6,Variable
data_center_or_high_availability,fixed_reference_ppa,MEDIO MUNDO 220,36,25.65,32.75,37.53,0,0,0,0.0,30000,Ventanas críticas,0.0,25.36,Variable
data_center_or_high_availability,fixed_reference_ppa,SUNNY 220,4,25.48,31.32,33.05,0,0,0,0.0,30000,Volatilidad,0.0,24.25,Variable
data_center_or_high_availability,fixed_reference_ppa,OQUENDO 60,36,25.37,31.69,39.29,0,0,0,0.0,30000,Ventanas críticas,0.0,25.23,Variable
data_center_or_high_availability,fixed_reference_ppa,SAN GABAN 138,36,25.25,35.1,40.99,0,0,0,0.0,30000,Ventanas críticas,0.0,26.29,Variable
data_center_or_high_availability,fixed_reference_ppa,TUPURI 22.9,36,25.23,35.47,41.55,0,0,0,0.0,30000,Ventanas críticas,0.0,26.45,Variable
data_center_or_high_availability,fixed_reference_ppa,HUACHO 220,36,24.71,30.99,36.9,0,0,0,0.0,30000,Ventanas críticas,0.0,24.4,Variable
data_center_or_high_availability,fixed_reference_ppa,PACHACHACA50,36,24.63,31.72,33.88,0,0,0,0.0,30000,Ventanas críticas,0.0,24.09,Variable
data_center_or_high_availability,fixed_reference_ppa,LOMERA 220,36,24.57,31.49,37.46,0,0,0,0.0,30000,Ventanas críticas,0.0,24.55,Variable
data_center_or_high_availability,fixed_reference_ppa,MARCONA 220,36,24.43,31.07,35.16,0,0,0,0.0,30000,Ventanas críticas,0.0,24.03,Variable
data_center_or_high_availability,fixed_reference_ppa,POROMA 220,36,24.39,30.78,34.4,0,0,0,0.0,30000,Ventanas críticas,0.0,23.83,Variable
data_center_or_high_availability,fixed_reference_ppa,ZAPALLAL 220,36,24.02,29.44,38.25,0,0,0,0.0,30000,Ventanas críticas,0.0,23.91,Variable
data_center_or_high_availability,fixed_reference_ppa,CHAVARRIA 220,36,23.97,29.41,38.77,0,0,0,0.0,30000,Ventanas críticas,0.0,23.95,Variable
data_center_or_high_availability,fixed_reference_ppa,SANTA TERESA 220,36,23.92,31.93,37.7,0,0,0,0.0,30000,Ventanas críticas,0.0,24.4,Variable
data_center_or_high_availability,fixed_reference_ppa,VENTANILLA 220,36,23.71,28.96,38.46,0,0,0,0.0,30000,Ventanas críticas,0.0,23.68,Variable
data_center_or_high_availability,fixed_reference_ppa,CARABAYLLO 220,36,23.7,29.12,38.04,0,0,0,0.0,30000,Ventanas críticas,0.0,23.65,Variable
data_center_or_high_availability,fixed_reference_ppa,INDEPENDENCIA 60,36,23.39,28.83,36.83,0,0,0,0.0,30000,Ventanas críticas,0.0,23.26,Variable
data_center_or_high_availability,fixed_reference_ppa,CT PISCO 60,36,23.39,28.83,36.83,0,0,0,0.0,30000,Ventanas críticas,0.0,23.26,Variable
data_center_or_high_availability,fixed_reference_ppa,ICA 220,36,23.23,28.92,37.17,0,0,0,0.0,30000,Ventanas críticas,0.0,23.26,Variable
data_center_or_high_availability,fixed_reference_ppa,CHEVES 220,36,23.07,30.14,35.55,0,0,0,0.0,30000,Ventanas críticas,0.0,23.25,Variable
data_center_or_high_availability,fixed_reference_ppa,CAJAMARQUILLA 220,36,23.02,27.63,37.65,0,0,0,0.0,30000,Ventanas críticas,0.0,22.91,Variable
data_center_or_high_availability,fixed_reference_ppa,MARAÑON 60,36,22.99,31.89,37.75,0,0,0,0.0,30000,Ventanas críticas,0.0,23.98,Variable
data_center_or_high_availability,fixed_reference_ppa,INDUSTRIALES 220,36,22.97,28.04,35.59,0,0,0,0.0,30000,Ventanas críticas,0.0,22.68,Variable
data_center_or_high_availability,fixed_reference_ppa,CT INDEPENDENCIA 60,36,22.93,28.06,36.36,0,0,0,0.0,30000,Ventanas críticas,0.0,22.79,Variable
data_center_or_high_availability,fixed_reference_ppa,PLANICIE 220,36,22.9,27.86,30.46,0,0,0,0.0,30000,Ventanas críticas,0.0,21.84,Variable
data_center_or_high_availability,fixed_reference_ppa,PARAGSHA2 138,36,22.72,29.71,33.46,0,0,0,0.0,30000,Ventanas críticas,0.0,22.67,Variable
data_center_or_high_availability,fixed_reference_ppa,CHEVES 13.8,36,22.71,29.74,34.64,0,0,0,0.0,30000,Ventanas críticas,0.0,22.85,Variable
data_center_or_high_availability,fixed_reference_ppa,MARCONA 60,27,22.62,28.0,29.55,0,0,2,0.0,30000,Ventanas críticas,0.0,21.61,Variable
data_center_or_high_availability,fixed_reference_ppa,INDEPENDENCIA 220,36,22.53,28.33,37.08,0,0,0,0.0,30000,Ventanas críticas,0.0,22.78,Variable
data_center_or_high_availability,fixed_reference_ppa,MACHUPICCHU 138,36,22.52,31.23,36.26,0,0,0,0.0,30000,Ventanas críticas,0.0,23.38,Variable
data_center_or_high_availability,fixed_reference_ppa,CARAPONGO 220,36,22.48,27.27,37.22,0,0,0,0.0,30000,Ventanas críticas,0.0,22.52,Variable
data_center_or_high_availability,fixed_reference_ppa,SANTA ROSA 220,36,22.45,27.5,38.88,0,0,0,0.0,30000,Ventanas críticas,0.0,22.81,Variable
data_center_or_high_availability,fixed_reference_ppa,CAHUA138,36,22.42,31.21,37.45,0,0,0,0.0,30000,Ventanas críticas,0.0,23.51,Variable
data_center_or_high_availability,fixed_reference_ppa,NAZCA NUEVA 220,23,22.24,27.4,27.76,0,0,0,0.0,30000,Ventanas críticas,0.0,21.02,Variable
data_center_or_high_availability,fixed_reference_ppa,FLAMENCO 220,26,21.98,26.77,28.94,0,0,0,0.0,30000,Ventanas críticas,0.0,20.92,Variable
data_center_or_high_availability,fixed_reference_ppa,ERSUR 220,26,21.85,26.67,29.04,0,0,0,0.0,30000,Ventanas críticas,0.0,20.85,Variable
data_center_or_high_availability,fixed_reference_ppa,PARAGSHA2 220,36,21.7,29.51,33.2,0,0,0,0.0,30000,Ventanas críticas,0.0,22.12,Variable
data_center_or_high_availability,fixed_reference_ppa,PUNTA LOMITAS II,36,21.5,26.16,28.1,0,0,0,0.0,30000,Ventanas críticas,0.0,20.43,Variable
data_center_or_high_availability,fixed_reference_ppa,CHINCHA NUEVA 220,23,21.47,28.72,35.9,0,0,0,0.0,30000,Ventanas críticas,0.0,22.23,Variable
data_center_or_high_availability,fixed_reference_ppa,PUNTA LOMITAS I,36,21.43,26.47,27.83,0,0,0,0.0,30000,Ventanas críticas,0.0,20.43,Variable
data_center_or_high_availability,fixed_reference_ppa,DESIERTO 220,35,21.07,26.38,35.08,0,0,0,0.0,30000,Ventanas críticas,0.0,21.34,Variable
data_center_or_high_availability,fixed_reference_ppa,CANTERA 220,36,21.04,26.84,35.35,0,0,0,0.0,30000,Ventanas críticas,0.0,21.48,Variable
data_center_or_high_availability,fixed_reference_ppa,CALLAHUANCA EDEGEL 220,36,21.04,26.31,34.88,0,0,0,0.0,30000,Ventanas críticas,0.0,21.28,Variable
data_center_or_high_availability,fixed_reference_ppa,HUANCHOR 50,36,20.95,30.74,39.35,0,0,0,0.0,30000,Ventanas críticas,0.0,23.01,Variable
data_center_or_high_availability,fixed_reference_ppa,HUAMPANI 60,36,20.72,26.21,36.76,0,0,0,0.0,30000,Ventanas críticas,0.0,21.39,Variable
data_center_or_high_availability,fixed_reference_ppa,HUINCO 220,36,20.72,25.75,36.9,0,0,0,0.0,30000,Ventanas críticas,0.0,21.3,Variable
data_center_or_high_availability,fixed_reference_ppa,HUANZA 220,36,20.69,26.61,34.94,0,0,0,0.0,30000,Ventanas críticas,0.0,21.2,Variable
data_center_or_high_availability,fixed_reference_ppa,OROYA NUEVA 220,36,20.64,26.34,29.58,0,0,0,0.0,30000,Ventanas críticas,0.0,20.31,Variable
data_center_or_high_availability,fixed_reference_ppa,CARHUAMAYO 138,36,20.63,29.01,32.74,0,0,0,0.0,30000,Ventanas críticas,0.0,21.45,Variable
data_center_or_high_availability,fixed_reference_ppa,POMACOCHA 220,36,20.52,25.52,28.68,0,0,0,0.0,30000,Ventanas críticas,0.0,19.92,Variable
data_center_or_high_availability,fixed_reference_ppa,SAN JUAN 220,36,20.42,26.15,28.45,0,0,0,0.0,30000,Ventanas críticas,0.0,19.99,Variable
data_center_or_high_availability,fixed_reference_ppa,SANTA ANA 138,6,20.34,25.93,28.63,0,0,0,0.0,30000,Ventanas críticas,0.0,19.93,Variable
data_center_or_high_availability,fixed_reference_ppa,CHILCA500,36,20.32,24.36,31.18,0,0,0,0.0,30000,Ventanas críticas,0.0,19.91,Variable
data_center_or_high_availability,fixed_reference_ppa,PACHACHACA 220,36,20.15,25.0,28.51,0,0,0,0.0,30000,Ventanas críticas,0.0,19.59,Variable
data_center_or_high_availability,fixed_reference_ppa,OLLEROS 500,36,20.04,24.06,30.55,0,0,0,0.0,30000,Ventanas críticas,0.0,19.61,Variable
data_center_or_high_availability,fixed_reference_ppa,SANTA ISABEL 220,36,19.8,27.49,32.47,0,0,0,0.0,30000,Ventanas críticas,0.0,20.65,Variable
data_center_or_high_availability,fixed_reference_ppa,FENIX 500,36,19.71,23.84,31.33,0,0,0,0.0,30000,Ventanas críticas,0.0,19.53,Variable
data_center_or_high_availability,fixed_reference_ppa,MATUCANA 220,36,19.7,24.4,33.66,0,0,0,0.0,30000,Ventanas críticas,0.0,20.01,Variable
data_center_or_high_availability,fixed_reference_ppa,OROYA NUEVA 50,36,19.46,25.08,30.6,0,0,0,0.0,30000,Ventanas críticas,0.0,19.62,Variable
data_center_or_high_availability,fixed_reference_ppa,CHAGLLA 220,36,19.34,29.39,31.3,0,0,0,0.0,30000,Ventanas críticas,0.0,20.74,Variable
data_center_or_high_availability,fixed_reference_ppa,YANANGO 220,36,19.31,24.88,27.41,0,0,0,0.0,30000,Ventanas críticas,0.0,19.02,Variable
data_center_or_high_availability,fixed_reference_ppa,ALTO PRADERAS 220,36,19.25,25.5,29.93,0,0,0,0.0,30000,Ventanas críticas,0.0,19.53,Variable
data_center_or_high_availability,fixed_reference_ppa,CONDORCOCHA 44,36,19.18,26.95,31.69,0,0,0,0.0,30000,Ventanas críticas,0.0,20.12,Variable
data_center_or_high_availability,fixed_reference_ppa,CHIRIBAMBA 220,22,19.14,25.58,33.16,0,0,0,0.0,30000,Ventanas críticas,0.0,19.98,Variable
data_center_or_high_availability,fixed_reference_ppa,ASIA 220,36,19.11,25.21,34.52,0,0,0,0.0,30000,Ventanas críticas,0.0,20.08,Variable
data_center_or_high_availability,fixed_reference_ppa,MOYOPAMPA 60,36,19.05,23.44,26.6,0,0,0,0.0,30000,Ventanas críticas,0.0,18.42,Variable
data_center_or_high_availability,fixed_reference_ppa,CONDORCOCHA 138,36,18.85,26.58,31.6,0,0,0,0.0,30000,Ventanas críticas,0.0,19.87,Variable
data_center_or_high_availability,fixed_reference_ppa,CARIPA 138,36,18.59,26.16,30.91,0,0,0,0.0,30000,Ventanas críticas,0.0,19.54,Variable
data_center_or_high_availability,fixed_reference_ppa,CS COENERGY 22.9,1,18.43,18.43,18.43,0,0,0,0.0,30000,Volatilidad,0.0,15.67,Variable
data_center_or_high_availability,fixed_reference_ppa,CH OROYA 50,36,18.03,22.89,29.46,0,0,0,0.0,30000,Ventanas críticas,0.0,18.25,Variable
data_center_or_high_availability,fixed_reference_ppa,YAUPI 138,36,17.94,25.67,32.09,0,0,0,0.0,30000,Ventanas críticas,0.0,19.3,Variable
data_center_or_high_availability,fixed_reference_ppa,HUAYUCACHI 220,36,17.92,22.33,26.79,0,0,0,0.0,30000,Ventanas críticas,0.0,17.66,Variable
data_center_or_high_availability,fixed_reference_ppa,CHIMAY 220,36,17.69,22.93,24.27,0,0,0,0.0,30000,Ventanas críticas,0.0,17.33,Variable
data_center_or_high_availability,fixed_reference_ppa,CHILCA UNO 220,36,17.59,22.21,25.98,0,0,0,0.0,30000,Ventanas críticas,0.0,17.36,Variable
data_center_or_high_availability,fixed_reference_ppa,HUANCAVELICA 220,36,17.44,21.7,28.09,0,0,0,0.0,30000,Ventanas críticas,0.0,17.49,Variable
data_center_or_high_availability,fixed_reference_ppa,CALLAHUANCA 60,36,17.25,22.32,32.8,0,0,0,0.0,30000,Ventanas críticas,0.0,18.26,Variable
data_center_or_high_availability,fixed_reference_ppa,LAS FLORES 220,36,17.19,21.37,24.98,0,0,0,0.0,30000,Ventanas críticas,0.0,16.83,Variable
data_center_or_high_availability,fixed_reference_ppa,LA VIRGEN 138,36,17.17,24.2,29.69,0,0,0,0.0,30000,Ventanas críticas,0.0,18.23,Variable
data_center_or_high_availability,fixed_reference_ppa,YAUPI13.8,36,17.16,24.32,31.43,0,0,0,0.0,30000,Ventanas críticas,0.0,18.51,Variable
data_center_or_high_availability,fixed_reference_ppa,CERRO DEL AGUILA 220,36,17.03,22.04,24.84,0,0,0,0.0,30000,Ventanas críticas,0.0,16.9,Variable
data_center_or_high_availability,fixed_reference_ppa,CHILCA DOS 13.8,36,16.73,21.38,24.75,0,0,0,0.0,30000,Ventanas críticas,0.0,16.58,Variable
data_center_or_high_availability,fixed_reference_ppa,YARUCAYA 13.8,36,16.33,21.43,33.18,0,0,0,0.0,30000,Ventanas críticas,0.0,17.68,Variable
data_center_or_high_availability,fixed_reference_ppa,CHILCA REP 220,36,16.27,21.63,24.12,0,0,0,0.0,30000,Ventanas críticas,0.0,16.35,Variable
data_center_or_high_availability,fixed_reference_ppa,CAMPO ARMIÑO 220,36,15.67,19.72,22.02,0,0,0,0.0,30000,Ventanas críticas,0.0,15.28,Variable
data_center_or_high_availability,fixed_reference_ppa,MALPASO 50,36,15.64,20.93,25.64,0,0,0,0.0,30000,Ventanas críticas,0.0,16.12,Variable
data_center_or_high_availability,fixed_reference_ppa,CORACORA 60,4,15.6,24.31,28.74,0,0,4,0.0,30000,Prima de estrés,0.0,17.41,Variable
data_center_or_high_availability,fixed_reference_ppa,NAZCA 22.9,4,15.19,23.85,28.35,0,0,4,0.0,30000,Prima de estrés,0.0,17.05,Variable
data_center_or_high_availability,fixed_reference_ppa,RESTITUCIÓN 220,36,15.19,19.21,21.36,0,0,0,0.0,30000,Ventanas críticas,0.0,14.84,Variable
data_center_or_high_availability,fixed_reference_ppa,LLIPATA 60,4,14.65,23.4,28.22,0,0,4,0.0,30000,Prima de estrés,0.0,16.67,Variable
data_center_or_high_availability,fixed_reference_ppa,PLATANAL 220,36,13.87,17.89,20.6,0,0,0,0.0,30000,Ventanas críticas,0.0,13.8,Variable
data_center_or_high_availability,fixed_reference_ppa,ALTO LA LUNA 10,14,11.96,15.66,17.4,0,0,11,0.0,30000,Prima de estrés,0.0,11.91,Variable
data_center_or_high_availability,fixed_reference_ppa,ALTO LA LUNA 60,14,11.66,15.13,16.91,0,0,11,0.0,30000,Prima de estrés,0.0,11.57,Variable
data_center_or_high_availability,fixed_reference_ppa,PISCO 10,14,11.45,14.76,16.37,0,0,11,0.0,30000,Prima de estrés,0.0,11.3,Variable
data_center_or_high_availability,fixed_reference_ppa,VILLACURI 22.9,14,11.37,15.0,17.16,0,0,11,0.0,30000,Prima de estrés,0.0,11.44,Variable
data_center_or_high_availability,fixed_reference_ppa,PARACAS 22,14,11.3,14.93,20.07,0,0,11,0.0,30000,Prima de estrés,0.0,11.83,Variable
data_center_or_high_availability,fixed_reference_ppa,PARACAS 10,14,11.22,14.94,20.24,0,0,11,0.0,30000,Prima de estrés,0.0,11.82,Variable
data_center_or_high_availability,fixed_reference_ppa,VILLACURI 60,14,10.58,13.54,16.08,0,0,11,0.0,30000,Prima de estrés,0.0,10.56,Variable
data_center_or_high_availability,fixed_reference_ppa,TAMBO DE MORA 10,5,10.56,14.13,17.13,0,0,4,0.0,30000,Prima de estrés,0.0,10.85,Variable
data_center_or_high_availability,fixed_reference_ppa,PEDREGAL 10,5,10.07,13.62,16.56,0,0,4,0.0,30000,Prima de estrés,0.0,10.42,Variable
data_center_or_high_availability,fixed_reference_ppa,INDEPENDENCIA 10,14,9.68,12.2,17.62,0,0,11,0.0,30000,Prima de estrés,0.0,10.05,Variable
data_center_or_high_availability,fixed_reference_ppa,PUEBLO NUEVO 10,5,9.54,11.85,12.65,0,0,4,0.0,30000,Prima de estrés,0.0,9.15,Variable
data_center_or_high_availability,fixed_reference_ppa,CHALA 60,1,8.82,8.82,8.82,0,0,1,0.0,30000,Prima de estrés,0.0,7.5,Variable
data_center_or_high_availability,fixed_reference_ppa,BELLA UNION 60,1,8.38,8.38,8.38,0,0,1,0.0,30000,Prima de estrés,0.0,7.12,Variable
data_center_or_high_availability,fixed_reference_ppa,JAHUAY 60,1,7.86,7.86,7.86,0,0,1,0.0,30000,Prima de estrés,0.0,6.68,Variable
data_center_or_high_availability,fixed_reference_ppa,FUNSUR 60,1,7.76,7.76,7.76,0,0,1,0.0,30000,Prima de estrés,0.0,6.6,Variable
data_center_or_high_availability,fixed_reference_ppa,MINA 60,1,7.19,7.19,7.19,0,0,1,0.0,30000,Prima de estrés,0.0,6.11,Variable
data_center_or_high_availability,fixed_reference_ppa,HUARANGO 60,1,6.68,6.68,6.68,0,0,1,0.0,30000,Prima de estrés,0.0,5.68,Variable
data_center_or_high_availability,fixed_reference_ppa,LOMAS 60,1,6.68,6.68,6.68,0,0,1,0.0,30000,Prima de estrés,0.0,5.68,Variable
data_center_or_high_availability,full_spot_exposure,PLANTAETANOL 60,36,66.85,76.88,78.83,0,22,0,1.0,30000,Nivel de precio,0.611,70.29,Estable
data_center_or_high_availability,full_spot_exposure,HUAYLLACHO 15,36,66.82,77.16,79.47,0,21,0,1.0,30000,Nivel de precio,0.583,70.03,Estable
data_center_or_high_availability,full_spot_exposure,SAN IGNACIO 15,36,66.61,76.71,79.27,0,21,0,1.0,30000,Nivel de precio,0.583,69.79,Estable
data_center_or_high_availability,full_spot_exposure,SAN ANTONIO 15,36,66.59,76.71,79.27,0,21,0,1.0,30000,Nivel de precio,0.583,69.78,Estable
data_center_or_high_availability,full_spot_exposure,ZORRITOS 220,36,66.38,77.23,78.48,0,21,0,1.0,30000,Nivel de precio,0.583,69.7,Estable
data_center_or_high_availability,full_spot_exposure,NCTUMBES60,36,66.2,77.35,78.62,0,20,0,1.0,30000,Nivel de precio,0.556,69.26,Estable
data_center_or_high_availability,full_spot_exposure,MISAPUQUIO 33,36,65.86,75.73,79.1,0,20,0,1.0,30000,Nivel de precio,0.556,68.77,Estable
data_center_or_high_availability,full_spot_exposure,TINTAYA EXISTENTE 138,36,65.76,76.12,79.14,0,18,0,1.0,30000,Nivel de precio,0.5,67.99,Estable
data_center_or_high_availability,full_spot_exposure,GE1 33,36,65.42,76.07,77.33,0,20,0,1.0,30000,Nivel de precio,0.556,68.39,Estable
data_center_or_high_availability,full_spot_exposure,TINTAYA NUEVA 220,36,65.42,75.59,78.81,0,18,0,1.0,30000,Nivel de precio,0.5,67.66,Estable
data_center_or_high_availability,full_spot_exposure,PIURA OESTE 220,36,65.02,74.74,78.06,0,19,0,1.0,30000,Nivel de precio,0.528,67.57,Estable
data_center_or_high_availability,full_spot_exposure,TALARA 220,36,64.98,74.85,77.09,0,18,0,1.0,30000,Nivel de precio,0.5,67.02,Estable
data_center_or_high_availability,full_spot_exposure,GALLITO CIEGO 60,36,64.89,74.99,77.2,0,20,0,1.0,30000,Nivel de precio,0.556,67.86,Estable
data_center_or_high_availability,full_spot_exposure,BELAUNDE 138,36,64.89,74.71,77.43,0,20,0,1.0,30000,Nivel de precio,0.556,67.83,Estable
data_center_or_high_availability,full_spot_exposure,TALARA13.2,36,64.62,75.05,77.12,0,17,0,1.0,30000,Nivel de precio,0.472,66.5,Estable
data_center_or_high_availability,full_spot_exposure,VALLE DEL CHIRA 220,14,62.88,71.62,75.5,0,6,0,1.0,30000,Nivel de precio,0.429,63.95,Estable
data_center_or_high_availability,full_spot_exposure,PARIAC 66,36,61.82,72.58,75.56,0,15,0,1.0,30000,Nivel de precio,0.417,63.55,Estable
data_center_or_high_availability,full_spot_exposure,JULIACA10,36,60.76,71.67,74.14,0,14,0,1.0,30000,Nivel de precio,0.389,62.21,Estable
data_center_or_high_availability,full_spot_exposure,JAEN 138,24,59.95,69.55,75.21,0,7,0,1.0,30000,Nivel de precio,0.292,60.02,Estable
data_center_or_high_availability,full_spot_exposure,TOCACHE 138,36,57.26,65.92,71.94,0,6,0,1.0,30000,Nivel de precio,0.167,55.54,Estable
data_center_or_high_availability,full_spot_exposure,JULIACA 138,36,56.18,67.07,69.66,0,8,0,1.0,30000,Nivel de precio,0.222,55.83,Estable
data_center_or_high_availability,full_spot_exposure,CALLALLI 138,36,55.81,66.18,70.08,0,6,0,1.0,30000,Nivel de precio,0.167,54.67,Estable
data_center_or_high_availability,full_spot_exposure,GUADALUPE 60,36,55.77,64.8,67.01,0,3,0,1.0,30000,Nivel de precio,0.083,52.6,Estable
data_center_or_high_availability,full_spot_exposure,ILO1 138,36,54.39,63.26,67.13,0,1,0,1.0,30000,Nivel de precio,0.028,50.78,Estable
data_center_or_high_availability,full_spot_exposure,TOQUEPALA 138,36,54.12,62.54,67.1,0,2,0,1.0,30000,Nivel de precio,0.056,50.89,Estable
data_center_or_high_availability,full_spot_exposure,LA BREA 220,21,54.02,65.76,68.99,0,3,0,1.0,30000,Nivel de precio,0.143,53.24,Estable
data_center_or_high_availability,full_spot_exposure,AYAVIRI 138,36,53.84,65.25,68.17,0,4,0,1.0,30000,Nivel de precio,0.111,52.43,Estable
data_center_or_high_availability,full_spot_exposure,PUNO 138,36,53.84,64.25,67.58,0,3,0,1.0,30000,Nivel de precio,0.083,51.68,Estable
data_center_or_high_availability,full_spot_exposure,ILO ELP 138,36,53.84,62.75,66.67,0,1,0,1.0,30000,Nivel de precio,0.028,50.33,Estable
data_center_or_high_availability,full_spot_exposure,CHICLAYO 220,36,53.54,62.32,65.23,0,1,0,1.0,30000,Nivel de precio,0.028,49.87,Estable
data_center_or_high_availability,full_spot_exposure,ARICOTA2 138,36,53.41,62.18,66.4,0,1,0,1.0,30000,Nivel de precio,0.028,49.96,Estable
data_center_or_high_availability,full_spot_exposure,PUNO 220,36,53.39,63.98,67.14,0,3,0,1.0,30000,Nivel de precio,0.083,51.34,Estable
data_center_or_high_availability,full_spot_exposure,BOTIFLACA 138,36,53.2,62.06,66.32,0,1,0,1.0,30000,Nivel de precio,0.028,49.82,Estable
data_center_or_high_availability,full_spot_exposure,CT ETEN 220,36,53.13,61.57,64.69,0,0,0,1.0,30000,Nivel de precio,0.0,49.0,Estable
data_center_or_high_availability,full_spot_exposure,RECKA 220,36,53.1,61.58,64.46,0,0,0,1.0,30000,Nivel de precio,0.0,48.96,Estable
data_center_or_high_availability,full_spot_exposure,ETEN 18,36,53.06,61.53,64.65,0,0,0,1.0,30000,Nivel de precio,0.0,48.96,Estable
data_center_or_high_availability,full_spot_exposure,RECKA 18,36,53.05,61.58,64.35,0,0,0,1.0,30000,Nivel de precio,0.0,48.92,Estable
data_center_or_high_availability,full_spot_exposure,CHILINA 33,36,52.96,63.76,66.12,0,1,0,1.0,30000,Nivel de precio,0.028,50.11,Estable
data_center_or_high_availability,full_spot_exposure,ARICOTA 66,36,52.94,61.71,65.95,0,1,0,1.0,30000,Nivel de precio,0.028,49.56,Estable
data_center_or_high_availability,full_spot_exposure,PLANTA CASA GRANDE 13.8,1,52.91,52.91,52.91,0,0,0,1.0,30000,Nivel de precio,0.0,44.97,Sensible
data_center_or_high_availability,full_spot_exposure,LA NIÑA 220,36,52.75,61.26,64.87,0,0,0,1.0,30000,Nivel de precio,0.0,48.78,Estable
data_center_or_high_availability,full_spot_exposure,MOLLENDO 138,36,52.72,63.82,67.39,0,3,0,1.0,30000,Nivel de precio,0.083,51.04,Estable
data_center_or_high_availability,full_spot_exposure,CACLIC 220,36,52.72,62.53,64.81,0,0,0,1.0,30000,Nivel de precio,0.0,49.08,Estable
data_center_or_high_availability,full_spot_exposure,AZANGARO 138,36,52.43,64.89,67.3,0,4,0,1.0,30000,Nivel de precio,0.111,51.58,Estable
data_center_or_high_availability,full_spot_exposure,ARICOTA1 66,36,52.34,61.04,64.95,0,0,0,1.0,30000,Nivel de precio,0.0,48.56,Variable
data_center_or_high_availability,full_spot_exposure,LOS HEROES 66,36,52.32,60.97,65.01,0,1,0,1.0,30000,Nivel de precio,0.028,48.95,Variable
data_center_or_high_availability,full_spot_exposure,PUERTO MALDONADO 10,36,52.3,66.21,68.25,0,7,0,1.0,30000,Nivel de precio,0.194,53.24,Estable
data_center_or_high_availability,full_spot_exposure,CHILINA 138,36,52.2,61.55,66.08,0,1,0,1.0,30000,Nivel de precio,0.028,49.21,Variable
data_center_or_high_availability,full_spot_exposure,GUADALUPE 220,36,52.0,60.52,63.75,0,0,0,1.0,30000,Nivel de precio,0.0,48.09,Estable
data_center_or_high_availability,full_spot_exposure,COMBAPATA 138,36,51.96,63.52,65.23,0,1,0,1.0,30000,Nivel de precio,0.028,49.46,Estable
data_center_or_high_availability,full_spot_exposure,REPARTICIÓN 138,36,51.87,62.83,66.33,0,1,0,1.0,30000,Nivel de precio,0.028,49.41,Estable
data_center_or_high_availability,full_spot_exposure,PUCALLPA 60,36,51.78,60.63,67.89,0,2,0,1.0,30000,Nivel de precio,0.056,49.47,Estable
data_center_or_high_availability,full_spot_exposure,CT PLANTA PUCALLPA 60,36,51.73,60.42,67.77,0,2,0,1.0,30000,Nivel de precio,0.056,49.38,Estable
data_center_or_high_availability,full_spot_exposure,LOS HEROES 220,36,51.72,60.2,64.2,0,0,0,1.0,30000,Nivel de precio,0.0,47.95,Variable
data_center_or_high_availability,full_spot_exposure,PUERTO MALDONADO 138,36,51.64,65.69,69.2,0,5,0,1.0,30000,Nivel de precio,0.139,52.12,Estable
data_center_or_high_availability,full_spot_exposure,CUTERVO 138,36,51.35,61.69,65.34,0,1,0,1.0,30000,Nivel de precio,0.028,48.75,Estable
data_center_or_high_availability,full_spot_exposure,CERRO VERDE 138,36,51.35,61.06,64.39,0,0,0,1.0,30000,Nivel de precio,0.0,48.03,Variable
data_center_or_high_availability,full_spot_exposure,PUCALLPA 138,36,51.12,59.78,67.23,0,2,0,1.0,30000,Nivel de precio,0.056,48.87,Estable
data_center_or_high_availability,full_spot_exposure,MOQUEGUA 138,36,50.9,59.63,63.43,0,0,0,1.0,30000,Nivel de precio,0.0,47.33,Variable
data_center_or_high_availability,full_spot_exposure,SANTUARIO 138,36,50.62,60.79,64.65,0,0,0,1.0,30000,Nivel de precio,0.0,47.67,Variable
data_center_or_high_availability,full_spot_exposure,MOQUEGUA 220,36,50.52,59.16,62.84,0,0,0,1.0,30000,Nivel de precio,0.0,46.95,Variable
data_center_or_high_availability,full_spot_exposure,SOCABAYA 138,36,50.32,59.99,63.79,0,0,0,1.0,30000,Nivel de precio,0.0,47.21,Variable
data_center_or_high_availability,full_spot_exposure,ILO2 220,36,50.2,58.5,62.6,0,0,0,1.0,30000,Nivel de precio,0.0,46.6,Variable
data_center_or_high_availability,full_spot_exposure,PLANTA SAN JACINTO 13.8,36,50.15,58.65,62.68,0,0,0,1.0,30000,Nivel de precio,0.0,46.63,Variable
data_center_or_high_availability,full_spot_exposure,CAJAMARCA 220,36,49.99,59.43,61.79,0,0,0,1.0,30000,Nivel de precio,0.0,46.62,Variable
data_center_or_high_availability,full_spot_exposure,SOCABAYA 220,36,49.92,59.45,63.02,0,0,0,1.0,30000,Nivel de precio,0.0,46.78,Variable
data_center_or_high_availability,full_spot_exposure,CHARCANI VI 33,36,49.88,59.45,61.45,0,0,0,1.0,30000,Nivel de precio,0.0,46.52,Variable
data_center_or_high_availability,full_spot_exposure,AGROLMOS 60,6,49.82,59.94,61.55,0,0,0,1.0,30000,Nivel de precio,0.0,46.64,Variable
data_center_or_high_availability,full_spot_exposure,TRUJILLO 220,36,49.67,58.16,63.14,0,0,0,1.0,30000,Nivel de precio,0.0,46.36,Variable
data_center_or_high_availability,full_spot_exposure,MONTALVO 220,36,49.5,58.37,62.37,0,0,0,1.0,30000,Nivel de precio,0.0,46.22,Variable
data_center_or_high_availability,full_spot_exposure,CARHUAQUERO 220,36,48.9,59.71,62.44,0,0,0,1.0,30000,Nivel de precio,0.0,46.3,Variable
data_center_or_high_availability,full_spot_exposure,S.E. ILO4 500,36,48.71,57.05,61.3,0,0,0,1.0,30000,Nivel de precio,0.0,45.38,Variable
data_center_or_high_availability,full_spot_exposure,RUBI 220,33,48.08,57.24,62.19,0,0,0,1.0,30000,Volatilidad,0.0,45.27,Variable
data_center_or_high_availability,full_spot_exposure,SAN JOSE 500,36,47.91,56.39,60.74,0,0,0,1.0,30000,Nivel de precio,0.0,44.77,Variable
data_center_or_high_availability,full_spot_exposure,HUALLIN60,21,47.84,60.09,62.07,0,0,0,1.0,30000,Nivel de precio,0.0,45.86,Sensible
data_center_or_high_availability,full_spot_exposure,PUERTO BRAVO 500,36,47.76,56.43,60.33,0,0,0,1.0,30000,Nivel de precio,0.0,44.65,Variable
data_center_or_high_availability,full_spot_exposure,PUERTO BRAVO 18,36,47.65,56.41,60.23,0,0,0,1.0,30000,Nivel de precio,0.0,44.58,Variable
data_center_or_high_availability,full_spot_exposure,AUCAYACU 138,36,47.57,59.18,63.83,0,0,0,1.0,30000,Nivel de precio,0.0,45.78,Variable
data_center_or_high_availability,full_spot_exposure,DUNA HUAMBOS 34.5,31,47.3,59.56,64.96,0,0,0,1.0,30000,Nivel de precio,0.0,45.92,Variable
data_center_or_high_availability,full_spot_exposure,CARHUAQUERO 10_S,24,47.15,58.96,61.34,0,0,0,1.0,30000,Nivel de precio,0.0,45.16,Variable
data_center_or_high_availability,full_spot_exposure,CHAPARRAL 138,18,47.12,56.73,60.56,0,0,0,1.0,30000,Volatilidad,0.0,44.47,Variable
data_center_or_high_availability,full_spot_exposure,CHIMBOTE1 138,36,47.06,57.24,61.79,0,0,0,1.0,30000,Nivel de precio,0.0,44.75,Variable
data_center_or_high_availability,full_spot_exposure,BIOENERGIA 13.8,36,46.82,59.62,65.17,0,1,0,1.0,30000,Nivel de precio,0.028,46.17,Variable
data_center_or_high_availability,full_spot_exposure,LA RAMADA 220,36,46.8,58.12,60.13,0,0,0,1.0,30000,Nivel de precio,0.0,44.61,Variable
data_center_or_high_availability,full_spot_exposure,CHARCANI I 33,36,46.25,57.58,60.85,0,0,0,1.0,30000,Nivel de precio,0.0,44.34,Variable
data_center_or_high_availability,full_spot_exposure,QUENCORO 138,36,46.09,59.54,62.02,0,0,0,1.0,30000,Nivel de precio,0.0,44.93,Variable
data_center_or_high_availability,full_spot_exposure,CHIMBOTE1 220,36,46.07,56.96,61.96,0,0,0,1.0,30000,Nivel de precio,0.0,44.27,Variable
data_center_or_high_availability,full_spot_exposure,DOLORESPATA 138,36,45.81,59.32,61.85,0,0,0,1.0,30000,Nivel de precio,0.0,44.72,Variable
data_center_or_high_availability,full_spot_exposure,QUITARACSA 220,36,44.55,57.03,58.71,0,0,0,1.0,30000,Nivel de precio,0.0,43.11,Variable
data_center_or_high_availability,full_spot_exposure,CACHIMAYO 138,36,44.2,57.47,61.27,0,0,0,1.0,30000,Nivel de precio,0.0,43.45,Variable
data_center_or_high_availability,full_spot_exposure,MAZUCO138,36,43.7,62.41,67.94,0,2,0,1.0,30000,Volatilidad,0.056,46.29,Variable
data_center_or_high_availability,full_spot_exposure,SAN NICOLAS 13.8,36,43.52,53.33,65.76,0,2,0,1.0,30000,Prima de estrés,0.056,43.62,Variable
data_center_or_high_availability,full_spot_exposure,AGUAYTIA 138,36,42.88,56.77,63.84,0,0,0,1.0,30000,Nivel de precio,0.0,43.06,Variable
data_center_or_high_availability,full_spot_exposure,ZAÑA 60,36,42.66,57.86,61.97,0,0,0,1.0,30000,Nivel de precio,0.0,42.96,Variable
data_center_or_high_availability,full_spot_exposure,TINGO MARIA 138,36,42.61,55.39,60.13,0,0,0,1.0,30000,Nivel de precio,0.0,42.04,Variable
data_center_or_high_availability,full_spot_exposure,AGUAYTIA 22.9,36,42.48,56.34,62.93,0,0,0,1.0,30000,Nivel de precio,0.0,42.64,Variable
data_center_or_high_availability,full_spot_exposure,SAN MARTIN 220,9,42.25,49.51,50.09,0,0,0,1.0,30000,Volatilidad,0.0,38.9,Variable
data_center_or_high_availability,full_spot_exposure,AGUAYTIA 220,36,42.18,56.11,62.52,0,0,0,1.0,30000,Nivel de precio,0.0,42.38,Variable
data_center_or_high_availability,full_spot_exposure,PURMACANA 20,36,42.1,54.12,58.5,0,0,0,1.0,30000,Nivel de precio,0.0,41.25,Variable
data_center_or_high_availability,full_spot_exposure,CHARCANI IV 33,36,41.62,54.85,59.35,0,0,0,1.0,30000,Ventanas críticas,0.0,41.35,Variable
data_center_or_high_availability,full_spot_exposure,COTARUSE 220,36,41.03,53.34,59.4,0,0,0,1.0,30000,Ventanas críticas,0.0,40.71,Variable
data_center_or_high_availability,full_spot_exposure,HUALLANCA 138,36,40.75,54.64,58.88,0,0,0,1.0,30000,Nivel de precio,0.0,40.83,Variable
data_center_or_high_availability,full_spot_exposure,PAQUILLUSI 220,9,40.42,52.83,58.56,0,0,0,1.0,30000,Volatilidad,0.0,40.18,Variable
data_center_or_high_availability,full_spot_exposure,HUANUCO 138,36,40.21,53.66,57.37,0,0,0,1.0,30000,Nivel de precio,0.0,40.12,Variable
data_center_or_high_availability,full_spot_exposure,SUNNY 220,4,39.7,46.99,47.92,0,0,0,1.0,30000,Volatilidad,0.0,36.8,Variable
data_center_or_high_availability,full_spot_exposure,PIEDRA BLANCA 34.5,36,39.28,53.03,57.46,0,0,0,1.0,30000,Nivel de precio,0.0,39.55,Variable
data_center_or_high_availability,full_spot_exposure,TUPURI 22.9,36,39.12,58.34,65.59,0,1,0,1.0,30000,Ventanas críticas,0.028,42.44,Variable
data_center_or_high_availability,full_spot_exposure,SAN GABAN 138,36,38.98,57.66,64.74,0,0,0,1.0,30000,Ventanas críticas,0.0,41.67,Variable
data_center_or_high_availability,full_spot_exposure,PARAMONGA NUEVA 220,36,38.35,51.6,57.58,0,0,0,1.0,30000,Ventanas críticas,0.0,38.79,Variable
data_center_or_high_availability,full_spot_exposure,OQUENDO 60,36,38.16,49.96,59.94,0,0,0,1.0,30000,Ventanas críticas,0.0,38.65,Variable
data_center_or_high_availability,full_spot_exposure,PARAMONGA NUEVA 138,36,38.13,51.49,57.89,0,0,0,1.0,30000,Ventanas críticas,0.0,38.72,Variable
data_center_or_high_availability,full_spot_exposure,VIZCARRA 220,36,37.99,53.53,61.31,0,0,0,1.0,30000,Ventanas críticas,0.0,39.67,Variable
data_center_or_high_availability,full_spot_exposure,PARAMONGA EXISTENTE 138,36,37.97,51.29,58.02,0,0,0,1.0,30000,Ventanas críticas,0.0,38.61,Variable
data_center_or_high_availability,full_spot_exposure,MEDIO MUNDO 220,36,37.64,50.29,58.17,0,0,0,1.0,30000,Ventanas críticas,0.0,38.24,Variable
data_center_or_high_availability,full_spot_exposure,PACHACHACA50,36,37.26,48.8,53.86,0,0,0,1.0,30000,Ventanas críticas,0.0,37.04,Variable
data_center_or_high_availability,full_spot_exposure,MARCONA 220,36,36.48,46.63,54.25,0,0,0,1.0,30000,Ventanas críticas,0.0,36.21,Variable
data_center_or_high_availability,full_spot_exposure,POROMA 220,36,36.44,45.87,53.76,0,0,0,1.0,30000,Ventanas críticas,0.0,35.93,Variable
data_center_or_high_availability,full_spot_exposure,LOMERA 220,36,35.68,45.79,52.83,0,0,0,1.0,30000,Ventanas críticas,0.0,35.43,Variable
data_center_or_high_availability,full_spot_exposure,HUACHO 220,36,35.42,45.98,54.09,0,0,0,1.0,30000,Ventanas críticas,0.0,35.55,Variable
data_center_or_high_availability,full_spot_exposure,MARCONA 60,27,34.98,45.09,48.29,0,0,2,1.0,30000,Ventanas críticas,0.0,34.26,Variable
data_center_or_high_availability,full_spot_exposure,CHAVARRIA 220,36,34.77,44.96,57.64,0,0,0,1.0,30000,Ventanas críticas,0.0,35.53,Variable
data_center_or_high_availability,full_spot_exposure,ZAPALLAL 220,36,34.62,44.64,56.82,0,0,0,1.0,30000,Ventanas críticas,0.0,35.26,Variable
data_center_or_high_availability,full_spot_exposure,VENTANILLA 220,36,34.36,44.5,56.74,0,0,0,1.0,30000,Ventanas críticas,0.0,35.09,Variable
data_center_or_high_availability,full_spot_exposure,SANTA TERESA 220,36,34.34,49.6,55.7,0,0,0,1.0,30000,Ventanas críticas,0.0,36.21,Variable
data_center_or_high_availability,full_spot_exposure,FLAMENCO 220,26,34.27,44.79,46.92,0,0,0,1.0,30000,Ventanas críticas,0.0,33.66,Variable
data_center_or_high_availability,full_spot_exposure,CARABAYLLO 220,36,34.23,44.13,56.57,0,0,0,1.0,30000,Ventanas críticas,0.0,34.92,Variable
data_center_or_high_availability,full_spot_exposure,ICA 220,36,34.15,43.53,54.99,0,0,0,1.0,30000,Ventanas críticas,0.0,34.5,Variable
data_center_or_high_availability,full_spot_exposure,SANTIAGO DE CAO 138,1,34.15,34.15,34.15,0,0,0,1.0,30000,Prima de estrés,0.0,29.03,Sensible
data_center_or_high_availability,full_spot_exposure,INDEPENDENCIA 60,36,33.86,44.14,56.83,0,0,0,1.0,30000,Ventanas críticas,0.0,34.8,Variable
data_center_or_high_availability,full_spot_exposure,CT PISCO 60,36,33.86,44.14,56.83,0,0,0,1.0,30000,Ventanas críticas,0.0,34.8,Variable
data_center_or_high_availability,full_spot_exposure,NAZCA NUEVA 220,23,33.59,43.69,46.41,0,0,0,1.0,30000,Ventanas críticas,0.0,33.0,Variable
data_center_or_high_availability,full_spot_exposure,INDUSTRIALES 220,36,33.52,46.04,51.29,0,0,0,1.0,30000,Ventanas críticas,0.0,34.29,Variable
data_center_or_high_availability,full_spot_exposure,ERSUR 220,26,33.48,43.89,45.22,0,0,0,1.0,30000,Ventanas críticas,0.0,32.82,Variable
data_center_or_high_availability,full_spot_exposure,CAJAMARQUILLA 220,36,33.45,43.45,55.49,0,0,0,1.0,30000,Ventanas críticas,0.0,34.24,Variable
data_center_or_high_availability,full_spot_exposure,CT INDEPENDENCIA 60,36,33.36,43.7,56.33,0,0,0,1.0,30000,Ventanas críticas,0.0,34.39,Variable
data_center_or_high_availability,full_spot_exposure,CHINCHA NUEVA 220,23,33.2,41.64,53.85,0,0,0,1.0,30000,Ventanas críticas,0.0,33.43,Variable
data_center_or_high_availability,full_spot_exposure,PLANICIE 220,36,32.81,43.39,48.38,0,0,0,1.0,30000,Ventanas críticas,0.0,32.87,Variable
data_center_or_high_availability,full_spot_exposure,SANTA ROSA 220,36,32.79,45.08,57.25,0,0,0,1.0,30000,Ventanas críticas,0.0,34.61,Variable
data_center_or_high_availability,full_spot_exposure,INDEPENDENCIA 220,36,32.63,41.49,55.23,0,0,0,1.0,30000,Ventanas críticas,0.0,33.34,Variable
data_center_or_high_availability,full_spot_exposure,CARAPONGO 220,36,32.59,42.65,54.81,0,0,0,1.0,30000,Ventanas críticas,0.0,33.55,Variable
data_center_or_high_availability,full_spot_exposure,HUANCHOR 50,36,32.24,52.34,61.82,0,0,0,1.0,30000,Ventanas críticas,0.0,36.86,Variable
data_center_or_high_availability,full_spot_exposure,CHEVES 220,36,31.83,40.77,52.04,0,0,0,1.0,30000,Ventanas críticas,0.0,32.32,Variable
data_center_or_high_availability,full_spot_exposure,MARAÑON 60,36,31.44,45.01,56.26,0,0,0,1.0,30000,Ventanas críticas,0.0,33.84,Variable
data_center_or_high_availability,full_spot_exposure,MACHUPICCHU 138,36,31.36,47.99,53.28,0,0,0,1.0,30000,Ventanas críticas,0.0,34.1,Variable
data_center_or_high_availability,full_spot_exposure,PARAGSHA2 138,36,31.31,39.84,52.96,0,0,0,1.0,30000,Ventanas críticas,0.0,32.0,Variable
data_center_or_high_availability,full_spot_exposure,DESIERTO 220,35,30.9,39.58,52.71,0,0,0,1.0,30000,Ventanas críticas,0.0,31.71,Variable
data_center_or_high_availability,full_spot_exposure,CHEVES 13.8,36,30.83,39.84,51.39,0,0,0,1.0,30000,Ventanas críticas,0.0,31.54,Variable
data_center_or_high_availability,full_spot_exposure,CANTERA 220,36,30.52,37.32,53.7,0,0,0,1.0,30000,Ventanas críticas,0.0,31.12,Variable
data_center_or_high_availability,full_spot_exposure,CAHUA138,36,30.34,40.26,57.76,0,0,0,1.0,30000,Ventanas críticas,0.0,32.38,Variable
data_center_or_high_availability,full_spot_exposure,HUINCO 220,36,30.17,40.51,50.59,0,0,0,1.0,30000,Ventanas críticas,0.0,31.29,Variable
data_center_or_high_availability,full_spot_exposure,CALLAHUANCA EDEGEL 220,36,29.9,38.37,44.54,0,0,0,1.0,30000,Ventanas críticas,0.0,29.73,Variable
data_center_or_high_availability,full_spot_exposure,PUNTA LOMITAS I,36,29.74,35.19,41.39,0,0,0,1.0,30000,Ventanas críticas,0.0,28.39,Variable
data_center_or_high_availability,full_spot_exposure,PUNTA LOMITAS II,36,29.73,34.59,42.78,0,0,0,1.0,30000,Ventanas críticas,0.0,28.44,Variable
data_center_or_high_availability,full_spot_exposure,SAN JUAN 220,36,29.61,38.16,49.15,0,0,0,1.0,30000,Ventanas críticas,0.0,30.24,Variable
data_center_or_high_availability,full_spot_exposure,HUAMPANI 60,36,29.28,38.34,54.18,0,0,0,1.0,30000,Ventanas críticas,0.0,30.89,Variable
data_center_or_high_availability,full_spot_exposure,HUANZA 220,36,29.27,38.09,47.98,0,0,0,1.0,30000,Ventanas críticas,0.0,29.89,Variable
data_center_or_high_availability,full_spot_exposure,CHILCA500,36,29.24,38.12,44.22,0,0,0,1.0,30000,Ventanas críticas,0.0,29.32,Variable
data_center_or_high_availability,full_spot_exposure,OLLEROS 500,36,28.94,37.61,44.9,0,0,0,1.0,30000,Ventanas críticas,0.0,29.16,Variable
data_center_or_high_availability,full_spot_exposure,PARAGSHA2 220,36,28.93,37.75,50.08,0,0,0,1.0,30000,Ventanas críticas,0.0,29.97,Variable
data_center_or_high_availability,full_spot_exposure,CHIRIBAMBA 220,22,28.72,34.52,40.05,0,0,0,1.0,30000,Ventanas críticas,0.0,27.56,Variable
data_center_or_high_availability,full_spot_exposure,SANTA ANA 138,6,28.6,34.98,35.79,0,0,0,1.0,30000,Ventanas críticas,0.0,26.98,Variable
data_center_or_high_availability,full_spot_exposure,FENIX 500,36,28.58,37.41,44.02,0,0,0,1.0,30000,Ventanas críticas,0.0,28.82,Variable
data_center_or_high_availability,full_spot_exposure,POMACOCHA 220,36,28.47,35.4,41.51,0,0,0,1.0,30000,Ventanas críticas,0.0,27.88,Variable
data_center_or_high_availability,full_spot_exposure,ALTO PRADERAS 220,36,28.23,35.89,55.59,0,0,0,1.0,30000,Ventanas críticas,0.0,30.01,Variable
data_center_or_high_availability,full_spot_exposure,OROYA NUEVA 220,36,28.0,34.76,41.71,0,0,0,1.0,30000,Ventanas críticas,0.0,27.55,Variable
data_center_or_high_availability,full_spot_exposure,ASIA 220,36,27.91,34.38,52.88,0,0,0,1.0,30000,Ventanas críticas,0.0,29.08,Variable
data_center_or_high_availability,full_spot_exposure,PACHACHACA 220,36,27.91,33.95,41.94,0,0,0,1.0,30000,Ventanas críticas,0.0,27.34,Variable
data_center_or_high_availability,full_spot_exposure,YANANGO 220,36,27.69,35.17,44.2,0,0,0,1.0,30000,Ventanas críticas,0.0,27.88,Variable
data_center_or_high_availability,full_spot_exposure,MATUCANA 220,36,27.64,35.81,42.23,0,0,0,1.0,30000,Ventanas críticas,0.0,27.72,Variable
data_center_or_high_availability,full_spot_exposure,MOYOPAMPA 60,36,27.41,35.75,44.03,0,0,0,1.0,30000,Ventanas críticas,0.0,27.88,Variable
data_center_or_high_availability,full_spot_exposure,CARHUAMAYO 138,36,27.21,35.67,42.21,0,0,0,1.0,30000,Ventanas críticas,0.0,27.49,Variable
data_center_or_high_availability,full_spot_exposure,SANTA ISABEL 220,36,26.05,34.52,38.81,0,0,0,1.0,30000,Ventanas críticas,0.0,26.17,Variable
data_center_or_high_availability,full_spot_exposure,OROYA NUEVA 50,36,25.94,33.59,37.02,0,0,0,1.0,30000,Ventanas críticas,0.0,25.62,Variable
data_center_or_high_availability,full_spot_exposure,CS COENERGY 22.9,1,25.63,25.63,25.63,0,0,0,1.0,30000,Volatilidad,0.0,21.79,Variable
data_center_or_high_availability,full_spot_exposure,CHILCA UNO 220,36,25.59,32.12,43.17,0,0,0,1.0,30000,Ventanas críticas,0.0,26.02,Variable
data_center_or_high_availability,full_spot_exposure,CONDORCOCHA 44,36,25.37,33.02,38.03,0,0,0,1.0,30000,Ventanas críticas,0.0,25.38,Variable
data_center_or_high_availability,full_spot_exposure,CHIMAY 220,36,25.26,31.44,40.2,0,0,0,1.0,30000,Ventanas críticas,0.0,25.26,Variable
data_center_or_high_availability,full_spot_exposure,CHAGLLA 220,36,25.24,35.69,37.66,0,0,0,1.0,30000,Ventanas críticas,0.0,25.93,Variable
data_center_or_high_availability,full_spot_exposure,CONDORCOCHA 138,36,25.03,32.44,37.92,0,0,0,1.0,30000,Ventanas críticas,0.0,25.06,Variable
data_center_or_high_availability,full_spot_exposure,LAS FLORES 220,36,24.81,30.92,42.85,0,0,0,1.0,30000,Ventanas críticas,0.0,25.32,Variable
data_center_or_high_availability,full_spot_exposure,CARIPA 138,36,24.71,31.98,37.22,0,0,0,1.0,30000,Ventanas críticas,0.0,24.7,Variable
data_center_or_high_availability,full_spot_exposure,HUAYUCACHI 220,36,24.67,29.08,33.72,0,0,0,1.0,30000,Ventanas críticas,0.0,23.43,Variable
data_center_or_high_availability,full_spot_exposure,CHILCA DOS 13.8,36,24.64,31.47,41.65,0,0,0,1.0,30000,Ventanas críticas,0.0,25.2,Variable
data_center_or_high_availability,full_spot_exposure,HUANCAVELICA 220,36,24.57,30.55,33.9,0,0,0,1.0,30000,Ventanas críticas,0.0,23.78,Variable
data_center_or_high_availability,full_spot_exposure,CH OROYA 50,36,24.35,30.73,35.85,0,0,0,1.0,30000,Ventanas críticas,0.0,24.02,Variable
data_center_or_high_availability,full_spot_exposure,CALLAHUANCA 60,36,24.14,30.43,38.44,0,0,0,1.0,30000,Ventanas críticas,0.0,24.24,Variable
data_center_or_high_availability,full_spot_exposure,CHILCA REP 220,36,23.89,30.03,41.8,0,0,0,1.0,30000,Ventanas críticas,0.0,24.53,Variable
data_center_or_high_availability,full_spot_exposure,YAUPI 138,36,23.71,31.76,38.38,0,0,0,1.0,30000,Ventanas críticas,0.0,24.36,Variable
data_center_or_high_availability,full_spot_exposure,CERRO DEL AGUILA 220,36,23.7,28.85,37.0,0,0,0,1.0,30000,Ventanas críticas,0.0,23.43,Variable
data_center_or_high_availability,full_spot_exposure,LA VIRGEN 138,36,23.03,30.06,35.94,0,0,0,1.0,30000,Ventanas críticas,0.0,23.27,Variable
data_center_or_high_availability,full_spot_exposure,YAUPI13.8,36,22.9,30.52,37.7,0,0,0,1.0,30000,Ventanas críticas,0.0,23.59,Variable
data_center_or_high_availability,full_spot_exposure,YARUCAYA 13.8,36,22.2,27.31,39.19,0,0,0,1.0,30000,Ventanas críticas,0.0,22.69,Variable
data_center_or_high_availability,full_spot_exposure,CAMPO ARMIÑO 220,36,21.51,25.6,27.65,0,0,0,1.0,30000,Ventanas críticas,0.0,20.23,Variable
data_center_or_high_availability,full_spot_exposure,MALPASO 50,36,21.49,26.66,31.91,0,0,0,1.0,30000,Ventanas críticas,0.0,21.12,Variable
data_center_or_high_availability,full_spot_exposure,RESTITUCIÓN 220,36,21.03,25.09,26.98,0,0,0,1.0,30000,Ventanas críticas,0.0,19.78,Variable
data_center_or_high_availability,full_spot_exposure,PLATANAL 220,36,19.85,24.15,26.19,0,0,0,1.0,30000,Ventanas críticas,0.0,18.9,Variable
data_center_or_high_availability,full_spot_exposure,CORACORA 60,4,15.6,24.31,28.74,0,0,4,1.0,30000,Prima de estrés,0.0,17.41,Variable
data_center_or_high_availability,full_spot_exposure,NAZCA 22.9,4,15.19,23.85,28.35,0,0,4,1.0,30000,Prima de estrés,0.0,17.05,Variable
data_center_or_high_availability,full_spot_exposure,LLIPATA 60,4,14.65,23.4,28.22,0,0,4,1.0,30000,Prima de estrés,0.0,16.67,Variable
data_center_or_high_availability,full_spot_exposure,ALTO LA LUNA 10,14,13.19,20.7,24.58,0,0,11,1.0,30000,Prima de estrés,0.0,14.8,Variable
data_center_or_high_availability,full_spot_exposure,ALTO LA LUNA 60,14,12.89,20.16,24.07,0,0,11,1.0,30000,Prima de estrés,0.0,14.45,Variable
data_center_or_high_availability,full_spot_exposure,PISCO 10,14,12.67,19.79,23.52,0,0,11,1.0,30000,Prima de estrés,0.0,14.18,Variable
data_center_or_high_availability,full_spot_exposure,VILLACURI 22.9,14,12.6,20.01,24.34,0,0,11,1.0,30000,Prima de estrés,0.0,14.32,Variable
data_center_or_high_availability,full_spot_exposure,PARACAS 22,14,12.53,19.65,27.26,0,0,11,1.0,30000,Prima de estrés,0.0,14.64,Variable
data_center_or_high_availability,full_spot_exposure,PARACAS 10,14,12.45,19.2,27.44,0,0,11,1.0,30000,Prima de estrés,0.0,14.52,Variable
data_center_or_high_availability,full_spot_exposure,TAMBO DE MORA 10,5,11.98,18.41,24.25,0,0,4,1.0,30000,Prima de estrés,0.0,13.63,Variable
data_center_or_high_availability,full_spot_exposure,VILLACURI 60,14,11.81,18.55,23.23,0,0,11,1.0,30000,Prima de estrés,0.0,13.43,Variable
data_center_or_high_availability,full_spot_exposure,PEDREGAL 10,5,11.49,17.89,23.68,0,0,4,1.0,30000,Prima de estrés,0.0,13.19,Variable
data_center_or_high_availability,full_spot_exposure,PUEBLO NUEVO 10,5,10.96,16.13,19.79,0,0,4,1.0,30000,Prima de estrés,0.0,11.94,Variable
data_center_or_high_availability,full_spot_exposure,INDEPENDENCIA 10,14,10.9,16.9,24.76,0,0,11,1.0,30000,Prima de estrés,0.0,12.84,Variable
data_center_or_high_availability,full_spot_exposure,CHALA 60,1,8.82,8.82,8.82,0,0,1,1.0,30000,Prima de estrés,0.0,7.5,Variable
data_center_or_high_availability,full_spot_exposure,BELLA UNION 60,1,8.38,8.38,8.38,0,0,1,1.0,30000,Prima de estrés,0.0,7.12,Variable
data_center_or_high_availability,full_spot_exposure,JAHUAY 60,1,7.86,7.86,7.86,0,0,1,1.0,30000,Prima de estrés,0.0,6.68,Variable
data_center_or_high_availability,full_spot_exposure,FUNSUR 60,1,7.76,7.76,7.76,0,0,1,1.0,30000,Prima de estrés,0.0,6.6,Variable
data_center_or_high_availability,full_spot_exposure,MINA 60,1,7.19,7.19,7.19,0,0,1,1.0,30000,Prima de estrés,0.0,6.11,Variable
data_center_or_high_availability,full_spot_exposure,HUARANGO 60,1,6.68,6.68,6.68,0,0,1,1.0,30000,Prima de estrés,0.0,5.68,Variable
data_center_or_high_availability,full_spot_exposure,LOMAS 60,1,6.68,6.68,6.68,0,0,1,1.0,30000,Prima de estrés,0.0,5.68,Variable
data_center_or_high_availability,hedged_10pct_spot,PLANTAETANOL 60,36,56.06,65.23,70.73,0,4,0,0.1,30000,Nivel de precio,0.111,53.81,Estable
data_center_or_high_availability,hedged_10pct_spot,HUAYLLACHO 15,36,55.61,65.56,68.83,0,6,0,0.1,30000,Nivel de precio,0.167,54.24,Estable
data_center_or_high_availability,hedged_10pct_spot,ZORRITOS 220,36,55.55,65.53,70.9,0,5,0,0.1,30000,Nivel de precio,0.139,54.1,Estable
data_center_or_high_availability,hedged_10pct_spot,SAN IGNACIO 15,36,55.38,65.26,68.52,0,5,0,0.1,30000,Nivel de precio,0.139,53.6,Estable
data_center_or_high_availability,hedged_10pct_spot,NCTUMBES60,36,55.36,65.69,70.38,0,5,0,0.1,30000,Nivel de precio,0.139,53.98,Estable
data_center_or_high_availability,hedged_10pct_spot,SAN ANTONIO 15,36,55.36,65.26,68.52,0,5,0,0.1,30000,Nivel de precio,0.139,53.59,Estable
data_center_or_high_availability,hedged_10pct_spot,GE1 33,36,54.51,64.01,70.84,0,2,0,0.1,30000,Nivel de precio,0.056,51.99,Estable
data_center_or_high_availability,hedged_10pct_spot,MISAPUQUIO 33,36,54.34,64.42,68.04,0,2,0,0.1,30000,Nivel de precio,0.056,51.6,Estable
data_center_or_high_availability,hedged_10pct_spot,TINTAYA EXISTENTE 138,36,54.18,64.34,67.83,0,3,0,0.1,30000,Nivel de precio,0.083,51.89,Estable
data_center_or_high_availability,hedged_10pct_spot,PIURA OESTE 220,36,54.05,63.62,70.0,0,1,0,0.1,30000,Nivel de precio,0.028,51.15,Estable
data_center_or_high_availability,hedged_10pct_spot,TALARA 220,36,54.05,63.26,70.32,0,1,0,0.1,30000,Nivel de precio,0.028,51.1,Estable
data_center_or_high_availability,hedged_10pct_spot,TINTAYA NUEVA 220,36,53.86,64.09,67.39,0,2,0,0.1,30000,Nivel de precio,0.056,51.2,Estable
data_center_or_high_availability,hedged_10pct_spot,TALARA13.2,36,53.8,63.48,70.56,0,2,0,0.1,30000,Nivel de precio,0.056,51.5,Estable
data_center_or_high_availability,hedged_10pct_spot,GALLITO CIEGO 60,36,53.4,62.97,65.3,0,1,0,0.1,30000,Nivel de precio,0.028,49.98,Estable
data_center_or_high_availability,hedged_10pct_spot,BELAUNDE 138,36,53.27,62.47,65.61,0,1,0,0.1,30000,Nivel de precio,0.028,49.85,Estable
data_center_or_high_availability,hedged_10pct_spot,VALLE DEL CHIRA 220,14,51.76,61.54,68.65,0,1,0,0.1,30000,Nivel de precio,0.071,50.05,Estable
data_center_or_high_availability,hedged_10pct_spot,PARIAC 66,36,50.63,60.32,64.22,0,0,0,0.1,30000,Nivel de precio,0.0,47.5,Estable
data_center_or_high_availability,hedged_10pct_spot,JULIACA10,36,49.27,59.16,62.6,0,0,0,0.1,30000,Nivel de precio,0.0,46.35,Estable
data_center_or_high_availability,hedged_10pct_spot,JAEN 138,24,48.38,59.11,62.47,0,0,0,0.1,30000,Nivel de precio,0.0,45.92,Estable
data_center_or_high_availability,hedged_10pct_spot,TOCACHE 138,36,45.87,54.97,60.18,0,0,0,0.1,30000,Nivel de precio,0.0,43.41,Estable
data_center_or_high_availability,hedged_10pct_spot,JULIACA 138,36,44.72,54.74,58.04,0,0,0,0.1,30000,Nivel de precio,0.0,42.51,Estable
data_center_or_high_availability,hedged_10pct_spot,GUADALUPE 60,36,44.26,52.67,54.99,0,0,0,0.1,30000,Nivel de precio,0.0,41.33,Estable
data_center_or_high_availability,hedged_10pct_spot,CALLALLI 138,36,44.19,54.34,58.59,0,0,0,0.1,30000,Nivel de precio,0.0,42.26,Estable
data_center_or_high_availability,hedged_10pct_spot,PLANTA CASA GRANDE 13.8,1,44.05,44.05,44.05,0,0,0,0.1,30000,Nivel de precio,0.0,37.45,Sensible
data_center_or_high_availability,hedged_10pct_spot,LA BREA 220,21,43.93,54.51,62.52,0,0,0,0.1,30000,Nivel de precio,0.0,42.77,Estable
data_center_or_high_availability,hedged_10pct_spot,ILO1 138,36,42.69,51.35,55.43,0,0,0,0.1,30000,Nivel de precio,0.0,40.36,Estable
data_center_or_high_availability,hedged_10pct_spot,AYAVIRI 138,36,42.46,53.21,56.55,0,0,0,0.1,30000,Nivel de precio,0.0,40.89,Estable
data_center_or_high_availability,hedged_10pct_spot,TOQUEPALA 138,36,42.41,51.33,55.39,0,0,0,0.1,30000,Nivel de precio,0.0,40.23,Estable
data_center_or_high_availability,hedged_10pct_spot,PUNO 138,36,42.36,52.23,55.87,0,0,0,0.1,30000,Nivel de precio,0.0,40.5,Estable
data_center_or_high_availability,hedged_10pct_spot,ILO ELP 138,36,42.12,50.92,54.91,0,0,0,0.1,30000,Nivel de precio,0.0,39.92,Estable
data_center_or_high_availability,hedged_10pct_spot,CHICLAYO 220,36,42.06,51.29,53.06,0,0,0,0.1,30000,Nivel de precio,0.0,39.71,Estable
data_center_or_high_availability,hedged_10pct_spot,PUNO 220,36,41.92,51.89,55.43,0,0,0,0.1,30000,Nivel de precio,0.0,40.15,Estable
data_center_or_high_availability,hedged_10pct_spot,PUERTO MALDONADO 10,36,41.75,54.7,58.51,0,0,0,0.1,30000,Nivel de precio,0.0,41.24,Estable
data_center_or_high_availability,hedged_10pct_spot,ARICOTA2 138,36,41.7,50.41,54.64,0,0,0,0.1,30000,Nivel de precio,0.0,39.56,Estable
data_center_or_high_availability,hedged_10pct_spot,CT ETEN 220,36,41.65,50.91,52.92,0,0,0,0.1,30000,Nivel de precio,0.0,39.41,Estable
data_center_or_high_availability,hedged_10pct_spot,RECKA 220,36,41.63,50.91,52.65,0,0,0,0.1,30000,Nivel de precio,0.0,39.36,Estable
data_center_or_high_availability,hedged_10pct_spot,ETEN 18,36,41.59,50.7,52.75,0,0,0,0.1,30000,Nivel de precio,0.0,39.3,Estable
data_center_or_high_availability,hedged_10pct_spot,RECKA 18,36,41.57,50.91,52.53,0,0,0,0.1,30000,Nivel de precio,0.0,39.31,Estable
data_center_or_high_availability,hedged_10pct_spot,BOTIFLACA 138,36,41.49,50.25,54.56,0,0,0,0.1,30000,Nivel de precio,0.0,39.42,Estable
data_center_or_high_availability,hedged_10pct_spot,MOLLENDO 138,36,41.34,51.53,55.69,0,0,0,0.1,30000,Nivel de precio,0.0,39.84,Estable
data_center_or_high_availability,hedged_10pct_spot,CHILINA 33,36,41.33,51.48,54.36,0,0,0,0.1,30000,Nivel de precio,0.0,39.62,Estable
data_center_or_high_availability,hedged_10pct_spot,PUERTO MALDONADO 138,36,41.32,53.74,58.57,0,0,0,0.1,30000,Nivel de precio,0.0,40.82,Estable
data_center_or_high_availability,hedged_10pct_spot,LA NIÑA 220,36,41.31,50.18,52.89,0,0,0,0.1,30000,Nivel de precio,0.0,39.07,Estable
data_center_or_high_availability,hedged_10pct_spot,ARICOTA 66,36,41.26,49.76,54.19,0,0,0,0.1,30000,Nivel de precio,0.0,39.14,Estable
data_center_or_high_availability,hedged_10pct_spot,CACLIC 220,36,41.25,50.71,52.89,0,0,0,0.1,30000,Nivel de precio,0.0,39.18,Estable
data_center_or_high_availability,hedged_10pct_spot,AZANGARO 138,36,41.16,51.97,55.71,0,0,0,0.1,30000,Nivel de precio,0.0,39.87,Estable
data_center_or_high_availability,hedged_10pct_spot,PUCALLPA 60,36,40.86,50.04,55.99,0,0,0,0.1,30000,Nivel de precio,0.0,39.29,Estable
data_center_or_high_availability,hedged_10pct_spot,CT PLANTA PUCALLPA 60,36,40.81,49.99,55.87,0,0,0,0.1,30000,Nivel de precio,0.0,39.24,Estable
data_center_or_high_availability,hedged_10pct_spot,ARICOTA1 66,36,40.7,49.26,53.19,0,0,0,0.1,30000,Nivel de precio,0.0,38.61,Variable
data_center_or_high_availability,hedged_10pct_spot,LOS HEROES 66,36,40.66,48.78,53.22,0,0,0,0.1,30000,Nivel de precio,0.0,38.48,Variable
data_center_or_high_availability,hedged_10pct_spot,CHILINA 138,36,40.61,49.73,54.32,0,0,0,0.1,30000,Nivel de precio,0.0,38.86,Variable
data_center_or_high_availability,hedged_10pct_spot,GUADALUPE 220,36,40.57,49.14,52.18,0,0,0,0.1,30000,Nivel de precio,0.0,38.37,Estable
data_center_or_high_availability,hedged_10pct_spot,COMBAPATA 138,36,40.52,50.95,53.41,0,0,0,0.1,30000,Nivel de precio,0.0,38.98,Estable
data_center_or_high_availability,hedged_10pct_spot,CUTERVO 138,36,40.41,49.89,52.11,0,0,0,0.1,30000,Nivel de precio,0.0,38.47,Estable
data_center_or_high_availability,hedged_10pct_spot,REPARTICIÓN 138,36,40.4,50.38,54.57,0,0,0,0.1,30000,Nivel de precio,0.0,38.96,Estable
data_center_or_high_availability,hedged_10pct_spot,PUCALLPA 138,36,40.34,49.12,55.3,0,0,0,0.1,30000,Nivel de precio,0.0,38.73,Estable
data_center_or_high_availability,hedged_10pct_spot,LOS HEROES 220,36,40.11,47.54,52.41,0,0,0,0.1,30000,Nivel de precio,0.0,37.8,Variable
data_center_or_high_availability,hedged_10pct_spot,CERRO VERDE 138,36,39.8,48.45,52.61,0,0,0,0.1,30000,Nivel de precio,0.0,37.91,Variable
data_center_or_high_availability,hedged_10pct_spot,AGROLMOS 60,6,39.58,48.81,51.19,0,0,0,0.1,30000,Nivel de precio,0.0,37.69,Variable
data_center_or_high_availability,hedged_10pct_spot,MOQUEGUA 138,36,39.34,47.06,51.56,0,0,0,0.1,30000,Nivel de precio,0.0,37.2,Variable
data_center_or_high_availability,hedged_10pct_spot,PLANTA SAN JACINTO 13.8,36,39.22,48.07,51.05,0,0,0,0.1,30000,Nivel de precio,0.0,37.32,Variable
data_center_or_high_availability,hedged_10pct_spot,SANTUARIO 138,36,39.13,48.35,52.86,0,0,0,0.1,30000,Nivel de precio,0.0,37.62,Variable
data_center_or_high_availability,hedged_10pct_spot,CAJAMARCA 220,36,39.09,48.46,50.77,0,0,0,0.1,30000,Nivel de precio,0.0,37.32,Variable
data_center_or_high_availability,hedged_10pct_spot,MOQUEGUA 220,36,38.98,47.05,51.0,0,0,0,0.1,30000,Nivel de precio,0.0,36.95,Variable
data_center_or_high_availability,hedged_10pct_spot,SOCABAYA 138,36,38.82,47.9,51.97,0,0,0,0.1,30000,Nivel de precio,0.0,37.24,Variable
data_center_or_high_availability,hedged_10pct_spot,ILO2 220,36,38.68,46.82,50.73,0,0,0,0.1,30000,Nivel de precio,0.0,36.72,Variable
data_center_or_high_availability,hedged_10pct_spot,TRUJILLO 220,36,38.64,47.72,51.19,0,0,0,0.1,30000,Nivel de precio,0.0,37.0,Variable
data_center_or_high_availability,hedged_10pct_spot,CHARCANI VI 33,36,38.51,46.24,49.44,0,0,0,0.1,30000,Nivel de precio,0.0,36.3,Variable
data_center_or_high_availability,hedged_10pct_spot,SOCABAYA 220,36,38.44,47.28,51.18,0,0,0,0.1,30000,Nivel de precio,0.0,36.79,Variable
data_center_or_high_availability,hedged_10pct_spot,CARHUAQUERO 220,36,38.33,48.89,50.55,0,0,0,0.1,30000,Nivel de precio,0.0,37.05,Variable
data_center_or_high_availability,hedged_10pct_spot,MONTALVO 220,36,38.04,45.83,50.5,0,0,0,0.1,30000,Nivel de precio,0.0,36.15,Variable
data_center_or_high_availability,hedged_10pct_spot,HUALLIN60,21,37.88,49.61,53.37,0,0,0,0.1,30000,Nivel de precio,0.0,37.45,Sensible
data_center_or_high_availability,hedged_10pct_spot,AUCAYACU 138,36,37.64,47.96,53.95,0,0,0,0.1,30000,Nivel de precio,0.0,37.02,Variable
data_center_or_high_availability,hedged_10pct_spot,S.E. ILO4 500,36,37.37,45.46,49.29,0,0,0,0.1,30000,Nivel de precio,0.0,35.57,Variable
data_center_or_high_availability,hedged_10pct_spot,BIOENERGIA 13.8,36,37.31,48.32,59.59,0,0,0,0.1,30000,Nivel de precio,0.0,37.81,Variable
data_center_or_high_availability,hedged_10pct_spot,RUBI 220,33,36.97,45.23,50.26,0,0,0,0.1,30000,Volatilidad,0.0,35.48,Variable
data_center_or_high_availability,hedged_10pct_spot,CHIMBOTE1 138,36,36.94,46.86,50.57,0,0,0,0.1,30000,Nivel de precio,0.0,35.92,Variable
data_center_or_high_availability,hedged_10pct_spot,CHAPARRAL 138,18,36.91,44.83,47.09,0,0,0,0.1,30000,Volatilidad,0.0,34.88,Variable
data_center_or_high_availability,hedged_10pct_spot,DUNA HUAMBOS 34.5,31,36.87,48.63,51.53,0,0,0,0.1,30000,Nivel de precio,0.0,36.48,Variable
data_center_or_high_availability,hedged_10pct_spot,SAN JOSE 500,36,36.77,44.59,48.72,0,0,0,0.1,30000,Nivel de precio,0.0,35.0,Variable
data_center_or_high_availability,hedged_10pct_spot,PUERTO BRAVO 500,36,36.64,44.58,48.29,0,0,0,0.1,30000,Nivel de precio,0.0,34.88,Variable
data_center_or_high_availability,hedged_10pct_spot,PUERTO BRAVO 18,36,36.54,44.54,48.19,0,0,0,0.1,30000,Nivel de precio,0.0,34.81,Variable
data_center_or_high_availability,hedged_10pct_spot,LA RAMADA 220,36,36.52,46.91,49.68,0,0,0,0.1,30000,Nivel de precio,0.0,35.61,Variable
data_center_or_high_availability,hedged_10pct_spot,CHIMBOTE1 220,36,36.34,46.59,50.82,0,0,0,0.1,30000,Nivel de precio,0.0,35.62,Variable
data_center_or_high_availability,hedged_10pct_spot,QUENCORO 138,36,35.97,46.96,50.8,0,0,0,0.1,30000,Nivel de precio,0.0,35.55,Variable
data_center_or_high_availability,hedged_10pct_spot,CARHUAQUERO 10_S,24,35.96,47.73,50.94,0,0,0,0.1,30000,Nivel de precio,0.0,35.75,Variable
data_center_or_high_availability,hedged_10pct_spot,CHARCANI I 33,36,35.86,45.0,48.2,0,0,0,0.1,30000,Nivel de precio,0.0,34.62,Variable
data_center_or_high_availability,hedged_10pct_spot,DOLORESPATA 138,36,35.75,46.68,50.66,0,0,0,0.1,30000,Nivel de precio,0.0,35.35,Variable
data_center_or_high_availability,hedged_10pct_spot,QUITARACSA 220,36,35.05,45.89,49.03,0,0,0,0.1,30000,Nivel de precio,0.0,34.6,Variable
data_center_or_high_availability,hedged_10pct_spot,MAZUCO138,36,35.03,50.07,56.38,0,0,0,0.1,30000,Volatilidad,0.0,36.74,Variable
data_center_or_high_availability,hedged_10pct_spot,CACHIMAYO 138,36,34.64,45.52,50.16,0,0,0,0.1,30000,Nivel de precio,0.0,34.49,Variable
data_center_or_high_availability,hedged_10pct_spot,SAN NICOLAS 13.8,36,34.33,42.12,54.41,0,0,0,0.1,30000,Prima de estrés,0.0,34.14,Variable
data_center_or_high_availability,hedged_10pct_spot,ZAÑA 60,36,34.27,44.82,53.71,0,0,0,0.1,30000,Nivel de precio,0.0,34.68,Variable
data_center_or_high_availability,hedged_10pct_spot,AGUAYTIA 138,36,33.94,46.73,49.93,0,0,0,0.1,30000,Nivel de precio,0.0,34.44,Variable
data_center_or_high_availability,hedged_10pct_spot,TINGO MARIA 138,36,33.84,45.73,48.36,0,0,0,0.1,30000,Nivel de precio,0.0,33.91,Variable
data_center_or_high_availability,hedged_10pct_spot,AGUAYTIA 22.9,36,33.58,46.59,49.11,0,0,0,0.1,30000,Nivel de precio,0.0,34.13,Variable
data_center_or_high_availability,hedged_10pct_spot,SAN MARTIN 220,9,33.43,38.13,40.19,0,0,0,0.1,30000,Volatilidad,0.0,30.61,Variable
data_center_or_high_availability,hedged_10pct_spot,PURMACANA 20,36,33.39,44.59,50.04,0,0,0,0.1,30000,Nivel de precio,0.0,33.68,Variable
data_center_or_high_availability,hedged_10pct_spot,AGUAYTIA 220,36,33.32,46.43,48.76,0,0,0,0.1,30000,Nivel de precio,0.0,33.92,Variable
data_center_or_high_availability,hedged_10pct_spot,PAQUILLUSI 220,9,32.98,40.7,46.8,0,0,0,0.1,30000,Volatilidad,0.0,32.04,Variable
data_center_or_high_availability,hedged_10pct_spot,CHARCANI IV 33,36,32.74,43.83,47.1,0,0,0,0.1,30000,Ventanas críticas,0.0,32.76,Variable
data_center_or_high_availability,hedged_10pct_spot,HUALLANCA 138,36,32.68,44.82,48.25,0,0,0,0.1,30000,Nivel de precio,0.0,33.15,Variable
data_center_or_high_availability,hedged_10pct_spot,COTARUSE 220,36,32.38,42.19,48.89,0,0,0,0.1,30000,Ventanas críticas,0.0,32.45,Variable
data_center_or_high_availability,hedged_10pct_spot,HUANUCO 138,36,32.03,42.7,47.16,0,0,0,0.1,30000,Nivel de precio,0.0,32.16,Variable
data_center_or_high_availability,hedged_10pct_spot,PIEDRA BLANCA 34.5,36,31.26,42.22,47.27,0,0,0,0.1,30000,Nivel de precio,0.0,31.71,Variable
data_center_or_high_availability,hedged_10pct_spot,SUNNY 220,4,31.22,36.42,36.97,0,0,0,0.1,30000,Volatilidad,0.0,28.7,Variable
data_center_or_high_availability,hedged_10pct_spot,TUPURI 22.9,36,31.2,47.17,53.83,0,0,0,0.1,30000,Ventanas críticas,0.0,33.91,Variable
data_center_or_high_availability,hedged_10pct_spot,SAN GABAN 138,36,31.17,46.63,52.87,0,0,0,0.1,30000,Ventanas críticas,0.0,33.61,Variable
data_center_or_high_availability,hedged_10pct_spot,PARAMONGA NUEVA 220,36,30.7,39.26,49.25,0,0,0,0.1,30000,Ventanas críticas,0.0,31.02,Variable
data_center_or_high_availability,hedged_10pct_spot,VIZCARRA 220,36,30.58,41.7,48.9,0,0,0,0.1,30000,Ventanas críticas,0.0,31.52,Variable
data_center_or_high_availability,hedged_10pct_spot,PARAMONGA NUEVA 138,36,30.49,39.02,49.55,0,0,0,0.1,30000,Ventanas críticas,0.0,30.91,Variable
data_center_or_high_availability,hedged_10pct_spot,PARAMONGA EXISTENTE 138,36,30.38,39.21,49.58,0,0,0,0.1,30000,Ventanas críticas,0.0,30.91,Variable
data_center_or_high_availability,hedged_10pct_spot,OQUENDO 60,36,30.27,38.17,48.14,0,0,0,0.1,30000,Ventanas críticas,0.0,30.39,Variable
data_center_or_high_availability,hedged_10pct_spot,MEDIO MUNDO 220,36,30.06,38.3,49.75,0,0,0,0.1,30000,Ventanas críticas,0.0,30.57,Variable
data_center_or_high_availability,hedged_10pct_spot,PACHACHACA50,36,29.67,38.98,42.89,0,0,0,0.1,30000,Ventanas críticas,0.0,29.53,Variable
data_center_or_high_availability,hedged_10pct_spot,SANTIAGO DE CAO 138,1,29.36,29.36,29.36,0,0,0,0.1,30000,Prima de estrés,0.0,24.95,Sensible
data_center_or_high_availability,hedged_10pct_spot,MARCONA 220,36,29.02,36.44,44.21,0,0,0,0.1,30000,Ventanas críticas,0.0,28.8,Variable
data_center_or_high_availability,hedged_10pct_spot,POROMA 220,36,28.94,35.85,43.51,0,0,0,0.1,30000,Ventanas críticas,0.0,28.51,Variable
data_center_or_high_availability,hedged_10pct_spot,LOMERA 220,36,28.42,35.42,45.24,0,0,0,0.1,30000,Ventanas críticas,0.0,28.43,Variable
data_center_or_high_availability,hedged_10pct_spot,HUACHO 220,36,28.3,36.89,43.4,0,0,0,0.1,30000,Ventanas críticas,0.0,28.47,Variable
data_center_or_high_availability,hedged_10pct_spot,SANTA TERESA 220,36,27.66,39.15,46.95,0,0,0,0.1,30000,Ventanas críticas,0.0,29.28,Variable
data_center_or_high_availability,hedged_10pct_spot,CHAVARRIA 220,36,27.51,33.12,47.19,0,0,0,0.1,30000,Ventanas críticas,0.0,27.74,Variable
data_center_or_high_availability,hedged_10pct_spot,ZAPALLAL 220,36,27.48,33.1,46.65,0,0,0,0.1,30000,Ventanas críticas,0.0,27.64,Variable
data_center_or_high_availability,hedged_10pct_spot,MARCONA 60,27,27.37,33.61,37.78,0,0,2,0.1,30000,Ventanas críticas,0.0,26.39,Variable
data_center_or_high_availability,hedged_10pct_spot,VENTANILLA 220,36,27.16,32.75,46.74,0,0,0,0.1,30000,Ventanas críticas,0.0,27.42,Variable
data_center_or_high_availability,hedged_10pct_spot,CARABAYLLO 220,36,27.13,32.83,46.42,0,0,0,0.1,30000,Ventanas críticas,0.0,27.38,Variable
data_center_or_high_availability,hedged_10pct_spot,ICA 220,36,26.92,34.46,44.67,0,0,0,0.1,30000,Ventanas críticas,0.0,27.43,Variable
data_center_or_high_availability,hedged_10pct_spot,INDEPENDENCIA 60,36,26.68,32.4,44.96,0,0,0,0.1,30000,Ventanas críticas,0.0,26.85,Variable
data_center_or_high_availability,hedged_10pct_spot,CT PISCO 60,36,26.68,32.4,44.96,0,0,0,0.1,30000,Ventanas críticas,0.0,26.85,Variable
data_center_or_high_availability,hedged_10pct_spot,FLAMENCO 220,26,26.58,32.66,37.08,0,0,0,0.1,30000,Ventanas críticas,0.0,25.69,Variable
data_center_or_high_availability,hedged_10pct_spot,INDUSTRIALES 220,36,26.46,32.42,43.45,0,0,0,0.1,30000,Ventanas críticas,0.0,26.53,Variable
data_center_or_high_availability,hedged_10pct_spot,CAJAMARQUILLA 220,36,26.35,31.78,45.76,0,0,0,0.1,30000,Ventanas críticas,0.0,26.67,Variable
data_center_or_high_availability,hedged_10pct_spot,NAZCA NUEVA 220,23,26.23,29.31,35.74,0,0,0,0.1,30000,Ventanas críticas,0.0,24.49,Variable
data_center_or_high_availability,hedged_10pct_spot,ERSUR 220,26,26.2,31.51,36.38,0,0,0,0.1,30000,Ventanas críticas,0.0,25.12,Variable
data_center_or_high_availability,hedged_10pct_spot,CT INDEPENDENCIA 60,36,26.18,31.78,44.48,0,0,0,0.1,30000,Ventanas críticas,0.0,26.4,Variable
data_center_or_high_availability,hedged_10pct_spot,CHEVES 220,36,25.97,34.49,42.63,0,0,0,0.1,30000,Ventanas críticas,0.0,26.7,Variable
data_center_or_high_availability,hedged_10pct_spot,PLANICIE 220,36,25.96,31.68,33.93,0,0,0,0.1,30000,Ventanas críticas,0.0,24.69,Variable
data_center_or_high_availability,hedged_10pct_spot,MARAÑON 60,36,25.75,36.48,48.27,0,0,0,0.1,30000,Ventanas críticas,0.0,27.95,Variable
data_center_or_high_availability,hedged_10pct_spot,SANTA ROSA 220,36,25.69,32.06,47.14,0,0,0,0.1,30000,Ventanas críticas,0.0,26.65,Variable
data_center_or_high_availability,hedged_10pct_spot,INDEPENDENCIA 220,36,25.69,31.4,44.71,0,0,0,0.1,30000,Ventanas críticas,0.0,26.12,Variable
data_center_or_high_availability,hedged_10pct_spot,MACHUPICCHU 138,36,25.61,38.14,45.1,0,0,0,0.1,30000,Ventanas críticas,0.0,27.83,Variable
data_center_or_high_availability,hedged_10pct_spot,CARAPONGO 220,36,25.58,31.25,45.29,0,0,0,0.1,30000,Ventanas críticas,0.0,26.12,Variable
data_center_or_high_availability,hedged_10pct_spot,HUANCHOR 50,36,25.54,41.51,50.79,0,0,0,0.1,30000,Ventanas críticas,0.0,29.49,Variable
data_center_or_high_availability,hedged_10pct_spot,PARAGSHA2 138,36,25.4,34.29,42.61,0,0,0,0.1,30000,Ventanas críticas,0.0,26.39,Variable
data_center_or_high_availability,hedged_10pct_spot,CHINCHA NUEVA 220,23,25.39,33.73,43.33,0,0,0,0.1,30000,Ventanas críticas,0.0,26.36,Variable
data_center_or_high_availability,hedged_10pct_spot,CHEVES 13.8,36,25.22,34.01,42.41,0,0,0,0.1,30000,Ventanas críticas,0.0,26.21,Variable
data_center_or_high_availability,hedged_10pct_spot,CAHUA138,36,24.79,33.83,49.42,0,0,0,0.1,30000,Ventanas críticas,0.0,27.03,Variable
data_center_or_high_availability,hedged_10pct_spot,PUNTA LOMITAS II,36,24.09,28.86,33.26,0,0,0,0.1,30000,Ventanas críticas,0.0,23.04,Variable
data_center_or_high_availability,hedged_10pct_spot,PUNTA LOMITAS I,36,24.05,29.13,32.04,0,0,0,0.1,30000,Ventanas críticas,0.0,22.91,Variable
data_center_or_high_availability,hedged_10pct_spot,DESIERTO 220,35,24.01,29.69,42.29,0,0,0,0.1,30000,Ventanas críticas,0.0,24.57,Variable
data_center_or_high_availability,hedged_10pct_spot,CANTERA 220,36,23.83,29.5,42.95,0,0,0,0.1,30000,Ventanas críticas,0.0,24.54,Variable
data_center_or_high_availability,hedged_10pct_spot,PARAGSHA2 220,36,23.72,33.03,41.7,0,0,0,0.1,30000,Ventanas críticas,0.0,25.19,Variable
data_center_or_high_availability,hedged_10pct_spot,CALLAHUANCA EDEGEL 220,36,23.66,27.81,35.88,0,0,0,0.1,30000,Ventanas críticas,0.0,22.98,Variable
data_center_or_high_availability,hedged_10pct_spot,HUINCO 220,36,23.58,29.64,44.46,0,0,0,0.1,30000,Ventanas críticas,0.0,24.69,Variable
data_center_or_high_availability,hedged_10pct_spot,HUANZA 220,36,23.23,29.64,42.67,0,0,0,0.1,30000,Ventanas críticas,0.0,24.26,Variable
data_center_or_high_availability,hedged_10pct_spot,HUAMPANI 60,36,23.19,31.12,45.05,0,0,0,0.1,30000,Ventanas críticas,0.0,24.97,Variable
data_center_or_high_availability,hedged_10pct_spot,SAN JUAN 220,36,23.09,28.43,34.87,0,0,0,0.1,30000,Ventanas críticas,0.0,22.73,Variable
data_center_or_high_availability,hedged_10pct_spot,CHILCA500,36,22.83,26.71,32.48,0,0,0,0.1,30000,Ventanas críticas,0.0,21.82,Variable
data_center_or_high_availability,hedged_10pct_spot,POMACOCHA 220,36,22.66,28.1,30.31,0,0,0,0.1,30000,Ventanas críticas,0.0,21.77,Variable
data_center_or_high_availability,hedged_10pct_spot,OROYA NUEVA 220,36,22.55,28.92,31.44,0,0,0,0.1,30000,Ventanas críticas,0.0,22.1,Variable
data_center_or_high_availability,hedged_10pct_spot,OLLEROS 500,36,22.54,27.11,31.84,0,0,0,0.1,30000,Ventanas críticas,0.0,21.7,Variable
data_center_or_high_availability,hedged_10pct_spot,SANTA ANA 138,6,22.53,27.93,31.0,0,0,0,0.1,30000,Ventanas críticas,0.0,21.77,Variable
data_center_or_high_availability,hedged_10pct_spot,CS COENERGY 22.9,1,22.25,22.25,22.25,0,0,0,0.1,30000,Volatilidad,0.0,18.91,Variable
data_center_or_high_availability,hedged_10pct_spot,PACHACHACA 220,36,22.21,27.42,30.8,0,0,0,0.1,30000,Ventanas críticas,0.0,21.47,Variable
data_center_or_high_availability,hedged_10pct_spot,CARHUAMAYO 138,36,22.2,30.87,34.51,0,0,0,0.1,30000,Ventanas críticas,0.0,22.88,Variable
data_center_or_high_availability,hedged_10pct_spot,FENIX 500,36,22.2,25.86,32.65,0,0,0,0.1,30000,Ventanas críticas,0.0,21.35,Variable
data_center_or_high_availability,hedged_10pct_spot,CHIRIBAMBA 220,22,22.1,27.15,34.36,0,0,0,0.1,30000,Ventanas críticas,0.0,21.89,Variable
data_center_or_high_availability,hedged_10pct_spot,ALTO PRADERAS 220,36,21.86,27.3,40.08,0,0,0,0.1,30000,Ventanas críticas,0.0,22.67,Variable
data_center_or_high_availability,hedged_10pct_spot,MATUCANA 220,36,21.85,26.0,34.6,0,0,0,0.1,30000,Ventanas críticas,0.0,21.52,Variable
data_center_or_high_availability,hedged_10pct_spot,YANANGO 220,36,21.67,26.91,32.5,0,0,0,0.1,30000,Ventanas críticas,0.0,21.35,Variable
data_center_or_high_availability,hedged_10pct_spot,ASIA 220,36,21.66,27.67,42.12,0,0,0,0.1,30000,Ventanas críticas,0.0,22.98,Variable
data_center_or_high_availability,hedged_10pct_spot,MOYOPAMPA 60,36,21.41,27.15,31.24,0,0,0,0.1,30000,Ventanas críticas,0.0,21.11,Variable
data_center_or_high_availability,hedged_10pct_spot,SANTA ISABEL 220,36,21.3,29.72,34.2,0,0,0,0.1,30000,Ventanas críticas,0.0,22.14,Variable
data_center_or_high_availability,hedged_10pct_spot,OROYA NUEVA 50,36,20.95,27.87,32.41,0,0,0,0.1,30000,Ventanas críticas,0.0,21.26,Variable
data_center_or_high_availability,hedged_10pct_spot,CHAGLLA 220,36,20.63,30.98,32.86,0,0,0,0.1,30000,Ventanas críticas,0.0,21.96,Variable
data_center_or_high_availability,hedged_10pct_spot,CONDORCOCHA 44,36,20.53,28.31,33.42,0,0,0,0.1,30000,Ventanas críticas,0.0,21.33,Variable
data_center_or_high_availability,hedged_10pct_spot,CONDORCOCHA 138,36,20.2,27.74,33.31,0,0,0,0.1,30000,Ventanas críticas,0.0,21.02,Variable
data_center_or_high_availability,hedged_10pct_spot,CARIPA 138,36,19.92,27.24,32.61,0,0,0,0.1,30000,Ventanas críticas,0.0,20.66,Variable
data_center_or_high_availability,hedged_10pct_spot,CHILCA UNO 220,36,19.73,24.79,28.68,0,0,0,0.1,30000,Ventanas críticas,0.0,19.38,Variable
data_center_or_high_availability,hedged_10pct_spot,CHIMAY 220,36,19.67,24.65,30.06,0,0,0,0.1,30000,Ventanas críticas,0.0,19.52,Variable
data_center_or_high_availability,hedged_10pct_spot,HUAYUCACHI 220,36,19.62,24.22,28.25,0,0,0,0.1,30000,Ventanas críticas,0.0,19.12,Variable
data_center_or_high_availability,hedged_10pct_spot,CH OROYA 50,36,19.45,25.23,31.25,0,0,0,0.1,30000,Ventanas críticas,0.0,19.75,Variable
data_center_or_high_availability,hedged_10pct_spot,HUANCAVELICA 220,36,19.3,23.53,29.29,0,0,0,0.1,30000,Ventanas críticas,0.0,18.96,Variable
data_center_or_high_availability,hedged_10pct_spot,YAUPI 138,36,19.14,26.97,33.77,0,0,0,0.1,30000,Ventanas críticas,0.0,20.42,Variable
data_center_or_high_availability,hedged_10pct_spot,LAS FLORES 220,36,19.11,23.68,28.55,0,0,0,0.1,30000,Ventanas críticas,0.0,18.8,Variable
data_center_or_high_availability,hedged_10pct_spot,CALLAHUANCA 60,36,18.86,24.76,33.75,0,0,0,0.1,30000,Ventanas críticas,0.0,19.74,Variable
data_center_or_high_availability,hedged_10pct_spot,CHILCA DOS 13.8,36,18.78,24.57,27.21,0,0,0,0.1,30000,Ventanas críticas,0.0,18.68,Variable
data_center_or_high_availability,hedged_10pct_spot,CERRO DEL AGUILA 220,36,18.71,24.08,27.49,0,0,0,0.1,30000,Ventanas críticas,0.0,18.56,Variable
data_center_or_high_availability,hedged_10pct_spot,YAUPI13.8,36,18.34,25.82,33.09,0,0,0,0.1,30000,Ventanas críticas,0.0,19.67,Variable
data_center_or_high_availability,hedged_10pct_spot,LA VIRGEN 138,36,18.34,25.26,31.33,0,0,0,0.1,30000,Ventanas críticas,0.0,19.27,Variable
data_center_or_high_availability,hedged_10pct_spot,CHILCA REP 220,36,18.27,23.78,27.66,0,0,0,0.1,30000,Ventanas críticas,0.0,18.31,Variable
data_center_or_high_availability,hedged_10pct_spot,YARUCAYA 13.8,36,17.49,22.51,34.58,0,0,0,0.1,30000,Ventanas críticas,0.0,18.69,Variable
data_center_or_high_availability,hedged_10pct_spot,CAMPO ARMIÑO 220,36,16.82,20.92,23.04,0,0,0,0.1,30000,Ventanas críticas,0.0,16.26,Variable
data_center_or_high_availability,hedged_10pct_spot,MALPASO 50,36,16.8,21.91,27.3,0,0,0,0.1,30000,Ventanas críticas,0.0,17.13,Variable
data_center_or_high_availability,hedged_10pct_spot,RESTITUCIÓN 220,36,16.34,20.32,22.37,0,0,0,0.1,30000,Ventanas críticas,0.0,15.79,Variable
data_center_or_high_availability,hedged_10pct_spot,CORACORA 60,4,15.6,24.31,28.74,0,0,4,0.1,30000,Prima de estrés,0.0,17.41,Variable
data_center_or_high_availability,hedged_10pct_spot,NAZCA 22.9,4,15.19,23.85,28.35,0,0,4,0.1,30000,Prima de estrés,0.0,17.05,Variable
data_center_or_high_availability,hedged_10pct_spot,PLATANAL 220,36,15.16,19.62,21.5,0,0,0,0.1,30000,Ventanas críticas,0.0,14.95,Variable
data_center_or_high_availability,hedged_10pct_spot,LLIPATA 60,4,14.65,23.4,28.22,0,0,4,0.1,30000,Prima de estrés,0.0,16.67,Variable
data_center_or_high_availability,hedged_10pct_spot,ALTO LA LUNA 10,14,12.53,18.36,20.56,0,0,11,0.1,30000,Prima de estrés,0.0,13.31,Variable
data_center_or_high_availability,hedged_10pct_spot,ALTO LA LUNA 60,14,12.22,17.87,19.99,0,0,11,0.1,30000,Prima de estrés,0.0,12.97,Variable
data_center_or_high_availability,hedged_10pct_spot,PISCO 10,14,12.01,17.33,19.69,0,0,11,0.1,30000,Prima de estrés,0.0,12.69,Variable
data_center_or_high_availability,hedged_10pct_spot,VILLACURI 22.9,14,11.93,18.0,19.83,0,0,11,0.1,30000,Prima de estrés,0.0,12.84,Variable
data_center_or_high_availability,hedged_10pct_spot,PARACAS 22,14,11.86,17.63,22.76,0,0,11,0.1,30000,Prima de estrés,0.0,13.16,Variable
data_center_or_high_availability,hedged_10pct_spot,PARACAS 10,14,11.79,17.19,22.94,0,0,11,0.1,30000,Prima de estrés,0.0,13.04,Variable
data_center_or_high_availability,hedged_10pct_spot,TAMBO DE MORA 10,5,11.4,16.67,21.36,0,0,4,0.1,30000,Prima de estrés,0.0,12.5,Variable
data_center_or_high_availability,hedged_10pct_spot,VILLACURI 60,14,11.14,16.53,18.72,0,0,11,0.1,30000,Prima de estrés,0.0,11.95,Variable
data_center_or_high_availability,hedged_10pct_spot,PEDREGAL 10,5,10.91,16.15,20.78,0,0,4,0.1,30000,Prima de estrés,0.0,12.06,Variable
data_center_or_high_availability,hedged_10pct_spot,PUEBLO NUEVO 10,5,10.39,14.41,16.91,0,0,4,0.1,30000,Prima de estrés,0.0,10.81,Variable
data_center_or_high_availability,hedged_10pct_spot,INDEPENDENCIA 10,14,10.23,13.7,21.88,0,0,11,0.1,30000,Prima de estrés,0.0,11.31,Variable
data_center_or_high_availability,hedged_10pct_spot,CHALA 60,1,8.82,8.82,8.82,0,0,1,0.1,30000,Prima de estrés,0.0,7.5,Variable
data_center_or_high_availability,hedged_10pct_spot,BELLA UNION 60,1,8.38,8.38,8.38,0,0,1,0.1,30000,Prima de estrés,0.0,7.12,Variable
data_center_or_high_availability,hedged_10pct_spot,JAHUAY 60,1,7.86,7.86,7.86,0,0,1,0.1,30000,Prima de estrés,0.0,6.68,Variable
data_center_or_high_availability,hedged_10pct_spot,FUNSUR 60,1,7.76,7.76,7.76,0,0,1,0.1,30000,Prima de estrés,0.0,6.6,Variable
data_center_or_high_availability,hedged_10pct_spot,MINA 60,1,7.19,7.19,7.19,0,0,1,0.1,30000,Prima de estrés,0.0,6.11,Variable
data_center_or_high_availability,hedged_10pct_spot,HUARANGO 60,1,6.68,6.68,6.68,0,0,1,0.1,30000,Prima de estrés,0.0,5.68,Variable
data_center_or_high_availability,hedged_10pct_spot,LOMAS 60,1,6.68,6.68,6.68,0,0,1,0.1,30000,Prima de estrés,0.0,5.68,Variable
data_center_or_high_availability,indexed_50pct_spot,PLANTAETANOL 60,36,64.03,73.92,75.68,0,18,0,0.5,30000,Nivel de precio,0.5,66.15,Estable
data_center_or_high_availability,indexed_50pct_spot,HUAYLLACHO 15,36,63.96,74.43,77.19,0,17,0,0.5,30000,Nivel de precio,0.472,66.05,Estable
data_center_or_high_availability,indexed_50pct_spot,SAN IGNACIO 15,36,63.72,73.91,76.76,0,16,0,0.5,30000,Nivel de precio,0.444,65.33,Estable
data_center_or_high_availability,indexed_50pct_spot,SAN ANTONIO 15,36,63.69,73.91,76.76,0,16,0,0.5,30000,Nivel de precio,0.444,65.32,Estable
data_center_or_high_availability,indexed_50pct_spot,ZORRITOS 220,36,63.49,74.07,74.93,0,17,0,0.5,30000,Nivel de precio,0.472,65.41,Estable
data_center_or_high_availability,indexed_50pct_spot,NCTUMBES60,36,63.29,73.98,75.09,0,16,0,0.5,30000,Nivel de precio,0.444,64.91,Estable
data_center_or_high_availability,indexed_50pct_spot,MISAPUQUIO 33,36,62.75,72.99,76.34,0,15,0,0.5,30000,Nivel de precio,0.417,64.18,Estable
data_center_or_high_availability,indexed_50pct_spot,TINTAYA EXISTENTE 138,36,62.46,72.9,76.09,0,14,0,0.5,30000,Nivel de precio,0.389,63.58,Estable
data_center_or_high_availability,indexed_50pct_spot,GE1 33,36,62.42,72.75,74.18,0,15,0,0.5,30000,Nivel de precio,0.417,63.66,Estable
data_center_or_high_availability,indexed_50pct_spot,TINTAYA NUEVA 220,36,62.09,72.32,75.74,0,14,0,0.5,30000,Nivel de precio,0.389,63.22,Estable
data_center_or_high_availability,indexed_50pct_spot,PIURA OESTE 220,36,61.96,71.41,74.48,0,14,0,0.5,30000,Nivel de precio,0.389,62.74,Estable
data_center_or_high_availability,indexed_50pct_spot,TALARA 220,36,61.93,71.57,73.64,0,14,0,0.5,30000,Nivel de precio,0.389,62.64,Estable
data_center_or_high_availability,indexed_50pct_spot,TALARA13.2,36,61.59,71.63,73.9,0,13,0,0.5,30000,Nivel de precio,0.361,62.12,Estable
data_center_or_high_availability,indexed_50pct_spot,GALLITO CIEGO 60,36,61.53,71.19,73.59,0,12,0,0.5,30000,Nivel de precio,0.333,61.52,Estable
data_center_or_high_availability,indexed_50pct_spot,BELAUNDE 138,36,61.44,71.1,73.92,0,13,0,0.5,30000,Nivel de precio,0.361,61.93,Estable
data_center_or_high_availability,indexed_50pct_spot,VALLE DEL CHIRA 220,14,59.95,70.5,71.97,0,3,0,0.5,30000,Nivel de precio,0.214,58.61,Estable
data_center_or_high_availability,indexed_50pct_spot,PARIAC 66,36,58.8,69.33,72.79,0,10,0,0.5,30000,Nivel de precio,0.278,58.88,Estable
data_center_or_high_availability,indexed_50pct_spot,JULIACA10,36,57.41,68.21,71.03,0,10,0,0.5,30000,Nivel de precio,0.278,57.71,Estable
data_center_or_high_availability,indexed_50pct_spot,JAEN 138,24,56.68,66.64,71.72,0,5,0,0.5,30000,Nivel de precio,0.208,56.05,Estable
data_center_or_high_availability,indexed_50pct_spot,TOCACHE 138,36,53.82,62.63,68.55,0,2,0,0.5,30000,Nivel de precio,0.056,50.99,Estable
data_center_or_high_availability,indexed_50pct_spot,JULIACA 138,36,52.81,63.59,66.53,0,3,0,0.5,30000,Nivel de precio,0.083,50.89,Estable
data_center_or_high_availability,indexed_50pct_spot,CALLALLI 138,36,52.44,63.06,67.0,0,1,0,0.5,30000,Nivel de precio,0.028,49.83,Estable
data_center_or_high_availability,indexed_50pct_spot,GUADALUPE 60,36,52.33,60.66,63.34,0,0,0,0.5,30000,Nivel de precio,0.0,48.22,Estable
data_center_or_high_availability,indexed_50pct_spot,LA BREA 220,21,51.38,62.06,65.83,0,2,0,0.5,30000,Nivel de precio,0.095,49.94,Estable
data_center_or_high_availability,indexed_50pct_spot,ILO1 138,36,50.93,59.67,63.89,0,0,0,0.5,30000,Nivel de precio,0.0,47.42,Estable
data_center_or_high_availability,indexed_50pct_spot,PLANTA CASA GRANDE 13.8,1,50.71,50.71,50.71,0,0,0,0.5,30000,Nivel de precio,0.0,43.1,Sensible
data_center_or_high_availability,indexed_50pct_spot,TOQUEPALA 138,36,50.65,58.94,63.86,0,0,0,0.5,30000,Nivel de precio,0.0,47.1,Estable
data_center_or_high_availability,indexed_50pct_spot,AYAVIRI 138,36,50.49,61.94,65.04,0,1,0,0.5,30000,Nivel de precio,0.028,48.38,Estable
data_center_or_high_availability,indexed_50pct_spot,PUNO 138,36,50.44,60.71,64.39,0,0,0,0.5,30000,Nivel de precio,0.0,47.53,Estable
data_center_or_high_availability,indexed_50pct_spot,ILO ELP 138,36,50.35,59.03,63.27,0,0,0,0.5,30000,Nivel de precio,0.0,46.9,Estable
data_center_or_high_availability,indexed_50pct_spot,CHICLAYO 220,36,50.09,58.58,61.42,0,0,0,0.5,30000,Nivel de precio,0.0,46.4,Estable
data_center_or_high_availability,indexed_50pct_spot,PUNO 220,36,49.98,60.39,63.9,0,0,0,0.5,30000,Nivel de precio,0.0,47.17,Estable
data_center_or_high_availability,indexed_50pct_spot,ARICOTA2 138,36,49.9,58.58,62.97,0,0,0,0.5,30000,Nivel de precio,0.0,46.55,Estable
data_center_or_high_availability,indexed_50pct_spot,BOTIFLACA 138,36,49.67,58.3,62.88,0,0,0,0.5,30000,Nivel de precio,0.0,46.36,Estable
data_center_or_high_availability,indexed_50pct_spot,CT ETEN 220,36,49.67,58.39,61.04,0,0,0,0.5,30000,Nivel de precio,0.0,46.11,Estable
data_center_or_high_availability,indexed_50pct_spot,RECKA 220,36,49.65,58.4,60.81,0,0,0,0.5,30000,Nivel de precio,0.0,46.07,Estable
data_center_or_high_availability,indexed_50pct_spot,ETEN 18,36,49.61,58.22,60.93,0,0,0,0.5,30000,Nivel de precio,0.0,46.02,Estable
data_center_or_high_availability,indexed_50pct_spot,RECKA 18,36,49.59,58.34,60.71,0,0,0,0.5,30000,Nivel de precio,0.0,46.01,Estable
data_center_or_high_availability,indexed_50pct_spot,ARICOTA 66,36,49.43,58.12,62.52,0,0,0,0.5,30000,Nivel de precio,0.0,46.15,Estable
data_center_or_high_availability,indexed_50pct_spot,CHILINA 33,36,49.4,60.21,62.68,0,0,0,0.5,30000,Nivel de precio,0.0,46.69,Estable
data_center_or_high_availability,indexed_50pct_spot,LA NIÑA 220,36,49.28,58.1,61.2,0,0,0,0.5,30000,Nivel de precio,0.0,45.88,Estable
data_center_or_high_availability,indexed_50pct_spot,PUERTO MALDONADO 10,36,49.22,63.09,66.28,0,2,0,0.5,30000,Nivel de precio,0.056,48.7,Estable
data_center_or_high_availability,indexed_50pct_spot,MOLLENDO 138,36,49.22,60.49,64.21,0,0,0,0.5,30000,Nivel de precio,0.0,46.9,Estable
data_center_or_high_availability,indexed_50pct_spot,CACLIC 220,36,49.14,58.65,60.94,0,0,0,0.5,30000,Nivel de precio,0.0,45.92,Estable
data_center_or_high_availability,indexed_50pct_spot,AZANGARO 138,36,49.04,61.44,64.28,0,0,0,0.5,30000,Nivel de precio,0.0,47.07,Estable
data_center_or_high_availability,indexed_50pct_spot,ARICOTA1 66,36,48.8,57.43,61.48,0,0,0,0.5,30000,Nivel de precio,0.0,45.54,Variable
data_center_or_high_availability,indexed_50pct_spot,LOS HEROES 66,36,48.75,57.11,61.49,0,0,0,0.5,30000,Nivel de precio,0.0,45.44,Variable
data_center_or_high_availability,indexed_50pct_spot,CHILINA 138,36,48.61,57.99,62.65,0,0,0,0.5,30000,Nivel de precio,0.0,45.77,Variable
data_center_or_high_availability,indexed_50pct_spot,PUERTO MALDONADO 138,36,48.57,62.64,67.03,0,1,0,0.5,30000,Nivel de precio,0.028,47.99,Estable
data_center_or_high_availability,indexed_50pct_spot,GUADALUPE 220,36,48.51,57.38,60.08,0,0,0,0.5,30000,Nivel de precio,0.0,45.19,Estable
data_center_or_high_availability,indexed_50pct_spot,COMBAPATA 138,36,48.43,60.18,61.7,0,0,0,0.5,30000,Nivel de precio,0.0,46.09,Estable
data_center_or_high_availability,indexed_50pct_spot,REPARTICIÓN 138,36,48.3,59.46,62.89,0,0,0,0.5,30000,Nivel de precio,0.0,46.03,Estable
data_center_or_high_availability,indexed_50pct_spot,PUCALLPA 60,36,48.28,57.17,64.28,0,0,0,0.5,30000,Nivel de precio,0.0,45.66,Estable
data_center_or_high_availability,indexed_50pct_spot,CT PLANTA PUCALLPA 60,36,48.23,56.96,64.16,0,0,0,0.5,30000,Nivel de precio,0.0,45.57,Estable
data_center_or_high_availability,indexed_50pct_spot,LOS HEROES 220,36,48.1,56.44,60.68,0,0,0,0.5,30000,Nivel de precio,0.0,44.86,Variable
data_center_or_high_availability,indexed_50pct_spot,CUTERVO 138,36,47.83,57.79,61.56,0,0,0,0.5,30000,Nivel de precio,0.0,45.21,Estable
data_center_or_high_availability,indexed_50pct_spot,CERRO VERDE 138,36,47.73,57.4,60.88,0,0,0,0.5,30000,Nivel de precio,0.0,44.96,Variable
data_center_or_high_availability,indexed_50pct_spot,PUCALLPA 138,36,47.66,56.36,63.56,0,0,0,0.5,30000,Nivel de precio,0.0,45.07,Estable
data_center_or_high_availability,indexed_50pct_spot,MOQUEGUA 138,36,47.24,55.85,59.94,0,0,0,0.5,30000,Nivel de precio,0.0,44.21,Variable
data_center_or_high_availability,indexed_50pct_spot,AGROLMOS 60,6,47.19,56.74,58.87,0,0,0,0.5,30000,Nivel de precio,0.0,44.25,Variable
data_center_or_high_availability,indexed_50pct_spot,SANTUARIO 138,36,46.96,57.14,61.13,0,0,0,0.5,30000,Nivel de precio,0.0,44.59,Variable
data_center_or_high_availability,indexed_50pct_spot,MOQUEGUA 220,36,46.85,55.36,59.41,0,0,0,0.5,30000,Nivel de precio,0.0,43.83,Variable
data_center_or_high_availability,indexed_50pct_spot,SOCABAYA 138,36,46.66,56.36,60.29,0,0,0,0.5,30000,Nivel de precio,0.0,44.13,Variable
data_center_or_high_availability,indexed_50pct_spot,PLANTA SAN JACINTO 13.8,36,46.61,55.64,58.56,0,0,0,0.5,30000,Nivel de precio,0.0,43.67,Variable
data_center_or_high_availability,indexed_50pct_spot,ILO2 220,36,46.51,54.73,59.14,0,0,0,0.5,30000,Nivel de precio,0.0,43.48,Variable
data_center_or_high_availability,indexed_50pct_spot,CAJAMARCA 220,36,46.37,56.48,57.8,0,0,0,0.5,30000,Nivel de precio,0.0,43.66,Variable
data_center_or_high_availability,indexed_50pct_spot,SOCABAYA 220,36,46.24,55.77,59.58,0,0,0,0.5,30000,Nivel de precio,0.0,43.69,Variable
data_center_or_high_availability,indexed_50pct_spot,CHARCANI VI 33,36,46.18,55.57,57.76,0,0,0,0.5,30000,Nivel de precio,0.0,43.34,Variable
data_center_or_high_availability,indexed_50pct_spot,TRUJILLO 220,36,46.13,54.64,59.24,0,0,0,0.5,30000,Nivel de precio,0.0,43.3,Variable
data_center_or_high_availability,indexed_50pct_spot,MONTALVO 220,36,45.82,54.54,58.9,0,0,0,0.5,30000,Nivel de precio,0.0,43.09,Variable
data_center_or_high_availability,indexed_50pct_spot,CARHUAQUERO 220,36,45.4,56.27,58.43,0,0,0,0.5,30000,Nivel de precio,0.0,43.26,Variable
data_center_or_high_availability,indexed_50pct_spot,HUALLIN60,21,44.98,56.87,58.99,0,0,0,0.5,30000,Nivel de precio,0.0,43.31,Sensible
data_center_or_high_availability,indexed_50pct_spot,S.E. ILO4 500,36,44.98,53.17,57.67,0,0,0,0.5,30000,Nivel de precio,0.0,42.18,Variable
data_center_or_high_availability,indexed_50pct_spot,RUBI 220,33,44.45,53.08,58.7,0,0,0,0.5,30000,Volatilidad,0.0,42.08,Variable
data_center_or_high_availability,indexed_50pct_spot,AUCAYACU 138,36,44.26,56.46,59.78,0,0,0,0.5,30000,Nivel de precio,0.0,43.0,Variable
data_center_or_high_availability,indexed_50pct_spot,SAN JOSE 500,36,44.17,52.31,56.96,0,0,0,0.5,30000,Nivel de precio,0.0,41.5,Variable
data_center_or_high_availability,indexed_50pct_spot,PUERTO BRAVO 500,36,44.03,52.35,56.53,0,0,0,0.5,30000,Nivel de precio,0.0,41.38,Variable
data_center_or_high_availability,indexed_50pct_spot,PUERTO BRAVO 18,36,43.91,52.27,56.4,0,0,0,0.5,30000,Nivel de precio,0.0,41.29,Variable
data_center_or_high_availability,indexed_50pct_spot,DUNA HUAMBOS 34.5,31,43.83,55.97,61.02,0,0,0,0.5,30000,Nivel de precio,0.0,42.87,Variable
data_center_or_high_availability,indexed_50pct_spot,BIOENERGIA 13.8,36,43.74,55.52,63.03,0,0,0,0.5,30000,Nivel de precio,0.0,43.02,Variable
data_center_or_high_availability,indexed_50pct_spot,CHAPARRAL 138,18,43.72,53.46,55.9,0,0,0,0.5,30000,Volatilidad,0.0,41.42,Variable
data_center_or_high_availability,indexed_50pct_spot,CHIMBOTE1 138,36,43.6,53.39,57.51,0,0,0,0.5,30000,Nivel de precio,0.0,41.59,Variable
data_center_or_high_availability,indexed_50pct_spot,CARHUAQUERO 10_S,24,43.53,55.93,57.39,0,0,0,0.5,30000,Nivel de precio,0.0,42.18,Variable
data_center_or_high_availability,indexed_50pct_spot,LA RAMADA 220,36,43.25,54.56,56.01,0,0,0,0.5,30000,Nivel de precio,0.0,41.5,Variable
data_center_or_high_availability,indexed_50pct_spot,CHIMBOTE1 220,36,42.8,53.09,57.67,0,0,0,0.5,30000,Nivel de precio,0.0,41.19,Variable
data_center_or_high_availability,indexed_50pct_spot,CHARCANI I 33,36,42.64,53.4,57.15,0,0,0,0.5,30000,Nivel de precio,0.0,41.11,Variable
data_center_or_high_availability,indexed_50pct_spot,QUENCORO 138,36,42.57,55.33,58.43,0,0,0,0.5,30000,Nivel de precio,0.0,41.75,Variable
data_center_or_high_availability,indexed_50pct_spot,DOLORESPATA 138,36,42.29,55.13,58.29,0,0,0,0.5,30000,Nivel de precio,0.0,41.56,Variable
data_center_or_high_availability,indexed_50pct_spot,QUITARACSA 220,36,41.18,53.04,55.7,0,0,0,0.5,30000,Nivel de precio,0.0,40.15,Variable
data_center_or_high_availability,indexed_50pct_spot,MAZUCO138,36,40.87,58.78,64.95,0,0,0,0.5,30000,Volatilidad,0.0,42.83,Variable
data_center_or_high_availability,indexed_50pct_spot,CACHIMAYO 138,36,40.85,53.34,57.68,0,0,0,0.5,30000,Nivel de precio,0.0,40.37,Variable
data_center_or_high_availability,indexed_50pct_spot,SAN NICOLAS 13.8,36,40.38,49.94,62.76,0,0,0,0.5,30000,Prima de estrés,0.0,40.07,Variable
data_center_or_high_availability,indexed_50pct_spot,ZAÑA 60,36,39.91,54.68,59.37,0,0,0,0.5,30000,Nivel de precio,0.0,40.54,Variable
data_center_or_high_availability,indexed_50pct_spot,AGUAYTIA 138,36,39.78,53.34,58.97,0,0,0,0.5,30000,Nivel de precio,0.0,40.08,Variable
data_center_or_high_availability,indexed_50pct_spot,TINGO MARIA 138,36,39.51,52.14,55.05,0,0,0,0.5,30000,Nivel de precio,0.0,39.07,Variable
data_center_or_high_availability,indexed_50pct_spot,AGUAYTIA 22.9,36,39.39,53.17,58.0,0,0,0,0.5,30000,Nivel de precio,0.0,39.72,Variable
data_center_or_high_availability,indexed_50pct_spot,AGUAYTIA 220,36,39.09,53.04,57.59,0,0,0,0.5,30000,Nivel de precio,0.0,39.49,Variable
data_center_or_high_availability,indexed_50pct_spot,SAN MARTIN 220,9,39.08,45.14,46.42,0,0,0,0.5,30000,Volatilidad,0.0,35.83,Variable
data_center_or_high_availability,indexed_50pct_spot,PURMACANA 20,36,38.99,50.57,55.84,0,0,0,0.5,30000,Nivel de precio,0.0,38.56,Variable
data_center_or_high_availability,indexed_50pct_spot,CHARCANI IV 33,36,38.42,51.37,54.89,0,0,0,0.5,30000,Ventanas críticas,0.0,38.36,Variable
data_center_or_high_availability,indexed_50pct_spot,COTARUSE 220,36,37.96,49.0,55.52,0,0,0,0.5,30000,Ventanas críticas,0.0,37.66,Variable
data_center_or_high_availability,indexed_50pct_spot,HUALLANCA 138,36,37.85,50.87,55.99,0,0,0,0.5,30000,Nivel de precio,0.0,38.15,Variable
data_center_or_high_availability,indexed_50pct_spot,PAQUILLUSI 220,9,37.7,48.59,54.17,0,0,0,0.5,30000,Volatilidad,0.0,37.24,Variable
data_center_or_high_availability,indexed_50pct_spot,HUANUCO 138,36,37.31,49.28,53.76,0,0,0,0.5,30000,Nivel de precio,0.0,37.18,Variable
data_center_or_high_availability,indexed_50pct_spot,SUNNY 220,4,36.78,42.29,42.53,0,0,0,0.5,30000,Volatilidad,0.0,33.5,Variable
data_center_or_high_availability,indexed_50pct_spot,PIEDRA BLANCA 34.5,36,36.45,49.33,53.87,0,0,0,0.5,30000,Nivel de precio,0.0,36.82,Variable
data_center_or_high_availability,indexed_50pct_spot,TUPURI 22.9,36,36.42,54.91,62.17,0,0,0,0.5,30000,Ventanas críticas,0.0,39.44,Variable
data_center_or_high_availability,indexed_50pct_spot,SAN GABAN 138,36,36.29,53.92,61.15,0,0,0,0.5,30000,Ventanas críticas,0.0,38.98,Variable
data_center_or_high_availability,indexed_50pct_spot,PARAMONGA NUEVA 220,36,35.75,47.72,55.09,0,0,0,0.5,30000,Ventanas críticas,0.0,36.28,Variable
data_center_or_high_availability,indexed_50pct_spot,PARAMONGA NUEVA 138,36,35.51,47.43,55.4,0,0,0,0.5,30000,Ventanas críticas,0.0,36.15,Variable
data_center_or_high_availability,indexed_50pct_spot,OQUENDO 60,36,35.42,46.84,55.6,0,0,0,0.5,30000,Ventanas críticas,0.0,35.99,Variable
data_center_or_high_availability,indexed_50pct_spot,VIZCARRA 220,36,35.41,49.55,56.84,0,0,0,0.5,30000,Ventanas críticas,0.0,36.85,Variable
data_center_or_high_availability,indexed_50pct_spot,PARAMONGA EXISTENTE 138,36,35.34,47.05,55.35,0,0,0,0.5,30000,Ventanas críticas,0.0,35.96,Variable
data_center_or_high_availability,indexed_50pct_spot,MEDIO MUNDO 220,36,35.04,46.55,55.48,0,0,0,0.5,30000,Ventanas críticas,0.0,35.73,Variable
data_center_or_high_availability,indexed_50pct_spot,PACHACHACA50,36,34.56,44.88,48.59,0,0,0,0.5,30000,Ventanas críticas,0.0,34.06,Variable
data_center_or_high_availability,indexed_50pct_spot,MARCONA 220,36,33.85,42.79,50.5,0,0,0,0.5,30000,Ventanas críticas,0.0,33.5,Variable
data_center_or_high_availability,indexed_50pct_spot,POROMA 220,36,33.82,42.56,49.82,0,0,0,0.5,30000,Ventanas críticas,0.0,33.33,Variable
data_center_or_high_availability,indexed_50pct_spot,LOMERA 220,36,33.12,40.63,49.52,0,0,0,0.5,30000,Ventanas críticas,0.0,32.49,Variable
data_center_or_high_availability,indexed_50pct_spot,HUACHO 220,36,32.89,41.5,50.03,0,0,0,0.5,30000,Ventanas críticas,0.0,32.68,Variable
data_center_or_high_availability,indexed_50pct_spot,SANTIAGO DE CAO 138,1,32.55,32.55,32.55,0,0,0,0.5,30000,Prima de estrés,0.0,27.67,Sensible
data_center_or_high_availability,indexed_50pct_spot,CHAVARRIA 220,36,32.28,39.91,53.94,0,0,0,0.5,30000,Ventanas críticas,0.0,32.59,Variable
data_center_or_high_availability,indexed_50pct_spot,MARCONA 60,27,32.28,39.91,44.84,0,0,2,0.5,30000,Ventanas críticas,0.0,31.23,Variable
data_center_or_high_availability,indexed_50pct_spot,ZAPALLAL 220,36,32.17,39.88,53.43,0,0,0,0.5,30000,Ventanas críticas,0.0,32.46,Variable
data_center_or_high_availability,indexed_50pct_spot,SANTA TERESA 220,36,31.93,46.17,52.62,0,0,0,0.5,30000,Ventanas críticas,0.0,33.81,Variable
data_center_or_high_availability,indexed_50pct_spot,VENTANILLA 220,36,31.88,38.95,53.49,0,0,0,0.5,30000,Ventanas críticas,0.0,32.11,Variable
data_center_or_high_availability,indexed_50pct_spot,CARABAYLLO 220,36,31.79,39.53,53.2,0,0,0,0.5,30000,Ventanas críticas,0.0,32.17,Variable
data_center_or_high_availability,indexed_50pct_spot,ICA 220,36,31.61,39.77,50.47,0,0,0,0.5,30000,Ventanas críticas,0.0,31.74,Variable
data_center_or_high_availability,indexed_50pct_spot,FLAMENCO 220,26,31.61,39.55,43.3,0,0,0,0.5,30000,Ventanas críticas,0.0,30.61,Variable
data_center_or_high_availability,indexed_50pct_spot,INDEPENDENCIA 60,36,31.39,39.29,52.54,0,0,0,0.5,30000,Ventanas críticas,0.0,31.83,Variable
data_center_or_high_availability,indexed_50pct_spot,CT PISCO 60,36,31.39,39.29,52.54,0,0,0,0.5,30000,Ventanas críticas,0.0,31.83,Variable
data_center_or_high_availability,indexed_50pct_spot,INDUSTRIALES 220,36,31.09,41.39,47.79,0,0,0,0.5,30000,Ventanas críticas,0.0,31.51,Variable
data_center_or_high_availability,indexed_50pct_spot,NAZCA NUEVA 220,23,31.05,38.54,43.12,0,0,0,0.5,30000,Ventanas críticas,0.0,30.07,Variable
data_center_or_high_availability,indexed_50pct_spot,CAJAMARQUILLA 220,36,30.98,37.97,52.18,0,0,0,0.5,30000,Ventanas críticas,0.0,31.26,Variable
data_center_or_high_availability,indexed_50pct_spot,ERSUR 220,26,30.97,38.55,41.02,0,0,0,0.5,30000,Ventanas críticas,0.0,29.73,Variable
data_center_or_high_availability,indexed_50pct_spot,CT INDEPENDENCIA 60,36,30.89,38.84,52.07,0,0,0,0.5,30000,Ventanas críticas,0.0,31.42,Variable
data_center_or_high_availability,indexed_50pct_spot,CHINCHA NUEVA 220,23,30.48,38.46,50.17,0,0,0,0.5,30000,Ventanas críticas,0.0,30.86,Variable
data_center_or_high_availability,indexed_50pct_spot,PLANICIE 220,36,30.47,38.49,43.43,0,0,0,0.5,30000,Ventanas críticas,0.0,29.85,Variable
data_center_or_high_availability,indexed_50pct_spot,SANTA ROSA 220,36,30.37,40.28,53.92,0,0,0,0.5,30000,Ventanas críticas,0.0,31.82,Variable
data_center_or_high_availability,indexed_50pct_spot,INDEPENDENCIA 220,36,30.25,37.28,51.65,0,0,0,0.5,30000,Ventanas críticas,0.0,30.68,Variable
data_center_or_high_availability,indexed_50pct_spot,CARAPONGO 220,36,30.11,37.21,51.08,0,0,0,0.5,30000,Ventanas críticas,0.0,30.52,Variable
data_center_or_high_availability,indexed_50pct_spot,HUANCHOR 50,36,29.98,48.56,58.05,0,0,0,0.5,30000,Ventanas críticas,0.0,34.34,Variable
data_center_or_high_availability,indexed_50pct_spot,CHEVES 220,36,29.74,38.11,48.31,0,0,0,0.5,30000,Ventanas críticas,0.0,30.15,Variable
data_center_or_high_availability,indexed_50pct_spot,MARAÑON 60,36,29.41,41.03,53.23,0,0,0,0.5,30000,Ventanas críticas,0.0,31.48,Variable
data_center_or_high_availability,indexed_50pct_spot,MACHUPICCHU 138,36,29.31,44.25,48.89,0,0,0,0.5,30000,Ventanas críticas,0.0,31.59,Variable
data_center_or_high_availability,indexed_50pct_spot,PARAGSHA2 138,36,29.17,37.34,48.63,0,0,0,0.5,30000,Ventanas críticas,0.0,29.75,Variable
data_center_or_high_availability,indexed_50pct_spot,CHEVES 13.8,36,28.84,37.45,47.96,0,0,0,0.5,30000,Ventanas críticas,0.0,29.53,Variable
data_center_or_high_availability,indexed_50pct_spot,DESIERTO 220,35,28.49,34.4,48.29,0,0,0,0.5,30000,Ventanas críticas,0.0,28.66,Variable
data_center_or_high_availability,indexed_50pct_spot,CAHUA138,36,28.42,37.8,55.21,0,0,0,0.5,30000,Ventanas críticas,0.0,30.52,Variable
data_center_or_high_availability,indexed_50pct_spot,CANTERA 220,36,28.22,33.76,50.36,0,0,0,0.5,30000,Ventanas críticas,0.0,28.69,Variable
data_center_or_high_availability,indexed_50pct_spot,HUINCO 220,36,27.82,35.45,48.21,0,0,0,0.5,30000,Ventanas críticas,0.0,28.61,Variable
data_center_or_high_availability,indexed_50pct_spot,PUNTA LOMITAS II,36,27.75,32.26,39.17,0,0,0,0.5,30000,Ventanas críticas,0.0,26.43,Variable
data_center_or_high_availability,indexed_50pct_spot,PUNTA LOMITAS I,36,27.74,32.4,37.3,0,0,0,0.5,30000,Ventanas críticas,0.0,26.18,Variable
data_center_or_high_availability,indexed_50pct_spot,CALLAHUANCA EDEGEL 220,36,27.68,33.46,39.38,0,0,0,0.5,30000,Ventanas críticas,0.0,26.73,Variable
data_center_or_high_availability,indexed_50pct_spot,SAN JUAN 220,36,27.33,33.62,44.25,0,0,0,0.5,30000,Ventanas críticas,0.0,27.34,Variable
data_center_or_high_availability,indexed_50pct_spot,HUAMPANI 60,36,27.11,34.47,50.06,0,0,0,0.5,30000,Ventanas críticas,0.0,28.32,Variable
data_center_or_high_availability,indexed_50pct_spot,PARAGSHA2 220,36,27.11,36.23,46.82,0,0,0,0.5,30000,Ventanas críticas,0.0,28.28,Variable
data_center_or_high_availability,indexed_50pct_spot,HUANZA 220,36,27.11,34.52,46.02,0,0,0,0.5,30000,Ventanas críticas,0.0,27.73,Variable
data_center_or_high_availability,indexed_50pct_spot,CHILCA500,36,26.96,33.49,38.5,0,0,0,0.5,30000,Ventanas críticas,0.0,26.28,Variable
data_center_or_high_availability,indexed_50pct_spot,OLLEROS 500,36,26.66,33.66,39.18,0,0,0,0.5,30000,Ventanas críticas,0.0,26.29,Variable
data_center_or_high_availability,indexed_50pct_spot,SANTA ANA 138,6,26.44,31.69,34.19,0,0,0,0.5,30000,Ventanas críticas,0.0,24.95,Variable
data_center_or_high_availability,indexed_50pct_spot,POMACOCHA 220,36,26.4,32.57,36.27,0,0,0,0.5,30000,Ventanas críticas,0.0,25.46,Variable
data_center_or_high_availability,indexed_50pct_spot,FENIX 500,36,26.31,32.47,38.3,0,0,0,0.5,30000,Ventanas críticas,0.0,25.7,Variable
data_center_or_high_availability,indexed_50pct_spot,CHIRIBAMBA 220,22,26.28,30.66,37.43,0,0,0,0.5,30000,Ventanas críticas,0.0,25.11,Variable
data_center_or_high_availability,indexed_50pct_spot,OROYA NUEVA 220,36,26.06,31.97,36.81,0,0,0,0.5,30000,Ventanas críticas,0.0,25.24,Variable
data_center_or_high_availability,indexed_50pct_spot,ALTO PRADERAS 220,36,26.01,32.32,50.46,0,0,0,0.5,30000,Ventanas críticas,0.0,27.35,Variable
data_center_or_high_availability,indexed_50pct_spot,PACHACHACA 220,36,25.88,31.79,36.84,0,0,0,0.5,30000,Ventanas críticas,0.0,25.12,Variable
data_center_or_high_availability,indexed_50pct_spot,ASIA 220,36,25.73,31.4,49.53,0,0,0,0.5,30000,Ventanas críticas,0.0,26.86,Variable
data_center_or_high_availability,indexed_50pct_spot,CS COENERGY 22.9,1,25.61,25.61,25.61,0,0,0,0.5,30000,Volatilidad,0.0,21.77,Variable
data_center_or_high_availability,indexed_50pct_spot,MATUCANA 220,36,25.56,30.84,37.73,0,0,0,0.5,30000,Ventanas críticas,0.0,24.87,Variable
data_center_or_high_availability,indexed_50pct_spot,YANANGO 220,36,25.53,31.41,39.1,0,0,0,0.5,30000,Ventanas críticas,0.0,25.2,Variable
data_center_or_high_availability,indexed_50pct_spot,CARHUAMAYO 138,36,25.48,34.07,38.06,0,0,0,0.5,30000,Ventanas críticas,0.0,25.69,Variable
data_center_or_high_availability,indexed_50pct_spot,MOYOPAMPA 60,36,25.3,32.04,39.57,0,0,0,0.5,30000,Ventanas críticas,0.0,25.33,Variable
data_center_or_high_availability,indexed_50pct_spot,SANTA ISABEL 220,36,24.43,32.92,37.27,0,0,0,0.5,30000,Ventanas críticas,0.0,24.82,Variable
data_center_or_high_availability,indexed_50pct_spot,OROYA NUEVA 50,36,24.24,31.58,35.49,0,0,0,0.5,30000,Ventanas críticas,0.0,24.13,Variable
data_center_or_high_availability,indexed_50pct_spot,CONDORCOCHA 44,36,23.73,31.46,36.49,0,0,0,0.5,30000,Ventanas críticas,0.0,24.02,Variable
data_center_or_high_availability,indexed_50pct_spot,CHAGLLA 220,36,23.68,34.12,36.06,0,0,0,0.5,30000,Ventanas críticas,0.0,24.6,Variable
data_center_or_high_availability,indexed_50pct_spot,CHILCA UNO 220,36,23.54,29.45,37.55,0,0,0,0.5,30000,Ventanas críticas,0.0,23.59,Variable
data_center_or_high_availability,indexed_50pct_spot,CONDORCOCHA 138,36,23.39,30.87,36.39,0,0,0,0.5,30000,Ventanas críticas,0.0,23.7,Variable
data_center_or_high_availability,indexed_50pct_spot,CHIMAY 220,36,23.25,28.19,35.81,0,0,0,0.5,30000,Ventanas críticas,0.0,22.88,Variable
data_center_or_high_availability,indexed_50pct_spot,CARIPA 138,36,23.09,30.4,35.69,0,0,0,0.5,30000,Ventanas críticas,0.0,23.34,Variable
data_center_or_high_availability,indexed_50pct_spot,HUAYUCACHI 220,36,22.9,27.31,31.38,0,0,0,0.5,30000,Ventanas críticas,0.0,21.84,Variable
data_center_or_high_availability,indexed_50pct_spot,LAS FLORES 220,36,22.81,28.44,37.35,0,0,0,0.5,30000,Ventanas críticas,0.0,22.98,Variable
data_center_or_high_availability,indexed_50pct_spot,HUANCAVELICA 220,36,22.68,27.13,32.36,0,0,0,0.5,30000,Ventanas críticas,0.0,21.84,Variable
data_center_or_high_availability,indexed_50pct_spot,CH OROYA 50,36,22.67,28.43,34.32,0,0,0,0.5,30000,Ventanas críticas,0.0,22.46,Variable
data_center_or_high_availability,indexed_50pct_spot,CHILCA DOS 13.8,36,22.58,28.33,36.05,0,0,0,0.5,30000,Ventanas críticas,0.0,22.65,Variable
data_center_or_high_availability,indexed_50pct_spot,CALLAHUANCA 60,36,22.25,27.83,36.88,0,0,0,0.5,30000,Ventanas críticas,0.0,22.5,Variable
data_center_or_high_availability,indexed_50pct_spot,YAUPI 138,36,22.18,30.16,36.84,0,0,0,0.5,30000,Ventanas críticas,0.0,23.05,Variable
data_center_or_high_availability,indexed_50pct_spot,CERRO DEL AGUILA 220,36,21.97,27.21,33.03,0,0,0,0.5,30000,Ventanas críticas,0.0,21.65,Variable
data_center_or_high_availability,indexed_50pct_spot,CHILCA REP 220,36,21.91,27.54,36.4,0,0,0,0.5,30000,Ventanas críticas,0.0,22.21,Variable
data_center_or_high_availability,indexed_50pct_spot,LA VIRGEN 138,36,21.47,28.46,34.4,0,0,0,0.5,30000,Ventanas críticas,0.0,21.93,Variable
data_center_or_high_availability,indexed_50pct_spot,YAUPI13.8,36,21.38,28.96,36.17,0,0,0,0.5,30000,Ventanas críticas,0.0,22.28,Variable
data_center_or_high_availability,indexed_50pct_spot,YARUCAYA 13.8,36,20.61,25.71,37.65,0,0,0,0.5,30000,Ventanas críticas,0.0,21.35,Variable
data_center_or_high_availability,indexed_50pct_spot,CAMPO ARMIÑO 220,36,19.95,24.0,26.11,0,0,0,0.5,30000,Ventanas críticas,0.0,18.9,Variable
data_center_or_high_availability,indexed_50pct_spot,MALPASO 50,36,19.93,25.07,30.38,0,0,0,0.5,30000,Ventanas críticas,0.0,19.79,Variable
data_center_or_high_availability,indexed_50pct_spot,RESTITUCIÓN 220,36,19.47,23.49,25.44,0,0,0,0.5,30000,Ventanas críticas,0.0,18.45,Variable
data_center_or_high_availability,indexed_50pct_spot,PLATANAL 220,36,18.29,22.63,24.63,0,0,0,0.5,30000,Ventanas críticas,0.0,17.58,Variable
data_center_or_high_availability,indexed_50pct_spot,CORACORA 60,4,15.6,24.31,28.74,0,0,4,0.5,30000,Prima de estrés,0.0,17.41,Variable
data_center_or_high_availability,indexed_50pct_spot,NAZCA 22.9,4,15.19,23.85,28.35,0,0,4,0.5,30000,Prima de estrés,0.0,17.05,Variable
data_center_or_high_availability,indexed_50pct_spot,LLIPATA 60,4,14.65,23.4,28.22,0,0,4,0.5,30000,Prima de estrés,0.0,16.67,Variable
data_center_or_high_availability,indexed_50pct_spot,ALTO LA LUNA 10,14,13.15,20.63,24.51,0,0,11,0.5,30000,Prima de estrés,0.0,14.75,Variable
data_center_or_high_availability,indexed_50pct_spot,ALTO LA LUNA 60,14,12.85,20.1,24.0,0,0,11,0.5,30000,Prima de estrés,0.0,14.41,Variable
data_center_or_high_availability,indexed_50pct_spot,PISCO 10,14,12.64,19.73,23.46,0,0,11,0.5,30000,Prima de estrés,0.0,14.14,Variable
data_center_or_high_availability,indexed_50pct_spot,VILLACURI 22.9,14,12.56,19.95,24.27,0,0,11,0.5,30000,Prima de estrés,0.0,14.28,Variable
data_center_or_high_availability,indexed_50pct_spot,PARACAS 22,14,12.5,19.58,27.19,0,0,11,0.5,30000,Prima de estrés,0.0,14.6,Variable
data_center_or_high_availability,indexed_50pct_spot,PARACAS 10,14,12.42,19.14,27.37,0,0,11,0.5,30000,Prima de estrés,0.0,14.48,Variable
data_center_or_high_availability,indexed_50pct_spot,TAMBO DE MORA 10,5,11.97,18.35,24.17,0,0,4,0.5,30000,Prima de estrés,0.0,13.6,Variable
data_center_or_high_availability,indexed_50pct_spot,VILLACURI 60,14,11.77,18.48,23.16,0,0,11,0.5,30000,Prima de estrés,0.0,13.39,Variable
data_center_or_high_availability,indexed_50pct_spot,PEDREGAL 10,5,11.47,17.83,23.59,0,0,4,0.5,30000,Prima de estrés,0.0,13.16,Variable
data_center_or_high_availability,indexed_50pct_spot,PUEBLO NUEVO 10,5,10.95,16.08,19.7,0,0,4,0.5,30000,Prima de estrés,0.0,11.9,Variable
data_center_or_high_availability,indexed_50pct_spot,INDEPENDENCIA 10,14,10.85,16.85,24.67,0,0,11,0.5,30000,Prima de estrés,0.0,12.8,Variable
data_center_or_high_availability,indexed_50pct_spot,CHALA 60,1,8.82,8.82,8.82,0,0,1,0.5,30000,Prima de estrés,0.0,7.5,Variable
data_center_or_high_availability,indexed_50pct_spot,BELLA UNION 60,1,8.38,8.38,8.38,0,0,1,0.5,30000,Prima de estrés,0.0,7.12,Variable
data_center_or_high_availability,indexed_50pct_spot,JAHUAY 60,1,7.86,7.86,7.86,0,0,1,0.5,30000,Prima de estrés,0.0,6.68,Variable
data_center_or_high_availability,indexed_50pct_spot,FUNSUR 60,1,7.76,7.76,7.76,0,0,1,0.5,30000,Prima de estrés,0.0,6.6,Variable
data_center_or_high_availability,indexed_50pct_spot,MINA 60,1,7.19,7.19,7.19,0,0,1,0.5,30000,Prima de estrés,0.0,6.11,Variable
data_center_or_high_availability,indexed_50pct_spot,HUARANGO 60,1,6.68,6.68,6.68,0,0,1,0.5,30000,Prima de estrés,0.0,5.68,Variable
data_center_or_high_availability,indexed_50pct_spot,LOMAS 60,1,6.68,6.68,6.68,0,0,1,0.5,30000,Prima de estrés,0.0,5.68,Variable
general_manufacturing,balanced_30pct_spot_ppa,PLANTAETANOL 60,36,58.25,67.96,70.15,0,9,0,0.3,10000,Nivel de precio,0.25,57.47,Estable
general_manufacturing,balanced_30pct_spot_ppa,HUAYLLACHO 15,36,58.15,68.73,71.41,0,9,0,0.3,10000,Nivel de precio,0.25,57.81,Estable
general_manufacturing,balanced_30pct_spot_ppa,SAN IGNACIO 15,36,57.93,68.25,70.99,0,9,0,0.3,10000,Nivel de precio,0.25,57.53,Estable
general_manufacturing,balanced_30pct_spot_ppa,SAN ANTONIO 15,36,57.9,68.25,70.99,0,9,0,0.3,10000,Nivel de precio,0.25,57.52,Estable
general_manufacturing,balanced_30pct_spot_ppa,ZORRITOS 220,36,57.71,67.86,69.08,0,7,0,0.3,10000,Nivel de precio,0.194,56.21,Estable
general_manufacturing,balanced_30pct_spot_ppa,NCTUMBES60,36,57.53,68.07,68.9,0,8,0,0.3,10000,Nivel de precio,0.222,56.58,Estable
general_manufacturing,balanced_30pct_spot_ppa,MISAPUQUIO 33,36,56.77,67.29,70.37,0,7,0,0.3,10000,Nivel de precio,0.194,55.84,Estable
general_manufacturing,balanced_30pct_spot_ppa,GE1 33,36,56.61,66.32,68.78,0,7,0,0.3,10000,Nivel de precio,0.194,55.29,Estable
general_manufacturing,balanced_30pct_spot_ppa,TINTAYA EXISTENTE 138,36,56.38,66.96,69.85,0,7,0,0.3,10000,Nivel de precio,0.194,55.51,Estable
general_manufacturing,balanced_30pct_spot_ppa,PIURA OESTE 220,36,56.12,65.48,68.3,0,5,0,0.3,10000,Nivel de precio,0.139,53.95,Estable
general_manufacturing,balanced_30pct_spot_ppa,TALARA 220,36,56.11,65.09,68.53,0,5,0,0.3,10000,Nivel de precio,0.139,53.89,Estable
general_manufacturing,balanced_30pct_spot_ppa,TINTAYA NUEVA 220,36,56.01,66.4,69.42,0,7,0,0.3,10000,Nivel de precio,0.194,55.14,Estable
general_manufacturing,balanced_30pct_spot_ppa,TALARA13.2,36,55.81,65.33,68.78,0,5,0,0.3,10000,Nivel de precio,0.139,53.85,Estable
general_manufacturing,balanced_30pct_spot_ppa,GALLITO CIEGO 60,36,55.56,64.53,67.3,0,4,0,0.3,10000,Nivel de precio,0.111,52.9,Estable
general_manufacturing,balanced_30pct_spot_ppa,BELAUNDE 138,36,55.46,64.39,68.13,0,3,0,0.3,10000,Nivel de precio,0.083,52.52,Estable
general_manufacturing,balanced_30pct_spot_ppa,VALLE DEL CHIRA 220,14,54.12,64.24,66.91,0,2,0,0.3,10000,Nivel de precio,0.143,52.59,Estable
general_manufacturing,balanced_30pct_spot_ppa,PARIAC 66,36,52.9,62.85,67.38,0,1,0,0.3,10000,Nivel de precio,0.028,50.04,Estable
general_manufacturing,balanced_30pct_spot_ppa,JULIACA10,36,51.38,61.9,64.83,0,0,0,0.3,10000,Nivel de precio,0.0,48.32,Estable
general_manufacturing,balanced_30pct_spot_ppa,JAEN 138,24,50.69,61.12,65.27,0,1,0,0.3,10000,Nivel de precio,0.042,48.51,Estable
general_manufacturing,balanced_30pct_spot_ppa,TOCACHE 138,36,47.92,57.26,62.53,0,0,0,0.3,10000,Nivel de precio,0.0,45.26,Estable
general_manufacturing,balanced_30pct_spot_ppa,JULIACA 138,36,46.78,57.32,60.28,0,0,0,0.3,10000,Nivel de precio,0.0,44.43,Estable
general_manufacturing,balanced_30pct_spot_ppa,CALLALLI 138,36,46.4,57.06,60.39,0,0,0,0.3,10000,Nivel de precio,0.0,44.2,Estable
general_manufacturing,balanced_30pct_spot_ppa,GUADALUPE 60,36,46.36,55.36,57.13,0,0,0,0.3,10000,Nivel de precio,0.0,43.27,Estable
general_manufacturing,balanced_30pct_spot_ppa,PLANTA CASA GRANDE 13.8,1,46.26,46.26,46.26,0,0,0,0.3,10000,Nivel de precio,0.0,39.32,Sensible
general_manufacturing,balanced_30pct_spot_ppa,LA BREA 220,21,45.75,56.64,60.72,0,0,0,0.3,10000,Nivel de precio,0.0,43.85,Estable
general_manufacturing,balanced_30pct_spot_ppa,ILO1 138,36,44.83,53.67,57.66,0,0,0,0.3,10000,Nivel de precio,0.0,42.24,Estable
general_manufacturing,balanced_30pct_spot_ppa,TOQUEPALA 138,36,44.56,53.2,57.57,0,0,0,0.3,10000,Nivel de precio,0.0,41.99,Estable
general_manufacturing,balanced_30pct_spot_ppa,AYAVIRI 138,36,44.45,55.73,58.66,0,0,0,0.3,10000,Nivel de precio,0.0,42.74,Estable
general_manufacturing,balanced_30pct_spot_ppa,PUNO 138,36,44.39,54.82,58.12,0,0,0,0.3,10000,Nivel de precio,0.0,42.4,Estable
general_manufacturing,balanced_30pct_spot_ppa,ILO ELP 138,36,44.24,53.11,57.17,0,0,0,0.3,10000,Nivel de precio,0.0,41.76,Estable
general_manufacturing,balanced_30pct_spot_ppa,CHICLAYO 220,36,44.14,53.39,54.9,0,0,0,0.3,10000,Nivel de precio,0.0,41.45,Estable
general_manufacturing,balanced_30pct_spot_ppa,PUNO 220,36,43.94,54.47,57.69,0,0,0,0.3,10000,Nivel de precio,0.0,42.05,Estable
general_manufacturing,balanced_30pct_spot_ppa,ARICOTA2 138,36,43.82,52.6,56.85,0,0,0,0.3,10000,Nivel de precio,0.0,41.39,Estable
general_manufacturing,balanced_30pct_spot_ppa,CT ETEN 220,36,43.72,53.04,54.59,0,0,0,0.3,10000,Nivel de precio,0.0,41.12,Estable
general_manufacturing,balanced_30pct_spot_ppa,RECKA 220,36,43.7,53.21,54.35,0,0,0,0.3,10000,Nivel de precio,0.0,41.12,Estable
general_manufacturing,balanced_30pct_spot_ppa,ETEN 18,36,43.65,52.82,54.47,0,0,0,0.3,10000,Nivel de precio,0.0,41.02,Estable
general_manufacturing,balanced_30pct_spot_ppa,RECKA 18,36,43.64,53.02,54.21,0,0,0,0.3,10000,Nivel de precio,0.0,41.02,Estable
general_manufacturing,balanced_30pct_spot_ppa,BOTIFLACA 138,36,43.57,52.39,56.64,0,0,0,0.3,10000,Nivel de precio,0.0,41.2,Estable
general_manufacturing,balanced_30pct_spot_ppa,PUERTO MALDONADO 10,36,43.56,56.86,61.1,0,0,0,0.3,10000,Nivel de precio,0.0,42.98,Estable
general_manufacturing,balanced_30pct_spot_ppa,LA NIÑA 220,36,43.4,52.35,55.06,0,0,0,0.3,10000,Nivel de precio,0.0,40.88,Estable
general_manufacturing,balanced_30pct_spot_ppa,ARICOTA 66,36,43.36,51.88,56.41,0,0,0,0.3,10000,Nivel de precio,0.0,40.95,Estable
general_manufacturing,balanced_30pct_spot_ppa,CHILINA 33,36,43.32,53.63,56.29,0,0,0,0.3,10000,Nivel de precio,0.0,41.35,Estable
general_manufacturing,balanced_30pct_spot_ppa,MOLLENDO 138,36,43.27,54.53,58.0,0,0,0,0.3,10000,Nivel de precio,0.0,41.81,Estable
general_manufacturing,balanced_30pct_spot_ppa,CACLIC 220,36,43.2,52.84,54.91,0,0,0,0.3,10000,Nivel de precio,0.0,40.89,Estable
general_manufacturing,balanced_30pct_spot_ppa,AZANGARO 138,36,43.05,54.72,57.9,0,0,0,0.3,10000,Nivel de precio,0.0,41.74,Estable
general_manufacturing,balanced_30pct_spot_ppa,PUERTO MALDONADO 138,36,42.91,56.21,61.47,0,0,0,0.3,10000,Nivel de precio,0.0,42.58,Estable
general_manufacturing,balanced_30pct_spot_ppa,ARICOTA1 66,36,42.74,50.98,55.28,0,0,0,0.3,10000,Nivel de precio,0.0,40.27,Variable
general_manufacturing,balanced_30pct_spot_ppa,LOS HEROES 66,36,42.7,51.03,55.29,0,0,0,0.3,10000,Nivel de precio,0.0,40.27,Variable
general_manufacturing,balanced_30pct_spot_ppa,GUADALUPE 220,36,42.63,51.63,53.73,0,0,0,0.3,10000,Nivel de precio,0.0,40.15,Estable
general_manufacturing,balanced_30pct_spot_ppa,PUCALLPA 60,36,42.58,51.31,58.22,0,0,0,0.3,10000,Nivel de precio,0.0,40.72,Estable
general_manufacturing,balanced_30pct_spot_ppa,CHILINA 138,36,42.57,52.31,56.13,0,0,0,0.3,10000,Nivel de precio,0.0,40.65,Variable
general_manufacturing,balanced_30pct_spot_ppa,CT PLANTA PUCALLPA 60,36,42.53,51.16,58.1,0,0,0,0.3,10000,Nivel de precio,0.0,40.64,Estable
general_manufacturing,balanced_30pct_spot_ppa,COMBAPATA 138,36,42.41,53.68,55.63,0,0,0,0.3,10000,Nivel de precio,0.0,40.85,Estable
general_manufacturing,balanced_30pct_spot_ppa,REPARTICIÓN 138,36,42.39,53.33,56.91,0,0,0,0.3,10000,Nivel de precio,0.0,40.94,Estable
general_manufacturing,balanced_30pct_spot_ppa,LOS HEROES 220,36,42.11,50.3,54.5,0,0,0,0.3,10000,Nivel de precio,0.0,39.7,Variable
general_manufacturing,balanced_30pct_spot_ppa,CUTERVO 138,36,42.06,52.25,55.38,0,0,0,0.3,10000,Nivel de precio,0.0,40.3,Estable
general_manufacturing,balanced_30pct_spot_ppa,PUCALLPA 138,36,41.99,50.89,57.4,0,0,0,0.3,10000,Nivel de precio,0.0,40.23,Estable
general_manufacturing,balanced_30pct_spot_ppa,CERRO VERDE 138,36,41.78,51.28,54.77,0,0,0,0.3,10000,Nivel de precio,0.0,39.84,Variable
general_manufacturing,balanced_30pct_spot_ppa,AGROLMOS 60,6,41.5,51.09,53.62,0,0,0,0.3,10000,Nivel de precio,0.0,39.49,Variable
general_manufacturing,balanced_30pct_spot_ppa,MOQUEGUA 138,36,41.27,49.75,53.64,0,0,0,0.3,10000,Nivel de precio,0.0,39.06,Variable
general_manufacturing,balanced_30pct_spot_ppa,SANTUARIO 138,36,41.0,50.94,54.74,0,0,0,0.3,10000,Nivel de precio,0.0,39.39,Variable
general_manufacturing,balanced_30pct_spot_ppa,PLANTA SAN JACINTO 13.8,36,40.93,49.6,52.72,0,0,0,0.3,10000,Nivel de precio,0.0,38.73,Variable
general_manufacturing,balanced_30pct_spot_ppa,MOQUEGUA 220,36,40.91,49.34,53.12,0,0,0,0.3,10000,Nivel de precio,0.0,38.71,Variable
general_manufacturing,balanced_30pct_spot_ppa,SOCABAYA 138,36,40.74,50.14,54.05,0,0,0,0.3,10000,Nivel de precio,0.0,38.97,Variable
general_manufacturing,balanced_30pct_spot_ppa,CAJAMARCA 220,36,40.7,50.91,51.88,0,0,0,0.3,10000,Nivel de precio,0.0,38.83,Variable
general_manufacturing,balanced_30pct_spot_ppa,ILO2 220,36,40.59,48.64,52.79,0,0,0,0.3,10000,Nivel de precio,0.0,38.34,Variable
general_manufacturing,balanced_30pct_spot_ppa,TRUJILLO 220,36,40.48,49.06,53.08,0,0,0,0.3,10000,Nivel de precio,0.0,38.44,Variable
general_manufacturing,balanced_30pct_spot_ppa,SOCABAYA 220,36,40.32,49.63,53.28,0,0,0,0.3,10000,Nivel de precio,0.0,38.54,Variable
general_manufacturing,balanced_30pct_spot_ppa,CHARCANI VI 33,36,40.28,49.07,51.3,0,0,0,0.3,10000,Nivel de precio,0.0,38.09,Variable
general_manufacturing,balanced_30pct_spot_ppa,MONTALVO 220,36,39.92,48.71,52.54,0,0,0,0.3,10000,Nivel de precio,0.0,38.02,Variable
general_manufacturing,balanced_30pct_spot_ppa,CARHUAQUERO 220,36,39.79,51.0,52.06,0,0,0,0.3,10000,Nivel de precio,0.0,38.46,Variable
general_manufacturing,balanced_30pct_spot_ppa,HUALLIN60,21,39.49,51.34,54.18,0,0,0,0.3,10000,Nivel de precio,0.0,38.73,Sensible
general_manufacturing,balanced_30pct_spot_ppa,S.E. ILO4 500,36,39.14,47.82,51.34,0,0,0,0.3,10000,Nivel de precio,0.0,37.27,Variable
general_manufacturing,balanced_30pct_spot_ppa,AUCAYACU 138,36,38.83,50.52,54.33,0,0,0,0.3,10000,Nivel de precio,0.0,38.25,Variable
general_manufacturing,balanced_30pct_spot_ppa,RUBI 220,33,38.72,47.37,52.26,0,0,0,0.3,10000,Volatilidad,0.0,37.11,Variable
general_manufacturing,balanced_30pct_spot_ppa,BIOENERGIA 13.8,36,38.46,50.09,57.95,0,0,0,0.3,10000,Nivel de precio,0.0,38.52,Variable
general_manufacturing,balanced_30pct_spot_ppa,SAN JOSE 500,36,38.46,47.32,50.65,0,0,0,0.3,10000,Nivel de precio,0.0,36.73,Variable
general_manufacturing,balanced_30pct_spot_ppa,PUERTO BRAVO 500,36,38.32,47.3,50.25,0,0,0,0.3,10000,Nivel de precio,0.0,36.6,Variable
general_manufacturing,balanced_30pct_spot_ppa,DUNA HUAMBOS 34.5,31,38.24,49.96,54.56,0,0,0,0.3,10000,Nivel de precio,0.0,37.88,Variable
general_manufacturing,balanced_30pct_spot_ppa,CHIMBOTE1 138,36,38.23,47.97,51.72,0,0,0,0.3,10000,Nivel de precio,0.0,36.96,Variable
general_manufacturing,balanced_30pct_spot_ppa,PUERTO BRAVO 18,36,38.2,47.14,50.12,0,0,0,0.3,10000,Nivel de precio,0.0,36.49,Variable
general_manufacturing,balanced_30pct_spot_ppa,CHAPARRAL 138,18,38.18,47.57,49.6,0,0,0,0.3,10000,Volatilidad,0.0,36.51,Variable
general_manufacturing,balanced_30pct_spot_ppa,CARHUAQUERO 10_S,24,37.81,50.55,51.97,0,0,0,0.3,10000,Nivel de precio,0.0,37.45,Variable
general_manufacturing,balanced_30pct_spot_ppa,LA RAMADA 220,36,37.79,48.74,50.26,0,0,0,0.3,10000,Nivel de precio,0.0,36.73,Variable
general_manufacturing,balanced_30pct_spot_ppa,CHIMBOTE1 220,36,37.5,47.56,51.95,0,0,0,0.3,10000,Nivel de precio,0.0,36.56,Variable
general_manufacturing,balanced_30pct_spot_ppa,CHARCANI I 33,36,37.18,47.02,50.65,0,0,0,0.3,10000,Nivel de precio,0.0,36.09,Variable
general_manufacturing,balanced_30pct_spot_ppa,QUENCORO 138,36,37.11,48.92,52.47,0,0,0,0.3,10000,Nivel de precio,0.0,36.8,Variable
general_manufacturing,balanced_30pct_spot_ppa,DOLORESPATA 138,36,36.87,48.76,52.31,0,0,0,0.3,10000,Nivel de precio,0.0,36.63,Variable
general_manufacturing,balanced_30pct_spot_ppa,QUITARACSA 220,36,35.87,47.81,50.1,0,0,0,0.3,10000,Nivel de precio,0.0,35.61,Variable
general_manufacturing,balanced_30pct_spot_ppa,MAZUCO138,36,35.67,52.14,58.77,0,0,0,0.3,10000,Volatilidad,0.0,37.9,Variable
general_manufacturing,balanced_30pct_spot_ppa,CACHIMAYO 138,36,35.55,47.32,51.82,0,0,0,0.3,10000,Nivel de precio,0.0,35.6,Variable
general_manufacturing,balanced_30pct_spot_ppa,SAN NICOLAS 13.8,36,35.22,44.12,57.42,0,0,0,0.3,10000,Prima de estrés,0.0,35.49,Variable
general_manufacturing,balanced_30pct_spot_ppa,ZAÑA 60,36,34.97,48.26,54.26,0,0,0,0.3,10000,Nivel de precio,0.0,35.94,Variable
general_manufacturing,balanced_30pct_spot_ppa,AGUAYTIA 138,36,34.71,48.15,52.49,0,0,0,0.3,10000,Nivel de precio,0.0,35.53,Variable
general_manufacturing,balanced_30pct_spot_ppa,TINGO MARIA 138,36,34.53,46.72,49.35,0,0,0,0.3,10000,Nivel de precio,0.0,34.62,Variable
general_manufacturing,balanced_30pct_spot_ppa,AGUAYTIA 22.9,36,34.34,47.62,51.66,0,0,0,0.3,10000,Nivel de precio,0.0,35.11,Variable
general_manufacturing,balanced_30pct_spot_ppa,AGUAYTIA 220,36,34.07,47.37,51.33,0,0,0,0.3,10000,Nivel de precio,0.0,34.87,Variable
general_manufacturing,balanced_30pct_spot_ppa,PURMACANA 20,36,34.07,45.79,50.84,0,0,0,0.3,10000,Nivel de precio,0.0,34.41,Variable
general_manufacturing,balanced_30pct_spot_ppa,SAN MARTIN 220,9,33.84,39.59,40.8,0,0,0,0.3,10000,Volatilidad,0.0,31.25,Variable
general_manufacturing,balanced_30pct_spot_ppa,CHARCANI IV 33,36,33.33,45.54,49.28,0,0,0,0.3,10000,Ventanas críticas,0.0,33.78,Variable
general_manufacturing,balanced_30pct_spot_ppa,COTARUSE 220,36,33.03,43.95,50.31,0,0,0,0.3,10000,Ventanas críticas,0.0,33.4,Variable
general_manufacturing,balanced_30pct_spot_ppa,HUALLANCA 138,36,32.95,45.1,50.53,0,0,0,0.3,10000,Nivel de precio,0.0,33.68,Variable
general_manufacturing,balanced_30pct_spot_ppa,PAQUILLUSI 220,9,32.76,42.18,48.08,0,0,0,0.3,10000,Volatilidad,0.0,32.5,Variable
general_manufacturing,balanced_30pct_spot_ppa,HUANUCO 138,36,32.46,43.67,48.12,0,0,0,0.3,10000,Nivel de precio,0.0,32.75,Variable
general_manufacturing,balanced_30pct_spot_ppa,PIEDRA BLANCA 34.5,36,31.65,43.93,48.38,0,0,0,0.3,10000,Nivel de precio,0.0,32.48,Variable
general_manufacturing,balanced_30pct_spot_ppa,SUNNY 220,4,31.59,36.48,36.91,0,0,0,0.3,10000,Volatilidad,0.0,28.87,Variable
general_manufacturing,balanced_30pct_spot_ppa,TUPURI 22.9,36,31.52,48.87,56.26,0,0,0,0.3,10000,Ventanas críticas,0.0,34.84,Variable
general_manufacturing,balanced_30pct_spot_ppa,SAN GABAN 138,36,31.4,48.24,55.1,0,0,0,0.3,10000,Ventanas críticas,0.0,34.45,Variable
general_manufacturing,balanced_30pct_spot_ppa,PARAMONGA NUEVA 220,36,30.88,41.34,50.11,0,0,0,0.3,10000,Ventanas críticas,0.0,31.75,Variable
general_manufacturing,balanced_30pct_spot_ppa,VIZCARRA 220,36,30.7,43.77,51.02,0,0,0,0.3,10000,Ventanas críticas,0.0,32.41,Variable
general_manufacturing,balanced_30pct_spot_ppa,PARAMONGA NUEVA 138,36,30.65,40.98,50.36,0,0,0,0.3,10000,Ventanas críticas,0.0,31.59,Variable
general_manufacturing,balanced_30pct_spot_ppa,OQUENDO 60,36,30.61,41.27,50.51,0,0,0,0.3,10000,Ventanas críticas,0.0,31.67,Variable
general_manufacturing,balanced_30pct_spot_ppa,PARAMONGA EXISTENTE 138,36,30.47,40.68,50.33,0,0,0,0.3,10000,Ventanas críticas,0.0,31.43,Variable
general_manufacturing,balanced_30pct_spot_ppa,MEDIO MUNDO 220,36,30.2,40.1,50.55,0,0,0,0.3,10000,Ventanas críticas,0.0,31.2,Variable
general_manufacturing,balanced_30pct_spot_ppa,PACHACHACA50,36,29.73,39.48,43.18,0,0,0,0.3,10000,Ventanas críticas,0.0,29.72,Variable
general_manufacturing,balanced_30pct_spot_ppa,MARCONA 220,36,29.03,37.27,44.1,0,0,0,0.3,10000,Ventanas críticas,0.0,28.99,Variable
general_manufacturing,balanced_30pct_spot_ppa,POROMA 220,36,28.99,36.18,43.74,0,0,0,0.3,10000,Ventanas críticas,0.0,28.65,Variable
general_manufacturing,balanced_30pct_spot_ppa,LOMERA 220,36,28.46,35.48,45.04,0,0,0,0.3,10000,Ventanas críticas,0.0,28.43,Variable
general_manufacturing,balanced_30pct_spot_ppa,SANTIAGO DE CAO 138,1,28.22,28.22,28.22,0,0,0,0.3,10000,Prima de estrés,0.0,23.99,Sensible
general_manufacturing,balanced_30pct_spot_ppa,HUACHO 220,36,28.21,36.8,44.38,0,0,0,0.3,10000,Ventanas críticas,0.0,28.55,Variable
general_manufacturing,balanced_30pct_spot_ppa,CHAVARRIA 220,36,27.63,33.95,48.07,0,0,0,0.3,10000,Ventanas críticas,0.0,28.13,Variable
general_manufacturing,balanced_30pct_spot_ppa,ZAPALLAL 220,36,27.52,34.0,47.44,0,0,0,0.3,10000,Ventanas críticas,0.0,28.0,Variable
general_manufacturing,balanced_30pct_spot_ppa,MARCONA 60,27,27.52,33.63,38.12,0,0,2,0.3,10000,Ventanas críticas,0.0,26.51,Variable
general_manufacturing,balanced_30pct_spot_ppa,SANTA TERESA 220,36,27.44,40.43,47.13,0,0,0,0.3,10000,Ventanas críticas,0.0,29.52,Variable
general_manufacturing,balanced_30pct_spot_ppa,VENTANILLA 220,36,27.24,32.97,47.46,0,0,0,0.3,10000,Ventanas críticas,0.0,27.62,Variable
general_manufacturing,balanced_30pct_spot_ppa,CARABAYLLO 220,36,27.16,33.78,47.16,0,0,0,0.3,10000,Ventanas críticas,0.0,27.74,Variable
general_manufacturing,balanced_30pct_spot_ppa,ICA 220,36,26.77,34.12,45.23,0,0,0,0.3,10000,Ventanas críticas,0.0,27.36,Variable
general_manufacturing,balanced_30pct_spot_ppa,FLAMENCO 220,26,26.68,33.2,37.37,0,0,0,0.3,10000,Ventanas críticas,0.0,25.91,Variable
general_manufacturing,balanced_30pct_spot_ppa,INDEPENDENCIA 60,36,26.64,32.94,46.65,0,0,0,0.3,10000,Ventanas críticas,0.0,27.22,Variable
general_manufacturing,balanced_30pct_spot_ppa,CT PISCO 60,36,26.64,32.94,46.65,0,0,0,0.3,10000,Ventanas críticas,0.0,27.22,Variable
general_manufacturing,balanced_30pct_spot_ppa,INDUSTRIALES 220,36,26.48,34.94,43.47,0,0,0,0.3,10000,Ventanas críticas,0.0,27.17,Variable
general_manufacturing,balanced_30pct_spot_ppa,CAJAMARQUILLA 220,36,26.38,32.45,46.37,0,0,0,0.3,10000,Ventanas críticas,0.0,26.94,Variable
general_manufacturing,balanced_30pct_spot_ppa,CT INDEPENDENCIA 60,36,26.15,32.28,46.11,0,0,0,0.3,10000,Ventanas críticas,0.0,26.76,Variable
general_manufacturing,balanced_30pct_spot_ppa,ERSUR 220,26,26.14,32.18,36.06,0,0,0,0.3,10000,Ventanas críticas,0.0,25.22,Variable
general_manufacturing,balanced_30pct_spot_ppa,NAZCA NUEVA 220,23,26.12,31.96,36.7,0,0,0,0.3,10000,Ventanas críticas,0.0,25.25,Variable
general_manufacturing,balanced_30pct_spot_ppa,PLANICIE 220,36,25.9,32.53,36.86,0,0,0,0.3,10000,Ventanas críticas,0.0,25.32,Variable
general_manufacturing,balanced_30pct_spot_ppa,SANTA ROSA 220,36,25.83,34.33,47.91,0,0,0,0.3,10000,Ventanas críticas,0.0,27.39,Variable
general_manufacturing,balanced_30pct_spot_ppa,CHINCHA NUEVA 220,23,25.57,33.88,44.23,0,0,0,0.3,10000,Ventanas críticas,0.0,26.61,Variable
general_manufacturing,balanced_30pct_spot_ppa,CARAPONGO 220,36,25.55,31.87,45.86,0,0,0,0.3,10000,Ventanas críticas,0.0,26.35,Variable
general_manufacturing,balanced_30pct_spot_ppa,INDEPENDENCIA 220,36,25.5,31.63,45.53,0,0,0,0.3,10000,Ventanas críticas,0.0,26.21,Variable
general_manufacturing,balanced_30pct_spot_ppa,HUANCHOR 50,36,25.41,42.79,52.34,0,0,0,0.3,10000,Ventanas críticas,0.0,29.98,Variable
general_manufacturing,balanced_30pct_spot_ppa,CHEVES 220,36,25.39,33.98,43.18,0,0,0,0.3,10000,Ventanas críticas,0.0,26.4,Variable
general_manufacturing,balanced_30pct_spot_ppa,MARAÑON 60,36,25.26,36.28,48.89,0,0,0,0.3,10000,Ventanas críticas,0.0,27.77,Variable
general_manufacturing,balanced_30pct_spot_ppa,MACHUPICCHU 138,36,25.13,39.36,44.93,0,0,0,0.3,10000,Ventanas críticas,0.0,27.89,Variable
general_manufacturing,balanced_30pct_spot_ppa,PARAGSHA2 138,36,24.82,33.34,43.12,0,0,0,0.3,10000,Ventanas críticas,0.0,25.97,Variable
general_manufacturing,balanced_30pct_spot_ppa,CHEVES 13.8,36,24.55,33.28,42.87,0,0,0,0.3,10000,Ventanas críticas,0.0,25.8,Variable
general_manufacturing,balanced_30pct_spot_ppa,CAHUA138,36,24.19,33.5,50.29,0,0,0,0.3,10000,Ventanas críticas,0.0,26.81,Variable
general_manufacturing,balanced_30pct_spot_ppa,DESIERTO 220,35,23.83,29.19,43.11,0,0,0,0.3,10000,Ventanas críticas,0.0,24.49,Variable
general_manufacturing,balanced_30pct_spot_ppa,CANTERA 220,36,23.61,28.55,44.07,0,0,0,0.3,10000,Ventanas críticas,0.0,24.37,Variable
general_manufacturing,balanced_30pct_spot_ppa,HUINCO 220,36,23.34,30.21,43.9,0,0,0,0.3,10000,Ventanas críticas,0.0,24.64,Variable
general_manufacturing,balanced_30pct_spot_ppa,CALLAHUANCA EDEGEL 220,36,23.33,27.56,35.12,0,0,0,0.3,10000,Ventanas críticas,0.0,22.65,Variable
general_manufacturing,balanced_30pct_spot_ppa,PUNTA LOMITAS II,36,23.32,27.76,33.62,0,0,0,0.3,10000,Ventanas críticas,0.0,22.48,Variable
general_manufacturing,balanced_30pct_spot_ppa,PUNTA LOMITAS I,36,23.29,27.86,32.15,0,0,0,0.3,10000,Ventanas críticas,0.0,22.27,Variable
general_manufacturing,balanced_30pct_spot_ppa,PARAGSHA2 220,36,22.99,32.25,41.73,0,0,0,0.3,10000,Ventanas críticas,0.0,24.67,Variable
general_manufacturing,balanced_30pct_spot_ppa,SAN JUAN 220,36,22.87,28.94,37.68,0,0,0,0.3,10000,Ventanas críticas,0.0,23.18,Variable
general_manufacturing,balanced_30pct_spot_ppa,HUAMPANI 60,36,22.79,30.26,44.94,0,0,0,0.3,10000,Ventanas críticas,0.0,24.56,Variable
general_manufacturing,balanced_30pct_spot_ppa,HUANZA 220,36,22.78,29.75,42.2,0,0,0,0.3,10000,Ventanas críticas,0.0,24.02,Variable
general_manufacturing,balanced_30pct_spot_ppa,CHILCA500,36,22.56,27.81,32.34,0,0,0,0.3,10000,Ventanas críticas,0.0,21.96,Variable
general_manufacturing,balanced_30pct_spot_ppa,OLLEROS 500,36,22.24,27.56,32.72,0,0,0,0.3,10000,Ventanas críticas,0.0,21.81,Variable
general_manufacturing,balanced_30pct_spot_ppa,POMACOCHA 220,36,22.15,27.91,30.66,0,0,0,0.3,10000,Ventanas críticas,0.0,21.55,Variable
general_manufacturing,balanced_30pct_spot_ppa,SANTA ANA 138,6,21.99,26.78,30.03,0,0,0,0.3,10000,Ventanas críticas,0.0,21.09,Variable
general_manufacturing,balanced_30pct_spot_ppa,OROYA NUEVA 220,36,21.92,28.13,31.53,0,0,0,0.3,10000,Ventanas críticas,0.0,21.63,Variable
general_manufacturing,balanced_30pct_spot_ppa,FENIX 500,36,21.92,27.17,32.14,0,0,0,0.3,10000,Ventanas críticas,0.0,21.48,Variable
general_manufacturing,balanced_30pct_spot_ppa,CHIRIBAMBA 220,22,21.77,26.94,33.69,0,0,0,0.3,10000,Ventanas críticas,0.0,21.58,Variable
general_manufacturing,balanced_30pct_spot_ppa,PACHACHACA 220,36,21.7,27.1,31.37,0,0,0,0.3,10000,Ventanas críticas,0.0,21.25,Variable
general_manufacturing,balanced_30pct_spot_ppa,ALTO PRADERAS 220,36,21.58,27.65,43.3,0,0,0,0.3,10000,Ventanas críticas,0.0,23.12,Variable
general_manufacturing,balanced_30pct_spot_ppa,CARHUAMAYO 138,36,21.45,29.91,33.34,0,0,0,0.3,10000,Ventanas críticas,0.0,22.13,Variable
general_manufacturing,balanced_30pct_spot_ppa,MATUCANA 220,36,21.35,25.42,33.86,0,0,0,0.3,10000,Ventanas críticas,0.0,21.04,Variable
general_manufacturing,balanced_30pct_spot_ppa,ASIA 220,36,21.31,26.64,43.48,0,0,0,0.3,10000,Ventanas críticas,0.0,22.77,Variable
general_manufacturing,balanced_30pct_spot_ppa,YANANGO 220,36,21.26,27.09,33.43,0,0,0,0.3,10000,Ventanas críticas,0.0,21.36,Variable
general_manufacturing,balanced_30pct_spot_ppa,CS COENERGY 22.9,1,21.2,21.2,21.2,0,0,0,0.3,10000,Volatilidad,0.0,18.02,Variable
general_manufacturing,balanced_30pct_spot_ppa,MOYOPAMPA 60,36,21.05,26.98,32.62,0,0,0,0.3,10000,Ventanas críticas,0.0,21.11,Variable
general_manufacturing,balanced_30pct_spot_ppa,SANTA ISABEL 220,36,20.48,29.06,33.04,0,0,0,0.3,10000,Ventanas críticas,0.0,21.44,Variable
general_manufacturing,balanced_30pct_spot_ppa,OROYA NUEVA 50,36,20.23,27.58,31.3,0,0,0,0.3,10000,Ventanas críticas,0.0,20.69,Variable
general_manufacturing,balanced_30pct_spot_ppa,CHAGLLA 220,36,19.74,29.88,32.08,0,0,0,0.3,10000,Ventanas críticas,0.0,21.16,Variable
general_manufacturing,balanced_30pct_spot_ppa,CONDORCOCHA 44,36,19.71,27.25,32.28,0,0,0,0.3,10000,Ventanas críticas,0.0,20.52,Variable
general_manufacturing,balanced_30pct_spot_ppa,CONDORCOCHA 138,36,19.37,26.76,32.17,0,0,0,0.3,10000,Ventanas críticas,0.0,20.23,Variable
general_manufacturing,balanced_30pct_spot_ppa,CHILCA UNO 220,36,19.25,24.34,31.29,0,0,0,0.3,10000,Ventanas críticas,0.0,19.44,Variable
general_manufacturing,balanced_30pct_spot_ppa,CHIMAY 220,36,19.12,24.36,30.35,0,0,0,0.3,10000,Ventanas críticas,0.0,19.25,Variable
general_manufacturing,balanced_30pct_spot_ppa,CARIPA 138,36,19.07,26.33,31.48,0,0,0,0.3,10000,Ventanas críticas,0.0,19.89,Variable
general_manufacturing,balanced_30pct_spot_ppa,HUAYUCACHI 220,36,18.88,23.25,27.42,0,0,0,0.3,10000,Ventanas críticas,0.0,18.42,Variable
general_manufacturing,balanced_30pct_spot_ppa,CH OROYA 50,36,18.71,24.51,30.27,0,0,0,0.3,10000,Ventanas críticas,0.0,19.09,Variable
general_manufacturing,balanced_30pct_spot_ppa,LAS FLORES 220,36,18.61,23.91,31.03,0,0,0,0.3,10000,Ventanas críticas,0.0,19.01,Variable
general_manufacturing,balanced_30pct_spot_ppa,HUANCAVELICA 220,36,18.58,22.99,28.79,0,0,0,0.3,10000,Ventanas críticas,0.0,18.42,Variable
general_manufacturing,balanced_30pct_spot_ppa,CHILCA DOS 13.8,36,18.35,23.94,30.31,0,0,0,0.3,10000,Ventanas críticas,0.0,18.79,Variable
general_manufacturing,balanced_30pct_spot_ppa,YAUPI 138,36,18.28,25.84,32.63,0,0,0,0.3,10000,Ventanas críticas,0.0,19.58,Variable
general_manufacturing,balanced_30pct_spot_ppa,CALLAHUANCA 60,36,18.2,23.88,32.91,0,0,0,0.3,10000,Ventanas críticas,0.0,19.1,Variable
general_manufacturing,balanced_30pct_spot_ppa,CERRO DEL AGUILA 220,36,17.94,23.34,27.53,0,0,0,0.3,10000,Ventanas críticas,0.0,18.04,Variable
general_manufacturing,balanced_30pct_spot_ppa,CHILCA REP 220,36,17.75,23.42,30.11,0,0,0,0.3,10000,Ventanas críticas,0.0,18.36,Variable
general_manufacturing,balanced_30pct_spot_ppa,LA VIRGEN 138,36,17.5,24.72,30.22,0,0,0,0.3,10000,Ventanas críticas,0.0,18.59,Variable
general_manufacturing,balanced_30pct_spot_ppa,YAUPI13.8,36,17.48,24.62,31.96,0,0,0,0.3,10000,Ventanas críticas,0.0,18.82,Variable
general_manufacturing,balanced_30pct_spot_ppa,YARUCAYA 13.8,36,16.72,21.87,33.66,0,0,0,0.3,10000,Ventanas críticas,0.0,18.04,Variable
general_manufacturing,balanced_30pct_spot_ppa,CAMPO ARMIÑO 220,36,16.03,20.01,22.23,0,0,0,0.3,10000,Ventanas críticas,0.0,15.55,Variable
general_manufacturing,balanced_30pct_spot_ppa,MALPASO 50,36,15.99,21.1,26.38,0,0,0,0.3,10000,Ventanas críticas,0.0,16.43,Variable
general_manufacturing,balanced_30pct_spot_ppa,RESTITUCIÓN 220,36,15.54,19.49,21.56,0,0,0,0.3,10000,Ventanas críticas,0.0,15.1,Variable
general_manufacturing,balanced_30pct_spot_ppa,CORACORA 60,4,14.94,23.33,27.73,0,0,4,0.3,10000,Prima de estrés,0.0,16.71,Variable
general_manufacturing,balanced_30pct_spot_ppa,NAZCA 22.9,4,14.52,22.87,27.35,0,0,4,0.3,10000,Prima de estrés,0.0,16.36,Variable
general_manufacturing,balanced_30pct_spot_ppa,PLATANAL 220,36,14.32,18.64,20.65,0,0,0,0.3,10000,Ventanas críticas,0.0,14.2,Variable
general_manufacturing,balanced_30pct_spot_ppa,LLIPATA 60,4,13.98,22.42,27.22,0,0,4,0.3,10000,Prima de estrés,0.0,15.98,Variable
general_manufacturing,balanced_30pct_spot_ppa,ALTO LA LUNA 10,14,11.83,17.8,19.72,0,0,11,0.3,10000,Prima de estrés,0.0,12.73,Variable
general_manufacturing,balanced_30pct_spot_ppa,ALTO LA LUNA 60,14,11.53,17.27,19.22,0,0,11,0.3,10000,Prima de estrés,0.0,12.39,Variable
general_manufacturing,balanced_30pct_spot_ppa,PISCO 10,14,11.32,16.85,18.73,0,0,11,0.3,10000,Prima de estrés,0.0,12.12,Variable
general_manufacturing,balanced_30pct_spot_ppa,VILLACURI 22.9,14,11.23,17.0,19.48,0,0,11,0.3,10000,Prima de estrés,0.0,12.22,Variable
general_manufacturing,balanced_30pct_spot_ppa,PARACAS 22,14,11.15,16.7,22.5,0,0,11,0.3,10000,Prima de estrés,0.0,12.57,Variable
general_manufacturing,balanced_30pct_spot_ppa,PARACAS 10,14,11.07,16.25,22.68,0,0,11,0.3,10000,Prima de estrés,0.0,12.45,Variable
general_manufacturing,balanced_30pct_spot_ppa,TAMBO DE MORA 10,5,10.65,15.46,19.94,0,0,4,0.3,10000,Prima de estrés,0.0,11.65,Variable
general_manufacturing,balanced_30pct_spot_ppa,VILLACURI 60,14,10.44,15.54,18.37,0,0,11,0.3,10000,Prima de estrés,0.0,11.34,Variable
general_manufacturing,balanced_30pct_spot_ppa,PEDREGAL 10,5,10.16,15.13,19.38,0,0,4,0.3,10000,Prima de estrés,0.0,11.26,Variable
general_manufacturing,balanced_30pct_spot_ppa,PUEBLO NUEVO 10,5,9.7,13.57,15.81,0,0,4,0.3,10000,Prima de estrés,0.0,10.13,Variable
general_manufacturing,balanced_30pct_spot_ppa,INDEPENDENCIA 10,14,9.51,13.32,20.44,0,0,11,0.3,10000,Prima de estrés,0.0,10.68,Variable
general_manufacturing,balanced_30pct_spot_ppa,CHALA 60,1,8.41,8.41,8.41,0,0,1,0.3,10000,Prima de estrés,0.0,7.15,Variable
general_manufacturing,balanced_30pct_spot_ppa,BELLA UNION 60,1,7.97,7.97,7.97,0,0,1,0.3,10000,Prima de estrés,0.0,6.77,Variable
general_manufacturing,balanced_30pct_spot_ppa,JAHUAY 60,1,7.45,7.45,7.45,0,0,1,0.3,10000,Prima de estrés,0.0,6.33,Variable
general_manufacturing,balanced_30pct_spot_ppa,FUNSUR 60,1,7.34,7.34,7.34,0,0,1,0.3,10000,Prima de estrés,0.0,6.24,Variable
general_manufacturing,balanced_30pct_spot_ppa,MINA 60,1,6.77,6.77,6.77,0,0,1,0.3,10000,Prima de estrés,0.0,5.76,Variable
general_manufacturing,balanced_30pct_spot_ppa,HUARANGO 60,1,6.26,6.26,6.26,0,0,1,0.3,10000,Prima de estrés,0.0,5.32,Variable
general_manufacturing,balanced_30pct_spot_ppa,LOMAS 60,1,6.26,6.26,6.26,0,0,1,0.3,10000,Prima de estrés,0.0,5.32,Variable
general_manufacturing,fixed_reference_ppa,PLANTAETANOL 60,36,40.96,50.54,53.07,0,0,0,0.0,10000,Nivel de precio,0.0,39.03,Estable
general_manufacturing,fixed_reference_ppa,HUAYLLACHO 15,36,40.87,50.32,53.27,0,0,0,0.0,10000,Nivel de precio,0.0,38.96,Estable
general_manufacturing,fixed_reference_ppa,ZORRITOS 220,36,40.77,50.69,52.94,0,0,0,0.0,10000,Nivel de precio,0.0,38.96,Estable
general_manufacturing,fixed_reference_ppa,SAN IGNACIO 15,36,40.73,50.07,53.13,0,0,0,0.0,10000,Nivel de precio,0.0,38.81,Estable
general_manufacturing,fixed_reference_ppa,SAN ANTONIO 15,36,40.72,50.07,53.13,0,0,0,0.0,10000,Nivel de precio,0.0,38.81,Estable
general_manufacturing,fixed_reference_ppa,NCTUMBES60,36,40.63,50.78,53.01,0,0,0,0.0,10000,Nivel de precio,0.0,38.93,Estable
general_manufacturing,fixed_reference_ppa,GE1 33,36,40.35,50.02,51.78,0,0,0,0.0,10000,Nivel de precio,0.0,38.43,Estable
general_manufacturing,fixed_reference_ppa,TINTAYA EXISTENTE 138,36,40.21,49.84,53.04,0,0,0,0.0,10000,Nivel de precio,0.0,38.51,Estable
general_manufacturing,fixed_reference_ppa,PIURA OESTE 220,36,40.09,50.17,50.98,0,0,0,0.0,10000,Nivel de precio,0.0,38.23,Estable
general_manufacturing,fixed_reference_ppa,MISAPUQUIO 33,36,40.07,49.83,52.94,0,0,0,0.0,10000,Nivel de precio,0.0,38.43,Estable
general_manufacturing,fixed_reference_ppa,TALARA 220,36,40.04,49.87,50.72,0,0,0,0.0,10000,Nivel de precio,0.0,38.09,Estable
general_manufacturing,fixed_reference_ppa,TINTAYA NUEVA 220,36,40.02,49.53,52.8,0,0,0,0.0,10000,Nivel de precio,0.0,38.31,Estable
general_manufacturing,fixed_reference_ppa,BELAUNDE 138,36,40.02,49.23,52.12,0,0,0,0.0,10000,Nivel de precio,0.0,38.13,Estable
general_manufacturing,fixed_reference_ppa,GALLITO CIEGO 60,36,40.01,49.0,51.98,0,0,0,0.0,10000,Nivel de precio,0.0,38.05,Estable
general_manufacturing,fixed_reference_ppa,TALARA13.2,36,39.88,50.01,50.84,0,0,0,0.0,10000,Nivel de precio,0.0,38.08,Estable
general_manufacturing,fixed_reference_ppa,VALLE DEL CHIRA 220,14,36.88,46.55,48.17,0,0,0,0.0,10000,Nivel de precio,0.0,35.46,Estable
general_manufacturing,fixed_reference_ppa,PARIAC 66,36,36.82,46.51,49.97,0,0,0,0.0,10000,Nivel de precio,0.0,35.69,Estable
general_manufacturing,fixed_reference_ppa,JULIACA10,36,35.92,45.14,48.45,0,0,0,0.0,10000,Nivel de precio,0.0,34.72,Estable
general_manufacturing,fixed_reference_ppa,JAEN 138,24,34.71,44.7,47.58,0,0,0,0.0,10000,Nivel de precio,0.0,33.93,Estable
general_manufacturing,fixed_reference_ppa,TOCACHE 138,36,32.78,41.8,46.2,0,0,0,0.0,10000,Nivel de precio,0.0,32.13,Estable
general_manufacturing,fixed_reference_ppa,JULIACA 138,36,31.57,40.96,44.06,0,0,0,0.0,10000,Nivel de precio,0.0,31.06,Estable
general_manufacturing,fixed_reference_ppa,GUADALUPE 60,36,31.38,39.9,42.43,0,0,0,0.0,10000,Nivel de precio,0.0,30.46,Estable
general_manufacturing,fixed_reference_ppa,CALLALLI 138,36,30.55,40.39,43.9,0,0,0,0.0,10000,Nivel de precio,0.0,30.43,Estable
general_manufacturing,fixed_reference_ppa,LA BREA 220,21,30.01,39.22,41.81,0,0,0,0.0,10000,Nivel de precio,0.0,29.58,Estable
general_manufacturing,fixed_reference_ppa,PUERTO MALDONADO 10,36,29.38,39.38,42.05,0,0,0,0.0,10000,Nivel de precio,0.0,29.37,Estable
general_manufacturing,fixed_reference_ppa,AYAVIRI 138,36,29.38,39.11,42.37,0,0,0,0.0,10000,Nivel de precio,0.0,29.35,Estable
general_manufacturing,fixed_reference_ppa,PUNO 138,36,29.33,38.68,42.0,0,0,0,0.0,10000,Nivel de precio,0.0,29.17,Estable
general_manufacturing,fixed_reference_ppa,PUERTO MALDONADO 138,36,29.31,39.03,43.05,0,0,0,0.0,10000,Nivel de precio,0.0,29.4,Estable
general_manufacturing,fixed_reference_ppa,CHICLAYO 220,36,29.31,38.21,39.88,0,0,0,0.0,10000,Nivel de precio,0.0,28.72,Estable
general_manufacturing,fixed_reference_ppa,ILO1 138,36,29.26,38.06,41.63,0,0,0,0.0,10000,Nivel de precio,0.0,28.93,Estable
general_manufacturing,fixed_reference_ppa,PUNO 220,36,29.06,38.51,41.7,0,0,0,0.0,10000,Nivel de precio,0.0,28.96,Estable
general_manufacturing,fixed_reference_ppa,TOQUEPALA 138,36,29.05,37.63,41.57,0,0,0,0.0,10000,Nivel de precio,0.0,28.72,Estable
general_manufacturing,fixed_reference_ppa,MOLLENDO 138,36,29.0,38.36,41.86,0,0,0,0.0,10000,Nivel de precio,0.0,28.92,Estable
general_manufacturing,fixed_reference_ppa,CACLIC 220,36,29.0,37.9,40.32,0,0,0,0.0,10000,Nivel de precio,0.0,28.58,Estable
general_manufacturing,fixed_reference_ppa,CT ETEN 220,36,29.0,37.76,39.78,0,0,0,0.0,10000,Nivel de precio,0.0,28.46,Estable
general_manufacturing,fixed_reference_ppa,RECKA 220,36,28.97,37.75,39.59,0,0,0,0.0,10000,Nivel de precio,0.0,28.41,Estable
general_manufacturing,fixed_reference_ppa,ETEN 18,36,28.94,37.62,39.68,0,0,0,0.0,10000,Nivel de precio,0.0,28.38,Estable
general_manufacturing,fixed_reference_ppa,RECKA 18,36,28.92,37.75,39.49,0,0,0,0.0,10000,Nivel de precio,0.0,28.38,Estable
general_manufacturing,fixed_reference_ppa,ILO ELP 138,36,28.89,37.77,41.33,0,0,0,0.0,10000,Nivel de precio,0.0,28.64,Estable
general_manufacturing,fixed_reference_ppa,AZANGARO 138,36,28.85,38.33,41.83,0,0,0,0.0,10000,Nivel de precio,0.0,28.84,Estable
general_manufacturing,fixed_reference_ppa,PUCALLPA 60,36,28.83,37.22,42.62,0,0,0,0.0,10000,Nivel de precio,0.0,28.67,Estable
general_manufacturing,fixed_reference_ppa,CT PLANTA PUCALLPA 60,36,28.8,37.03,42.52,0,0,0,0.0,10000,Nivel de precio,0.0,28.59,Estable
general_manufacturing,fixed_reference_ppa,LA NIÑA 220,36,28.75,37.56,40.0,0,0,0,0.0,10000,Nivel de precio,0.0,28.33,Estable
general_manufacturing,fixed_reference_ppa,CUTERVO 138,36,28.74,37.41,39.05,0,0,0,0.0,10000,Nivel de precio,0.0,28.14,Estable
general_manufacturing,fixed_reference_ppa,CHILINA 33,36,28.57,38.02,40.78,0,0,0,0.0,10000,Nivel de precio,0.0,28.48,Estable
general_manufacturing,fixed_reference_ppa,ARICOTA2 138,36,28.57,36.98,41.06,0,0,0,0.0,10000,Nivel de precio,0.0,28.26,Estable
general_manufacturing,fixed_reference_ppa,PUCALLPA 138,36,28.49,36.53,42.11,0,0,0,0.0,10000,Nivel de precio,0.0,28.27,Estable
general_manufacturing,fixed_reference_ppa,COMBAPATA 138,36,28.43,37.9,39.96,0,0,0,0.0,10000,Nivel de precio,0.0,28.26,Estable
general_manufacturing,fixed_reference_ppa,BOTIFLACA 138,36,28.43,37.2,40.95,0,0,0,0.0,10000,Nivel de precio,0.0,28.24,Estable
general_manufacturing,fixed_reference_ppa,REPARTICIÓN 138,36,28.3,37.38,41.15,0,0,0,0.0,10000,Nivel de precio,0.0,28.25,Estable
general_manufacturing,fixed_reference_ppa,GUADALUPE 220,36,28.27,36.64,39.22,0,0,0,0.0,10000,Nivel de precio,0.0,27.77,Estable
general_manufacturing,fixed_reference_ppa,ARICOTA 66,36,28.26,36.52,40.75,0,0,0,0.0,10000,Nivel de precio,0.0,27.96,Estable
general_manufacturing,fixed_reference_ppa,PLANTA CASA GRANDE 13.8,1,28.1,28.1,28.1,0,0,0,0.0,10000,Nivel de precio,0.0,23.88,Sensible
general_manufacturing,fixed_reference_ppa,LOS HEROES 66,36,27.98,36.27,40.04,0,0,0,0.0,10000,Nivel de precio,0.0,27.66,Variable
general_manufacturing,fixed_reference_ppa,CHILINA 138,36,27.93,37.08,40.66,0,0,0,0.0,10000,Nivel de precio,0.0,27.94,Variable
general_manufacturing,fixed_reference_ppa,ARICOTA1 66,36,27.89,36.25,39.91,0,0,0,0.0,10000,Nivel de precio,0.0,27.6,Variable
general_manufacturing,fixed_reference_ppa,AUCAYACU 138,36,27.81,35.7,40.01,0,0,0,0.0,10000,Nivel de precio,0.0,27.44,Variable
general_manufacturing,fixed_reference_ppa,PLANTA SAN JACINTO 13.8,36,27.73,35.4,38.83,0,0,0,0.0,10000,Nivel de precio,0.0,27.15,Variable
general_manufacturing,fixed_reference_ppa,CERRO VERDE 138,36,27.59,36.3,39.55,0,0,0,0.0,10000,Nivel de precio,0.0,27.42,Variable
general_manufacturing,fixed_reference_ppa,LOS HEROES 220,36,27.57,35.61,39.44,0,0,0,0.0,10000,Nivel de precio,0.0,27.23,Variable
general_manufacturing,fixed_reference_ppa,CAJAMARCA 220,36,27.55,36.07,38.18,0,0,0,0.0,10000,Nivel de precio,0.0,27.14,Variable
general_manufacturing,fixed_reference_ppa,BIOENERGIA 13.8,36,27.53,37.01,38.86,0,0,0,0.0,10000,Nivel de precio,0.0,27.47,Variable
general_manufacturing,fixed_reference_ppa,TRUJILLO 220,36,27.38,35.08,39.1,0,0,0,0.0,10000,Nivel de precio,0.0,26.96,Variable
general_manufacturing,fixed_reference_ppa,CARHUAQUERO 220,36,27.35,36.03,38.2,0,0,0,0.0,10000,Nivel de precio,0.0,27.05,Variable
general_manufacturing,fixed_reference_ppa,AGROLMOS 60,6,27.2,34.88,36.48,0,0,0,0.0,10000,Nivel de precio,0.0,26.43,Variable
general_manufacturing,fixed_reference_ppa,SANTUARIO 138,36,27.18,36.0,39.54,0,0,0,0.0,10000,Nivel de precio,0.0,27.16,Variable
general_manufacturing,fixed_reference_ppa,MOQUEGUA 138,36,27.18,35.22,38.78,0,0,0,0.0,10000,Nivel de precio,0.0,26.85,Variable
general_manufacturing,fixed_reference_ppa,SOCABAYA 138,36,27.01,35.86,39.04,0,0,0,0.0,10000,Nivel de precio,0.0,26.98,Variable
general_manufacturing,fixed_reference_ppa,MOQUEGUA 220,36,26.92,34.98,38.34,0,0,0,0.0,10000,Nivel de precio,0.0,26.61,Variable
general_manufacturing,fixed_reference_ppa,CHAPARRAL 138,18,26.78,33.17,35.5,0,0,0,0.0,10000,Volatilidad,0.0,25.67,Variable
general_manufacturing,fixed_reference_ppa,DUNA HUAMBOS 34.5,31,26.77,34.32,38.67,0,0,0,0.0,10000,Nivel de precio,0.0,26.43,Variable
general_manufacturing,fixed_reference_ppa,LA RAMADA 220,36,26.76,34.8,37.81,0,0,0,0.0,10000,Nivel de precio,0.0,26.42,Variable
general_manufacturing,fixed_reference_ppa,CHARCANI VI 33,36,26.75,33.99,37.14,0,0,0,0.0,10000,Nivel de precio,0.0,26.11,Variable
general_manufacturing,fixed_reference_ppa,SOCABAYA 220,36,26.72,35.38,38.45,0,0,0,0.0,10000,Nivel de precio,0.0,26.64,Variable
general_manufacturing,fixed_reference_ppa,ILO2 220,36,26.68,34.67,38.11,0,0,0,0.0,10000,Nivel de precio,0.0,26.39,Variable
general_manufacturing,fixed_reference_ppa,MAZUCO138,36,26.61,36.88,42.08,0,0,0,0.0,10000,Volatilidad,0.0,27.51,Variable
general_manufacturing,fixed_reference_ppa,ZAÑA 60,36,26.61,34.27,38.76,0,0,0,0.0,10000,Nivel de precio,0.0,26.36,Variable
general_manufacturing,fixed_reference_ppa,CHIMBOTE1 138,36,26.6,34.53,38.3,0,0,0,0.0,10000,Nivel de precio,0.0,26.35,Variable
general_manufacturing,fixed_reference_ppa,HUALLIN60,21,26.6,34.29,38.47,0,0,0,0.0,10000,Nivel de precio,0.0,26.31,Sensible
general_manufacturing,fixed_reference_ppa,QUENCORO 138,36,26.49,35.55,38.4,0,0,0,0.0,10000,Nivel de precio,0.0,26.57,Variable
general_manufacturing,fixed_reference_ppa,MONTALVO 220,36,26.44,34.28,38.0,0,0,0,0.0,10000,Nivel de precio,0.0,26.17,Variable
general_manufacturing,fixed_reference_ppa,DOLORESPATA 138,36,26.33,35.38,38.31,0,0,0,0.0,10000,Nivel de precio,0.0,26.44,Variable
general_manufacturing,fixed_reference_ppa,CHIMBOTE1 220,36,26.33,33.99,38.6,0,0,0,0.0,10000,Nivel de precio,0.0,26.14,Variable
general_manufacturing,fixed_reference_ppa,AGUAYTIA 138,36,26.14,33.97,38.76,0,0,0,0.0,10000,Nivel de precio,0.0,26.07,Variable
general_manufacturing,fixed_reference_ppa,QUITARACSA 220,36,26.14,34.32,37.4,0,0,0,0.0,10000,Nivel de precio,0.0,25.96,Variable
general_manufacturing,fixed_reference_ppa,RUBI 220,33,26.02,33.62,37.9,0,0,0,0.0,10000,Volatilidad,0.0,25.8,Variable
general_manufacturing,fixed_reference_ppa,S.E. ILO4 500,36,26.0,33.31,37.14,0,0,0,0.0,10000,Nivel de precio,0.0,25.6,Variable
general_manufacturing,fixed_reference_ppa,AGUAYTIA 22.9,36,25.86,33.82,38.0,0,0,0,0.0,10000,Nivel de precio,0.0,25.79,Variable
general_manufacturing,fixed_reference_ppa,TINGO MARIA 138,36,25.81,33.23,37.1,0,0,0,0.0,10000,Nivel de precio,0.0,25.49,Variable
general_manufacturing,fixed_reference_ppa,PURMACANA 20,36,25.74,33.46,36.69,0,0,0,0.0,10000,Nivel de precio,0.0,25.45,Variable
general_manufacturing,fixed_reference_ppa,SANTIAGO DE CAO 138,1,25.74,25.74,25.74,0,0,0,0.0,10000,Prima de estrés,0.0,21.88,Sensible
general_manufacturing,fixed_reference_ppa,CACHIMAYO 138,36,25.7,34.64,38.03,0,0,0,0.0,10000,Nivel de precio,0.0,25.93,Variable
general_manufacturing,fixed_reference_ppa,PAQUILLUSI 220,9,25.66,32.96,35.14,0,0,0,0.0,10000,Volatilidad,0.0,25.06,Variable
general_manufacturing,fixed_reference_ppa,AGUAYTIA 220,36,25.65,33.66,37.71,0,0,0,0.0,10000,Nivel de precio,0.0,25.61,Variable
general_manufacturing,fixed_reference_ppa,CHARCANI I 33,36,25.64,33.37,36.2,0,0,0,0.0,10000,Nivel de precio,0.0,25.31,Variable
general_manufacturing,fixed_reference_ppa,SAN JOSE 500,36,25.59,33.09,36.61,0,0,0,0.0,10000,Nivel de precio,0.0,25.28,Variable
general_manufacturing,fixed_reference_ppa,PUERTO BRAVO 500,36,25.49,33.01,36.25,0,0,0,0.0,10000,Nivel de precio,0.0,25.16,Variable
general_manufacturing,fixed_reference_ppa,PUERTO BRAVO 18,36,25.41,32.75,36.15,0,0,0,0.0,10000,Nivel de precio,0.0,25.04,Variable
general_manufacturing,fixed_reference_ppa,SAN NICOLAS 13.8,36,25.29,32.05,40.29,0,0,0,0.0,10000,Prima de estrés,0.0,25.44,Variable
general_manufacturing,fixed_reference_ppa,HUALLANCA 138,36,25.29,33.13,37.18,0,0,0,0.0,10000,Nivel de precio,0.0,25.24,Variable
general_manufacturing,fixed_reference_ppa,SAN MARTIN 220,9,25.07,29.82,30.51,0,0,0,0.0,10000,Volatilidad,0.0,23.31,Variable
general_manufacturing,fixed_reference_ppa,HUANUCO 138,36,24.92,32.61,35.49,0,0,0,0.0,10000,Nivel de precio,0.0,24.69,Variable
general_manufacturing,fixed_reference_ppa,CARHUAQUERO 10_S,24,24.86,34.55,37.14,0,0,0,0.0,10000,Nivel de precio,0.0,25.4,Variable
general_manufacturing,fixed_reference_ppa,PARAMONGA NUEVA 220,36,24.66,31.9,35.9,0,0,0,0.0,10000,Ventanas críticas,0.0,24.46,Variable
general_manufacturing,fixed_reference_ppa,PIEDRA BLANCA 34.5,36,24.66,31.89,35.1,0,0,0,0.0,10000,Nivel de precio,0.0,24.34,Variable
general_manufacturing,fixed_reference_ppa,CHARCANI IV 33,36,24.5,32.37,35.77,0,0,0,0.0,10000,Ventanas críticas,0.0,24.48,Variable
general_manufacturing,fixed_reference_ppa,PARAMONGA NUEVA 138,36,24.48,31.91,36.11,0,0,0,0.0,10000,Ventanas críticas,0.0,24.41,Variable
general_manufacturing,fixed_reference_ppa,VIZCARRA 220,36,24.42,32.84,38.98,0,0,0,0.0,10000,Ventanas críticas,0.0,25.05,Variable
general_manufacturing,fixed_reference_ppa,PARAMONGA EXISTENTE 138,36,24.38,31.77,36.03,0,0,0,0.0,10000,Ventanas críticas,0.0,24.32,Variable
general_manufacturing,fixed_reference_ppa,COTARUSE 220,36,24.37,31.5,37.36,0,0,0,0.0,10000,Ventanas críticas,0.0,24.45,Variable
general_manufacturing,fixed_reference_ppa,MEDIO MUNDO 220,36,24.31,31.45,36.23,0,0,0,0.0,10000,Ventanas críticas,0.0,24.24,Variable
general_manufacturing,fixed_reference_ppa,SUNNY 220,4,24.07,29.85,31.51,0,0,0,0.0,10000,Volatilidad,0.0,23.02,Variable
general_manufacturing,fixed_reference_ppa,OQUENDO 60,36,24.04,30.34,37.93,0,0,0,0.0,10000,Ventanas críticas,0.0,24.09,Variable
general_manufacturing,fixed_reference_ppa,SAN GABAN 138,36,23.89,33.42,39.66,0,0,0,0.0,10000,Ventanas críticas,0.0,25.06,Variable
general_manufacturing,fixed_reference_ppa,TUPURI 22.9,36,23.88,33.9,40.22,0,0,0,0.0,10000,Ventanas críticas,0.0,25.25,Variable
general_manufacturing,fixed_reference_ppa,HUACHO 220,36,23.38,29.75,35.38,0,0,0,0.0,10000,Ventanas críticas,0.0,23.27,Variable
general_manufacturing,fixed_reference_ppa,LOMERA 220,36,23.27,30.2,35.93,0,0,0,0.0,10000,Ventanas críticas,0.0,23.41,Variable
general_manufacturing,fixed_reference_ppa,PACHACHACA50,36,23.26,30.32,32.57,0,0,0,0.0,10000,Ventanas críticas,0.0,22.93,Variable
general_manufacturing,fixed_reference_ppa,MARCONA 220,36,23.05,29.57,33.28,0,0,0,0.0,10000,Ventanas críticas,0.0,22.76,Variable
general_manufacturing,fixed_reference_ppa,POROMA 220,36,23.03,29.41,32.88,0,0,0,0.0,10000,Ventanas críticas,0.0,22.65,Variable
general_manufacturing,fixed_reference_ppa,ZAPALLAL 220,36,22.7,28.09,36.89,0,0,0,0.0,10000,Ventanas críticas,0.0,22.77,Variable
general_manufacturing,fixed_reference_ppa,CHAVARRIA 220,36,22.66,28.21,37.41,0,0,0,0.0,10000,Ventanas críticas,0.0,22.86,Variable
general_manufacturing,fixed_reference_ppa,SANTA TERESA 220,36,22.6,30.58,36.19,0,0,0,0.0,10000,Ventanas críticas,0.0,23.24,Variable
general_manufacturing,fixed_reference_ppa,CARABAYLLO 220,36,22.39,27.84,36.68,0,0,0,0.0,10000,Ventanas críticas,0.0,22.54,Variable
general_manufacturing,fixed_reference_ppa,VENTANILLA 220,36,22.38,27.68,37.1,0,0,0,0.0,10000,Ventanas críticas,0.0,22.56,Variable
general_manufacturing,fixed_reference_ppa,INDEPENDENCIA 60,36,21.93,27.44,35.58,0,0,0,0.0,10000,Ventanas críticas,0.0,22.06,Variable
general_manufacturing,fixed_reference_ppa,CT PISCO 60,36,21.93,27.44,35.58,0,0,0,0.0,10000,Ventanas críticas,0.0,22.06,Variable
general_manufacturing,fixed_reference_ppa,ICA 220,36,21.78,27.44,35.93,0,0,0,0.0,10000,Ventanas críticas,0.0,22.05,Variable
general_manufacturing,fixed_reference_ppa,MARAÑON 60,36,21.69,30.78,36.29,0,0,0,0.0,10000,Ventanas críticas,0.0,22.9,Variable
general_manufacturing,fixed_reference_ppa,CHEVES 220,36,21.69,28.55,33.94,0,0,0,0.0,10000,Ventanas críticas,0.0,21.99,Variable
general_manufacturing,fixed_reference_ppa,CAJAMARQUILLA 220,36,21.69,26.34,36.39,0,0,0,0.0,10000,Ventanas críticas,0.0,21.8,Variable
general_manufacturing,fixed_reference_ppa,INDUSTRIALES 220,36,21.65,26.75,34.23,0,0,0,0.0,10000,Ventanas críticas,0.0,21.56,Variable
general_manufacturing,fixed_reference_ppa,PLANICIE 220,36,21.58,26.44,29.14,0,0,0,0.0,10000,Ventanas críticas,0.0,20.69,Variable
general_manufacturing,fixed_reference_ppa,CT INDEPENDENCIA 60,36,21.47,26.71,35.11,0,0,0,0.0,10000,Ventanas críticas,0.0,21.61,Variable
general_manufacturing,fixed_reference_ppa,PARAGSHA2 138,36,21.38,28.53,32.0,0,0,0,0.0,10000,Ventanas críticas,0.0,21.55,Variable
general_manufacturing,fixed_reference_ppa,CHEVES 13.8,36,21.31,28.14,33.07,0,0,0,0.0,10000,Ventanas críticas,0.0,21.59,Variable
general_manufacturing,fixed_reference_ppa,MARCONA 60,27,21.23,26.69,28.25,0,0,2,0.0,10000,Ventanas críticas,0.0,20.47,Variable
general_manufacturing,fixed_reference_ppa,MACHUPICCHU 138,36,21.19,29.64,34.75,0,0,0,0.0,10000,Ventanas críticas,0.0,22.16,Variable
general_manufacturing,fixed_reference_ppa,SANTA ROSA 220,36,21.18,26.25,37.51,0,0,0,0.0,10000,Ventanas críticas,0.0,21.72,Variable
general_manufacturing,fixed_reference_ppa,CARAPONGO 220,36,21.14,25.98,35.95,0,0,0,0.0,10000,Ventanas críticas,0.0,21.4,Variable
general_manufacturing,fixed_reference_ppa,INDEPENDENCIA 220,36,21.08,26.85,35.83,0,0,0,0.0,10000,Ventanas críticas,0.0,21.58,Variable
general_manufacturing,fixed_reference_ppa,CAHUA138,36,21.04,29.71,36.15,0,0,0,0.0,10000,Ventanas críticas,0.0,22.32,Variable
general_manufacturing,fixed_reference_ppa,NAZCA NUEVA 220,23,20.85,26.19,26.7,0,0,0,0.0,10000,Ventanas críticas,0.0,19.93,Variable
general_manufacturing,fixed_reference_ppa,FLAMENCO 220,26,20.6,25.47,27.57,0,0,0,0.0,10000,Ventanas críticas,0.0,19.77,Variable
general_manufacturing,fixed_reference_ppa,ERSUR 220,26,20.49,25.37,27.5,0,0,0,0.0,10000,Ventanas críticas,0.0,19.69,Variable
general_manufacturing,fixed_reference_ppa,PARAGSHA2 220,36,20.35,28.08,31.73,0,0,0,0.0,10000,Ventanas críticas,0.0,20.94,Variable
general_manufacturing,fixed_reference_ppa,PUNTA LOMITAS II,36,20.1,24.99,26.91,0,0,0,0.0,10000,Ventanas críticas,0.0,19.33,Variable
general_manufacturing,fixed_reference_ppa,CHINCHA NUEVA 220,23,20.05,27.19,34.67,0,0,0,0.0,10000,Ventanas críticas,0.0,21.02,Variable
general_manufacturing,fixed_reference_ppa,PUNTA LOMITAS I,36,20.02,25.2,26.47,0,0,0,0.0,10000,Ventanas críticas,0.0,19.28,Variable
general_manufacturing,fixed_reference_ppa,CALLAHUANCA EDEGEL 220,36,19.72,24.96,33.52,0,0,0,0.0,10000,Ventanas críticas,0.0,20.14,Variable
general_manufacturing,fixed_reference_ppa,DESIERTO 220,35,19.65,25.02,33.96,0,0,0,0.0,10000,Ventanas críticas,0.0,20.19,Variable
general_manufacturing,fixed_reference_ppa,HUANCHOR 50,36,19.63,29.43,38.39,0,0,0,0.0,10000,Ventanas críticas,0.0,21.95,Variable
general_manufacturing,fixed_reference_ppa,CANTERA 220,36,19.63,25.47,34.13,0,0,0,0.0,10000,Ventanas críticas,0.0,20.32,Variable
general_manufacturing,fixed_reference_ppa,HUAMPANI 60,36,19.38,24.95,35.19,0,0,0,0.0,10000,Ventanas críticas,0.0,20.24,Variable
general_manufacturing,fixed_reference_ppa,HUANZA 220,36,19.36,25.17,33.82,0,0,0,0.0,10000,Ventanas críticas,0.0,20.08,Variable
general_manufacturing,fixed_reference_ppa,HUINCO 220,36,19.35,24.34,35.44,0,0,0,0.0,10000,Ventanas críticas,0.0,20.11,Variable
general_manufacturing,fixed_reference_ppa,OROYA NUEVA 220,36,19.32,25.24,28.13,0,0,0,0.0,10000,Ventanas críticas,0.0,19.22,Variable
general_manufacturing,fixed_reference_ppa,CARHUAMAYO 138,36,19.29,27.5,31.28,0,0,0,0.0,10000,Ventanas críticas,0.0,20.25,Variable
general_manufacturing,fixed_reference_ppa,POMACOCHA 220,36,19.19,24.27,27.14,0,0,0,0.0,10000,Ventanas críticas,0.0,18.78,Variable
general_manufacturing,fixed_reference_ppa,SAN JUAN 220,36,19.06,24.6,27.12,0,0,0,0.0,10000,Ventanas críticas,0.0,18.8,Variable
general_manufacturing,fixed_reference_ppa,CHILCA500,36,18.99,23.13,29.99,0,0,0,0.0,10000,Ventanas críticas,0.0,18.83,Variable
general_manufacturing,fixed_reference_ppa,SANTA ANA 138,6,18.97,24.55,27.55,0,0,0,0.0,10000,Ventanas críticas,0.0,18.81,Variable
general_manufacturing,fixed_reference_ppa,PACHACHACA 220,36,18.85,23.56,26.77,0,0,0,0.0,10000,Ventanas críticas,0.0,18.39,Variable
general_manufacturing,fixed_reference_ppa,OLLEROS 500,36,18.68,22.75,29.36,0,0,0,0.0,10000,Ventanas críticas,0.0,18.5,Variable
general_manufacturing,fixed_reference_ppa,SANTA ISABEL 220,36,18.47,26.26,31.0,0,0,0,0.0,10000,Ventanas críticas,0.0,19.53,Variable
general_manufacturing,fixed_reference_ppa,FENIX 500,36,18.39,22.62,30.15,0,0,0,0.0,10000,Ventanas críticas,0.0,18.45,Variable
general_manufacturing,fixed_reference_ppa,MATUCANA 220,36,18.36,23.09,32.3,0,0,0,0.0,10000,Ventanas críticas,0.0,18.88,Variable
general_manufacturing,fixed_reference_ppa,OROYA NUEVA 50,36,18.15,23.75,29.21,0,0,0,0.0,10000,Ventanas críticas,0.0,18.48,Variable
general_manufacturing,fixed_reference_ppa,YANANGO 220,36,17.99,23.61,26.06,0,0,0,0.0,10000,Ventanas críticas,0.0,17.9,Variable
general_manufacturing,fixed_reference_ppa,CHAGLLA 220,36,17.97,27.9,30.1,0,0,0,0.0,10000,Ventanas críticas,0.0,19.58,Variable
general_manufacturing,fixed_reference_ppa,ALTO PRADERAS 220,36,17.9,24.15,28.55,0,0,0,0.0,10000,Ventanas críticas,0.0,18.38,Variable
general_manufacturing,fixed_reference_ppa,CONDORCOCHA 44,36,17.8,25.44,30.24,0,0,0,0.0,10000,Ventanas críticas,0.0,18.91,Variable
general_manufacturing,fixed_reference_ppa,MOYOPAMPA 60,36,17.78,22.19,25.56,0,0,0,0.0,10000,Ventanas críticas,0.0,17.38,Variable
general_manufacturing,fixed_reference_ppa,ASIA 220,36,17.74,23.79,33.53,0,0,0,0.0,10000,Ventanas críticas,0.0,18.96,Variable
general_manufacturing,fixed_reference_ppa,CHIRIBAMBA 220,22,17.74,24.04,31.98,0,0,0,0.0,10000,Ventanas críticas,0.0,18.79,Variable
general_manufacturing,fixed_reference_ppa,CONDORCOCHA 138,36,17.47,25.09,30.14,0,0,0,0.0,10000,Ventanas críticas,0.0,18.66,Variable
general_manufacturing,fixed_reference_ppa,CARIPA 138,36,17.2,24.67,29.46,0,0,0,0.0,10000,Ventanas críticas,0.0,18.33,Variable
general_manufacturing,fixed_reference_ppa,CS COENERGY 22.9,1,17.03,17.03,17.03,0,0,0,0.0,10000,Volatilidad,0.0,14.47,Variable
general_manufacturing,fixed_reference_ppa,CH OROYA 50,36,16.7,21.6,28.19,0,0,0,0.0,10000,Ventanas críticas,0.0,17.14,Variable
general_manufacturing,fixed_reference_ppa,HUAYUCACHI 220,36,16.59,20.9,25.53,0,0,0,0.0,10000,Ventanas críticas,0.0,16.52,Variable
general_manufacturing,fixed_reference_ppa,YAUPI 138,36,16.58,23.98,30.63,0,0,0,0.0,10000,Ventanas críticas,0.0,18.05,Variable
general_manufacturing,fixed_reference_ppa,CHIMAY 220,36,16.38,21.7,22.59,0,0,0,0.0,10000,Ventanas críticas,0.0,16.19,Variable
general_manufacturing,fixed_reference_ppa,CHILCA UNO 220,36,16.24,20.56,24.6,0,0,0,0.0,10000,Ventanas críticas,0.0,16.14,Variable
general_manufacturing,fixed_reference_ppa,HUANCAVELICA 220,36,16.09,20.47,27.08,0,0,0,0.0,10000,Ventanas críticas,0.0,16.42,Variable
general_manufacturing,fixed_reference_ppa,CALLAHUANCA 60,36,15.92,20.89,31.34,0,0,0,0.0,10000,Ventanas críticas,0.0,17.09,Variable
general_manufacturing,fixed_reference_ppa,LAS FLORES 220,36,15.84,19.91,23.68,0,0,0,0.0,10000,Ventanas críticas,0.0,15.66,Variable
general_manufacturing,fixed_reference_ppa,YAUPI13.8,36,15.79,22.69,29.96,0,0,0,0.0,10000,Ventanas críticas,0.0,17.27,Variable
general_manufacturing,fixed_reference_ppa,LA VIRGEN 138,36,15.78,23.06,28.23,0,0,0,0.0,10000,Ventanas críticas,0.0,17.1,Variable
general_manufacturing,fixed_reference_ppa,CERRO DEL AGUILA 220,36,15.68,20.66,23.24,0,0,0,0.0,10000,Ventanas críticas,0.0,15.7,Variable
general_manufacturing,fixed_reference_ppa,CHILCA DOS 13.8,36,15.4,19.98,23.27,0,0,0,0.0,10000,Ventanas críticas,0.0,15.41,Variable
general_manufacturing,fixed_reference_ppa,YARUCAYA 13.8,36,14.98,20.19,31.82,0,0,0,0.0,10000,Ventanas críticas,0.0,16.56,Variable
general_manufacturing,fixed_reference_ppa,CORACORA 60,4,14.94,23.33,27.73,0,0,4,0.0,10000,Prima de estrés,0.0,16.71,Variable
general_manufacturing,fixed_reference_ppa,CHILCA REP 220,36,14.92,20.12,22.65,0,0,0,0.0,10000,Ventanas críticas,0.0,15.14,Variable
general_manufacturing,fixed_reference_ppa,NAZCA 22.9,4,14.52,22.87,27.35,0,0,4,0.0,10000,Prima de estrés,0.0,16.36,Variable
general_manufacturing,fixed_reference_ppa,CAMPO ARMIÑO 220,36,14.33,18.31,20.63,0,0,0,0.0,10000,Ventanas críticas,0.0,14.12,Variable
general_manufacturing,fixed_reference_ppa,MALPASO 50,36,14.29,19.5,24.38,0,0,0,0.0,10000,Ventanas críticas,0.0,14.96,Variable
general_manufacturing,fixed_reference_ppa,LLIPATA 60,4,13.98,22.42,27.22,0,0,4,0.0,10000,Prima de estrés,0.0,15.98,Variable
general_manufacturing,fixed_reference_ppa,RESTITUCIÓN 220,36,13.84,17.8,19.97,0,0,0,0.0,10000,Ventanas críticas,0.0,13.68,Variable
general_manufacturing,fixed_reference_ppa,PLATANAL 220,36,12.44,16.34,19.11,0,0,0,0.0,10000,Ventanas críticas,0.0,12.55,Variable
general_manufacturing,fixed_reference_ppa,ALTO LA LUNA 10,14,11.22,14.76,16.12,0,0,11,0.0,10000,Prima de estrés,0.0,11.15,Variable
general_manufacturing,fixed_reference_ppa,ALTO LA LUNA 60,14,10.91,14.23,15.62,0,0,11,0.0,10000,Prima de estrés,0.0,10.81,Variable
general_manufacturing,fixed_reference_ppa,PISCO 10,14,10.7,13.86,15.08,0,0,11,0.0,10000,Prima de estrés,0.0,10.54,Variable
general_manufacturing,fixed_reference_ppa,VILLACURI 22.9,14,10.62,14.08,15.88,0,0,11,0.0,10000,Prima de estrés,0.0,10.68,Variable
general_manufacturing,fixed_reference_ppa,PARACAS 22,14,10.53,14.09,18.87,0,0,11,0.0,10000,Prima de estrés,0.0,11.09,Variable
general_manufacturing,fixed_reference_ppa,PARACAS 10,14,10.45,14.1,19.05,0,0,11,0.0,10000,Prima de estrés,0.0,11.09,Variable
general_manufacturing,fixed_reference_ppa,VILLACURI 60,14,9.83,12.62,14.8,0,0,11,0.0,10000,Prima de estrés,0.0,9.8,Variable
general_manufacturing,fixed_reference_ppa,TAMBO DE MORA 10,5,9.82,12.98,15.81,0,0,4,0.0,10000,Prima de estrés,0.0,10.04,Variable
general_manufacturing,fixed_reference_ppa,PEDREGAL 10,5,9.33,12.65,15.25,0,0,4,0.0,10000,Prima de estrés,0.0,9.65,Variable
general_manufacturing,fixed_reference_ppa,INDEPENDENCIA 10,14,8.92,11.33,16.3,0,0,11,0.0,10000,Prima de estrés,0.0,9.29,Variable
general_manufacturing,fixed_reference_ppa,PUEBLO NUEVO 10,5,8.87,11.08,11.65,0,0,4,0.0,10000,Prima de estrés,0.0,8.51,Variable
general_manufacturing,fixed_reference_ppa,CHALA 60,1,8.41,8.41,8.41,0,0,1,0.0,10000,Prima de estrés,0.0,7.15,Variable
general_manufacturing,fixed_reference_ppa,BELLA UNION 60,1,7.97,7.97,7.97,0,0,1,0.0,10000,Prima de estrés,0.0,6.77,Variable
general_manufacturing,fixed_reference_ppa,JAHUAY 60,1,7.45,7.45,7.45,0,0,1,0.0,10000,Prima de estrés,0.0,6.33,Variable
general_manufacturing,fixed_reference_ppa,FUNSUR 60,1,7.34,7.34,7.34,0,0,1,0.0,10000,Prima de estrés,0.0,6.24,Variable
general_manufacturing,fixed_reference_ppa,MINA 60,1,6.77,6.77,6.77,0,0,1,0.0,10000,Prima de estrés,0.0,5.76,Variable
general_manufacturing,fixed_reference_ppa,HUARANGO 60,1,6.26,6.26,6.26,0,0,1,0.0,10000,Prima de estrés,0.0,5.32,Variable
general_manufacturing,fixed_reference_ppa,LOMAS 60,1,6.26,6.26,6.26,0,0,1,0.0,10000,Prima de estrés,0.0,5.32,Variable
general_manufacturing,full_spot_exposure,PLANTAETANOL 60,36,62.92,72.77,75.1,0,18,0,1.0,10000,Nivel de precio,0.5,65.27,Estable
general_manufacturing,full_spot_exposure,HUAYLLACHO 15,36,62.92,73.16,75.35,0,15,0,1.0,10000,Nivel de precio,0.417,64.16,Estable
general_manufacturing,full_spot_exposure,SAN IGNACIO 15,36,62.74,72.84,75.16,0,15,0,1.0,10000,Nivel de precio,0.417,63.96,Estable
general_manufacturing,full_spot_exposure,SAN ANTONIO 15,36,62.72,72.84,75.16,0,15,0,1.0,10000,Nivel de precio,0.417,63.96,Estable
general_manufacturing,full_spot_exposure,ZORRITOS 220,36,62.53,73.29,74.43,0,17,0,1.0,10000,Nivel de precio,0.472,64.71,Estable
general_manufacturing,full_spot_exposure,NCTUMBES60,36,62.37,73.41,74.56,0,16,0,1.0,10000,Nivel de precio,0.444,64.27,Estable
general_manufacturing,full_spot_exposure,MISAPUQUIO 33,36,61.99,72.04,74.92,0,14,0,1.0,10000,Nivel de precio,0.389,62.98,Estable
general_manufacturing,full_spot_exposure,TINTAYA EXISTENTE 138,36,61.84,72.1,74.97,0,13,0,1.0,10000,Nivel de precio,0.361,62.51,Estable
general_manufacturing,full_spot_exposure,GE1 33,36,61.59,72.21,73.25,0,15,0,1.0,10000,Nivel de precio,0.417,63.01,Estable
general_manufacturing,full_spot_exposure,TINTAYA NUEVA 220,36,61.5,71.63,74.7,0,13,0,1.0,10000,Nivel de precio,0.361,62.21,Estable
general_manufacturing,full_spot_exposure,PIURA OESTE 220,36,61.2,70.97,73.9,0,13,0,1.0,10000,Nivel de precio,0.361,61.78,Estable
general_manufacturing,full_spot_exposure,TALARA 220,36,61.17,70.96,73.19,0,14,0,1.0,10000,Nivel de precio,0.389,62.08,Estable
general_manufacturing,full_spot_exposure,GALLITO CIEGO 60,36,61.06,70.88,73.19,0,11,0,1.0,10000,Nivel de precio,0.306,60.76,Estable
general_manufacturing,full_spot_exposure,BELAUNDE 138,36,61.03,70.81,73.74,0,13,0,1.0,10000,Nivel de precio,0.361,61.65,Estable
general_manufacturing,full_spot_exposure,TALARA13.2,36,60.82,71.17,73.22,0,11,0,1.0,10000,Nivel de precio,0.306,60.73,Estable
general_manufacturing,full_spot_exposure,VALLE DEL CHIRA 220,14,59.09,67.73,71.58,0,3,0,1.0,10000,Nivel de precio,0.214,57.48,Estable
general_manufacturing,full_spot_exposure,PARIAC 66,36,57.93,68.85,72.08,0,8,0,1.0,10000,Nivel de precio,0.222,57.43,Estable
general_manufacturing,full_spot_exposure,JULIACA10,36,56.9,67.75,70.25,0,8,0,1.0,10000,Nivel de precio,0.222,56.41,Estable
general_manufacturing,full_spot_exposure,JAEN 138,24,56.12,65.84,71.3,0,4,0,1.0,10000,Nivel de precio,0.167,54.91,Estable
general_manufacturing,full_spot_exposure,TOCACHE 138,36,53.42,62.27,67.99,0,2,0,1.0,10000,Nivel de precio,0.056,50.64,Estable
general_manufacturing,full_spot_exposure,JULIACA 138,36,52.34,63.12,65.78,0,1,0,1.0,10000,Nivel de precio,0.028,49.61,Estable
general_manufacturing,full_spot_exposure,GUADALUPE 60,36,51.98,60.93,63.24,0,0,0,1.0,10000,Nivel de precio,0.0,48.11,Estable
general_manufacturing,full_spot_exposure,CALLALLI 138,36,51.97,62.38,65.73,0,1,0,1.0,10000,Nivel de precio,0.028,49.26,Estable
general_manufacturing,full_spot_exposure,ILO1 138,36,50.54,59.52,63.19,0,0,0,1.0,10000,Nivel de precio,0.0,47.1,Estable
general_manufacturing,full_spot_exposure,TOQUEPALA 138,36,50.29,58.86,63.1,0,0,0,1.0,10000,Nivel de precio,0.0,46.81,Estable
general_manufacturing,full_spot_exposure,LA BREA 220,21,50.21,61.45,65.09,0,1,0,1.0,10000,Nivel de precio,0.048,48.43,Estable
general_manufacturing,full_spot_exposure,ILO ELP 138,36,50.02,58.99,62.76,0,0,0,1.0,10000,Nivel de precio,0.0,46.67,Estable
general_manufacturing,full_spot_exposure,PUNO 138,36,50.01,60.34,63.65,0,0,0,1.0,10000,Nivel de precio,0.0,47.14,Estable
general_manufacturing,full_spot_exposure,AYAVIRI 138,36,49.95,61.38,64.14,0,0,0,1.0,10000,Nivel de precio,0.0,47.45,Estable
general_manufacturing,full_spot_exposure,CHICLAYO 220,36,49.76,58.47,61.43,0,0,0,1.0,10000,Nivel de precio,0.0,46.22,Estable
general_manufacturing,full_spot_exposure,ARICOTA2 138,36,49.6,58.47,62.43,0,0,0,1.0,10000,Nivel de precio,0.0,46.3,Estable
general_manufacturing,full_spot_exposure,PUNO 220,36,49.57,60.01,63.22,0,0,0,1.0,10000,Nivel de precio,0.0,46.79,Estable
general_manufacturing,full_spot_exposure,BOTIFLACA 138,36,49.37,58.18,62.23,0,0,0,1.0,10000,Nivel de precio,0.0,46.09,Estable
general_manufacturing,full_spot_exposure,CT ETEN 220,36,49.34,57.83,60.85,0,0,0,1.0,10000,Nivel de precio,0.0,45.79,Estable
general_manufacturing,full_spot_exposure,RECKA 220,36,49.32,57.92,60.58,0,0,0,1.0,10000,Nivel de precio,0.0,45.76,Estable
general_manufacturing,full_spot_exposure,ETEN 18,36,49.27,57.79,60.85,0,0,0,1.0,10000,Nivel de precio,0.0,45.75,Estable
general_manufacturing,full_spot_exposure,RECKA 18,36,49.26,57.92,60.51,0,0,0,1.0,10000,Nivel de precio,0.0,45.72,Estable
general_manufacturing,full_spot_exposure,PLANTA CASA GRANDE 13.8,1,49.18,49.18,49.18,0,0,0,1.0,10000,Nivel de precio,0.0,41.81,Sensible
general_manufacturing,full_spot_exposure,ARICOTA 66,36,49.14,57.87,61.99,0,0,0,1.0,10000,Nivel de precio,0.0,45.88,Estable
general_manufacturing,full_spot_exposure,CHILINA 33,36,49.13,59.8,61.99,0,0,0,1.0,10000,Nivel de precio,0.0,46.36,Estable
general_manufacturing,full_spot_exposure,LA NIÑA 220,36,48.99,57.59,61.18,0,0,0,1.0,10000,Nivel de precio,0.0,45.62,Estable
general_manufacturing,full_spot_exposure,MOLLENDO 138,36,48.93,60.1,63.53,0,0,0,1.0,10000,Nivel de precio,0.0,46.58,Estable
general_manufacturing,full_spot_exposure,CACLIC 220,36,48.92,58.64,61.14,0,0,0,1.0,10000,Nivel de precio,0.0,45.84,Estable
general_manufacturing,full_spot_exposure,AZANGARO 138,36,48.55,60.97,63.33,0,0,0,1.0,10000,Nivel de precio,0.0,46.59,Estable
general_manufacturing,full_spot_exposure,ARICOTA1 66,36,48.53,57.22,61.01,0,0,0,1.0,10000,Nivel de precio,0.0,45.3,Variable
general_manufacturing,full_spot_exposure,LOS HEROES 66,36,48.52,56.96,61.05,0,0,0,1.0,10000,Nivel de precio,0.0,45.23,Variable
general_manufacturing,full_spot_exposure,PUERTO MALDONADO 10,36,48.41,61.94,64.35,0,0,0,1.0,10000,Nivel de precio,0.0,46.92,Estable
general_manufacturing,full_spot_exposure,CHILINA 138,36,48.36,57.94,61.83,0,0,0,1.0,10000,Nivel de precio,0.0,45.52,Variable
general_manufacturing,full_spot_exposure,GUADALUPE 220,36,48.26,56.87,60.02,0,0,0,1.0,10000,Nivel de precio,0.0,44.93,Estable
general_manufacturing,full_spot_exposure,COMBAPATA 138,36,48.14,59.82,61.3,0,0,0,1.0,10000,Nivel de precio,0.0,45.81,Estable
general_manufacturing,full_spot_exposure,REPARTICIÓN 138,36,48.13,59.13,62.49,0,0,0,1.0,10000,Nivel de precio,0.0,45.82,Estable
general_manufacturing,full_spot_exposure,PUCALLPA 60,36,47.95,56.8,64.03,0,0,0,1.0,10000,Nivel de precio,0.0,45.38,Estable
general_manufacturing,full_spot_exposure,LOS HEROES 220,36,47.95,56.41,60.34,0,0,0,1.0,10000,Nivel de precio,0.0,44.73,Variable
general_manufacturing,full_spot_exposure,CT PLANTA PUCALLPA 60,36,47.9,56.64,63.91,0,0,0,1.0,10000,Nivel de precio,0.0,45.3,Estable
general_manufacturing,full_spot_exposure,PUERTO MALDONADO 138,36,47.76,61.62,65.32,0,1,0,1.0,10000,Nivel de precio,0.028,47.11,Estable
general_manufacturing,full_spot_exposure,CUTERVO 138,36,47.58,57.8,61.78,0,0,0,1.0,10000,Nivel de precio,0.0,45.13,Estable
general_manufacturing,full_spot_exposure,CERRO VERDE 138,36,47.58,57.33,60.53,0,0,0,1.0,10000,Nivel de precio,0.0,44.82,Variable
general_manufacturing,full_spot_exposure,PUCALLPA 138,36,47.31,56.01,63.37,0,0,0,1.0,10000,Nivel de precio,0.0,44.8,Estable
general_manufacturing,full_spot_exposure,MOQUEGUA 138,36,47.12,55.84,59.59,0,0,0,1.0,10000,Nivel de precio,0.0,44.1,Variable
general_manufacturing,full_spot_exposure,SANTUARIO 138,36,46.79,57.08,60.5,0,0,0,1.0,10000,Nivel de precio,0.0,44.4,Variable
general_manufacturing,full_spot_exposure,MOQUEGUA 220,36,46.75,55.42,59.01,0,0,0,1.0,10000,Nivel de precio,0.0,43.74,Variable
general_manufacturing,full_spot_exposure,SOCABAYA 138,36,46.55,56.15,59.88,0,0,0,1.0,10000,Nivel de precio,0.0,43.97,Variable
general_manufacturing,full_spot_exposure,ILO2 220,36,46.43,54.78,58.76,0,0,0,1.0,10000,Nivel de precio,0.0,43.4,Variable
general_manufacturing,full_spot_exposure,PLANTA SAN JACINTO 13.8,36,46.42,55.21,59.03,0,0,0,1.0,10000,Nivel de precio,0.0,43.54,Variable
general_manufacturing,full_spot_exposure,CAJAMARCA 220,36,46.23,55.99,57.96,0,0,0,1.0,10000,Nivel de precio,0.0,43.5,Variable
general_manufacturing,full_spot_exposure,SOCABAYA 220,36,46.14,55.62,59.17,0,0,0,1.0,10000,Nivel de precio,0.0,43.54,Variable
general_manufacturing,full_spot_exposure,AGROLMOS 60,6,46.09,56.29,58.04,0,0,0,1.0,10000,Nivel de precio,0.0,43.52,Variable
general_manufacturing,full_spot_exposure,CHARCANI VI 33,36,46.07,55.52,57.39,0,0,0,1.0,10000,Nivel de precio,0.0,43.22,Variable
general_manufacturing,full_spot_exposure,TRUJILLO 220,36,45.97,54.62,59.39,0,0,0,1.0,10000,Nivel de precio,0.0,43.25,Variable
general_manufacturing,full_spot_exposure,MONTALVO 220,36,45.74,54.65,58.54,0,0,0,1.0,10000,Nivel de precio,0.0,43.02,Variable
general_manufacturing,full_spot_exposure,CARHUAQUERO 220,36,45.14,56.16,58.62,0,0,0,1.0,10000,Nivel de precio,0.0,43.14,Variable
general_manufacturing,full_spot_exposure,S.E. ILO4 500,36,44.94,53.36,57.41,0,0,0,1.0,10000,Nivel de precio,0.0,42.17,Variable
general_manufacturing,full_spot_exposure,RUBI 220,33,44.38,53.49,58.35,0,0,0,1.0,10000,Volatilidad,0.0,42.09,Variable
general_manufacturing,full_spot_exposure,SAN JOSE 500,36,44.18,52.77,56.77,0,0,0,1.0,10000,Nivel de precio,0.0,41.59,Variable
general_manufacturing,full_spot_exposure,HUALLIN60,21,44.08,56.07,58.43,0,0,0,1.0,10000,Nivel de precio,0.0,42.62,Sensible
general_manufacturing,full_spot_exposure,PUERTO BRAVO 500,36,44.03,52.78,56.37,0,0,0,1.0,10000,Nivel de precio,0.0,41.46,Variable
general_manufacturing,full_spot_exposure,PUERTO BRAVO 18,36,43.91,52.67,56.24,0,0,0,1.0,10000,Nivel de precio,0.0,41.36,Variable
general_manufacturing,full_spot_exposure,AUCAYACU 138,36,43.83,56.02,59.81,0,0,0,1.0,10000,Nivel de precio,0.0,42.7,Variable
general_manufacturing,full_spot_exposure,DUNA HUAMBOS 34.5,31,43.52,56.04,61.12,0,0,0,1.0,10000,Nivel de precio,0.0,42.76,Variable
general_manufacturing,full_spot_exposure,CARHUAQUERO 10_S,24,43.43,55.45,57.92,0,0,0,1.0,10000,Nivel de precio,0.0,42.09,Variable
general_manufacturing,full_spot_exposure,CHAPARRAL 138,18,43.38,53.41,56.7,0,0,0,1.0,10000,Volatilidad,0.0,41.38,Variable
general_manufacturing,full_spot_exposure,CHIMBOTE1 138,36,43.34,53.69,58.08,0,0,0,1.0,10000,Nivel de precio,0.0,41.64,Variable
general_manufacturing,full_spot_exposure,BIOENERGIA 13.8,36,43.08,55.95,61.2,0,0,0,1.0,10000,Nivel de precio,0.0,42.55,Variable
general_manufacturing,full_spot_exposure,LA RAMADA 220,36,43.06,54.63,56.36,0,0,0,1.0,10000,Nivel de precio,0.0,41.49,Variable
general_manufacturing,full_spot_exposure,CHARCANI I 33,36,42.48,53.58,56.96,0,0,0,1.0,10000,Nivel de precio,0.0,41.06,Variable
general_manufacturing,full_spot_exposure,CHIMBOTE1 220,36,42.35,53.45,58.25,0,0,0,1.0,10000,Nivel de precio,0.0,41.16,Variable
general_manufacturing,full_spot_exposure,QUENCORO 138,36,42.31,55.56,58.19,0,0,0,1.0,10000,Nivel de precio,0.0,41.66,Variable
general_manufacturing,full_spot_exposure,DOLORESPATA 138,36,42.05,55.3,58.03,0,0,0,1.0,10000,Nivel de precio,0.0,41.45,Variable
general_manufacturing,full_spot_exposure,QUITARACSA 220,36,40.83,53.45,55.07,0,0,0,1.0,10000,Nivel de precio,0.0,39.99,Variable
general_manufacturing,full_spot_exposure,CACHIMAYO 138,36,40.45,53.47,57.45,0,0,0,1.0,10000,Nivel de precio,0.0,40.19,Variable
general_manufacturing,full_spot_exposure,MAZUCO138,36,39.9,58.46,63.93,0,0,0,1.0,10000,Volatilidad,0.0,42.16,Variable
general_manufacturing,full_spot_exposure,SAN NICOLAS 13.8,36,39.76,49.66,62.21,0,0,0,1.0,10000,Prima de estrés,0.0,39.64,Variable
general_manufacturing,full_spot_exposure,AGUAYTIA 138,36,39.14,53.02,59.63,0,0,0,1.0,10000,Nivel de precio,0.0,39.81,Variable
general_manufacturing,full_spot_exposure,ZAÑA 60,36,39.0,54.31,58.23,0,0,0,1.0,10000,Nivel de precio,0.0,39.86,Variable
general_manufacturing,full_spot_exposure,TINGO MARIA 138,36,38.87,51.42,56.01,0,0,0,1.0,10000,Nivel de precio,0.0,38.75,Variable
general_manufacturing,full_spot_exposure,AGUAYTIA 22.9,36,38.75,52.59,58.73,0,0,0,1.0,10000,Nivel de precio,0.0,39.4,Variable
general_manufacturing,full_spot_exposure,AGUAYTIA 220,36,38.45,52.38,58.33,0,0,0,1.0,10000,Nivel de precio,0.0,39.15,Variable
general_manufacturing,full_spot_exposure,PURMACANA 20,36,38.43,50.58,55.2,0,0,0,1.0,10000,Nivel de precio,0.0,38.22,Variable
general_manufacturing,full_spot_exposure,SAN MARTIN 220,9,38.39,45.74,46.3,0,0,0,1.0,10000,Volatilidad,0.0,35.66,Variable
general_manufacturing,full_spot_exposure,CHARCANI IV 33,36,37.87,50.95,55.54,0,0,0,1.0,10000,Ventanas críticas,0.0,38.11,Variable
general_manufacturing,full_spot_exposure,COTARUSE 220,36,37.37,49.84,55.61,0,0,0,1.0,10000,Ventanas críticas,0.0,37.62,Variable
general_manufacturing,full_spot_exposure,HUALLANCA 138,36,37.06,51.22,55.48,0,0,0,1.0,10000,Nivel de precio,0.0,37.8,Variable
general_manufacturing,full_spot_exposure,HUANUCO 138,36,36.49,49.92,53.42,0,0,0,1.0,10000,Nivel de precio,0.0,36.91,Variable
general_manufacturing,full_spot_exposure,PAQUILLUSI 220,9,36.49,48.72,54.36,0,0,0,1.0,10000,Volatilidad,0.0,36.75,Variable
general_manufacturing,full_spot_exposure,SUNNY 220,4,35.8,43.21,44.11,0,0,0,1.0,10000,Volatilidad,0.0,33.53,Variable
general_manufacturing,full_spot_exposure,PIEDRA BLANCA 34.5,36,35.58,49.18,53.62,0,0,0,1.0,10000,Nivel de precio,0.0,36.35,Variable
general_manufacturing,full_spot_exposure,TUPURI 22.9,36,35.39,54.46,61.73,0,0,0,1.0,10000,Ventanas críticas,0.0,38.8,Variable
general_manufacturing,full_spot_exposure,SAN GABAN 138,36,35.24,53.66,60.9,0,0,0,1.0,10000,Ventanas críticas,0.0,38.41,Variable
general_manufacturing,full_spot_exposure,PARAMONGA NUEVA 220,36,34.68,47.88,54.29,0,0,0,1.0,10000,Ventanas críticas,0.0,35.72,Variable
general_manufacturing,full_spot_exposure,PARAMONGA NUEVA 138,36,34.47,47.72,54.53,0,0,0,1.0,10000,Ventanas críticas,0.0,35.62,Variable
general_manufacturing,full_spot_exposure,OQUENDO 60,36,34.47,46.4,56.45,0,0,0,1.0,10000,Ventanas críticas,0.0,35.58,Variable
general_manufacturing,full_spot_exposure,VIZCARRA 220,36,34.33,49.69,57.58,0,0,0,1.0,10000,Ventanas críticas,0.0,36.51,Variable
general_manufacturing,full_spot_exposure,PARAMONGA EXISTENTE 138,36,34.27,47.58,54.66,0,0,0,1.0,10000,Ventanas críticas,0.0,35.52,Variable
general_manufacturing,full_spot_exposure,MEDIO MUNDO 220,36,33.99,46.61,54.88,0,0,0,1.0,10000,Ventanas críticas,0.0,35.18,Variable
general_manufacturing,full_spot_exposure,PACHACHACA50,36,33.53,44.9,49.96,0,0,0,1.0,10000,Ventanas críticas,0.0,33.81,Variable
general_manufacturing,full_spot_exposure,MARCONA 220,36,32.72,42.99,50.33,0,0,0,1.0,10000,Ventanas críticas,0.0,33.02,Variable
general_manufacturing,full_spot_exposure,POROMA 220,36,32.71,42.17,49.86,0,0,0,1.0,10000,Ventanas críticas,0.0,32.74,Variable
general_manufacturing,full_spot_exposure,LOMERA 220,36,32.05,42.18,49.16,0,0,0,1.0,10000,Ventanas críticas,0.0,32.34,Variable
general_manufacturing,full_spot_exposure,HUACHO 220,36,31.75,42.3,50.4,0,0,0,1.0,10000,Ventanas críticas,0.0,32.42,Variable
general_manufacturing,full_spot_exposure,MARCONA 60,27,31.37,41.44,44.47,0,0,2,1.0,10000,Ventanas críticas,0.0,31.15,Variable
general_manufacturing,full_spot_exposure,CHAVARRIA 220,36,31.14,41.37,54.18,0,0,0,1.0,10000,Ventanas críticas,0.0,32.48,Variable
general_manufacturing,full_spot_exposure,ZAPALLAL 220,36,30.99,40.89,53.33,0,0,0,1.0,10000,Ventanas críticas,0.0,32.17,Variable
general_manufacturing,full_spot_exposure,VENTANILLA 220,36,30.72,40.92,53.27,0,0,0,1.0,10000,Ventanas críticas,0.0,32.04,Variable
general_manufacturing,full_spot_exposure,SANTA TERESA 220,36,30.71,45.83,51.97,0,0,0,1.0,10000,Ventanas críticas,0.0,33.07,Variable
general_manufacturing,full_spot_exposure,CARABAYLLO 220,36,30.61,40.38,53.07,0,0,0,1.0,10000,Ventanas críticas,0.0,31.83,Variable
general_manufacturing,full_spot_exposure,FLAMENCO 220,26,30.49,41.06,43.17,0,0,0,1.0,10000,Ventanas críticas,0.0,30.46,Variable
general_manufacturing,full_spot_exposure,ICA 220,36,30.35,39.74,51.48,0,0,0,1.0,10000,Ventanas críticas,0.0,31.32,Variable
general_manufacturing,full_spot_exposure,SANTIAGO DE CAO 138,1,30.22,30.22,30.22,0,0,0,1.0,10000,Prima de estrés,0.0,25.68,Sensible
general_manufacturing,full_spot_exposure,INDEPENDENCIA 60,36,30.1,40.36,53.39,0,0,0,1.0,10000,Ventanas críticas,0.0,31.64,Variable
general_manufacturing,full_spot_exposure,CT PISCO 60,36,30.1,40.36,53.39,0,0,0,1.0,10000,Ventanas críticas,0.0,31.64,Variable
general_manufacturing,full_spot_exposure,INDUSTRIALES 220,36,29.88,42.27,47.79,0,0,0,1.0,10000,Ventanas críticas,0.0,31.18,Variable
general_manufacturing,full_spot_exposure,CAJAMARQUILLA 220,36,29.83,39.88,52.12,0,0,0,1.0,10000,Ventanas críticas,0.0,31.21,Variable
general_manufacturing,full_spot_exposure,NAZCA NUEVA 220,23,29.78,40.0,43.05,0,0,0,1.0,10000,Ventanas críticas,0.0,29.86,Variable
general_manufacturing,full_spot_exposure,ERSUR 220,26,29.72,40.2,41.64,0,0,0,1.0,10000,Ventanas críticas,0.0,29.67,Variable
general_manufacturing,full_spot_exposure,CT INDEPENDENCIA 60,36,29.62,39.93,52.88,0,0,0,1.0,10000,Ventanas críticas,0.0,31.24,Variable
general_manufacturing,full_spot_exposure,CHINCHA NUEVA 220,23,29.48,38.01,50.46,0,0,0,1.0,10000,Ventanas críticas,0.0,30.34,Variable
general_manufacturing,full_spot_exposure,SANTA ROSA 220,36,29.25,41.55,53.8,0,0,0,1.0,10000,Ventanas críticas,0.0,31.62,Variable
general_manufacturing,full_spot_exposure,PLANICIE 220,36,29.16,39.62,44.42,0,0,0,1.0,10000,Ventanas críticas,0.0,29.69,Variable
general_manufacturing,full_spot_exposure,CARAPONGO 220,36,28.98,39.2,51.44,0,0,0,1.0,10000,Ventanas críticas,0.0,30.55,Variable
general_manufacturing,full_spot_exposure,INDEPENDENCIA 220,36,28.88,37.68,51.76,0,0,0,1.0,10000,Ventanas críticas,0.0,30.18,Variable
general_manufacturing,full_spot_exposure,HUANCHOR 50,36,28.6,48.58,58.17,0,0,0,1.0,10000,Ventanas críticas,0.0,33.74,Variable
general_manufacturing,full_spot_exposure,CHEVES 220,36,28.17,36.98,48.38,0,0,0,1.0,10000,Ventanas críticas,0.0,29.18,Variable
general_manufacturing,full_spot_exposure,MARAÑON 60,36,27.89,41.48,52.69,0,0,0,1.0,10000,Ventanas críticas,0.0,30.82,Variable
general_manufacturing,full_spot_exposure,MACHUPICCHU 138,36,27.77,44.27,50.3,0,0,0,1.0,10000,Ventanas críticas,0.0,31.11,Variable
general_manufacturing,full_spot_exposure,PARAGSHA2 138,36,27.68,36.16,49.09,0,0,0,1.0,10000,Ventanas críticas,0.0,28.86,Variable
general_manufacturing,full_spot_exposure,DESIERTO 220,35,27.19,35.7,49.44,0,0,0,1.0,10000,Ventanas críticas,0.0,28.58,Variable
general_manufacturing,full_spot_exposure,CHEVES 13.8,36,27.16,36.09,47.74,0,0,0,1.0,10000,Ventanas críticas,0.0,28.41,Variable
general_manufacturing,full_spot_exposure,CANTERA 220,36,26.85,33.51,50.4,0,0,0,1.0,10000,Ventanas críticas,0.0,28.02,Variable
general_manufacturing,full_spot_exposure,CAHUA138,36,26.71,36.54,54.44,0,0,0,1.0,10000,Ventanas críticas,0.0,29.32,Variable
general_manufacturing,full_spot_exposure,HUINCO 220,36,26.56,36.93,47.04,0,0,0,1.0,10000,Ventanas críticas,0.0,28.24,Variable
general_manufacturing,full_spot_exposure,CALLAHUANCA EDEGEL 220,36,26.34,34.88,41.06,0,0,0,1.0,10000,Ventanas críticas,0.0,26.73,Variable
general_manufacturing,full_spot_exposure,SAN JUAN 220,36,25.97,34.5,45.08,0,0,0,1.0,10000,Ventanas críticas,0.0,27.07,Variable
general_manufacturing,full_spot_exposure,PUNTA LOMITAS II,36,25.94,31.0,39.2,0,0,0,1.0,10000,Ventanas críticas,0.0,25.3,Variable
general_manufacturing,full_spot_exposure,PUNTA LOMITAS I,36,25.93,31.61,37.7,0,0,0,1.0,10000,Ventanas críticas,0.0,25.23,Variable
general_manufacturing,full_spot_exposure,HUAMPANI 60,36,25.7,34.86,50.35,0,0,0,1.0,10000,Ventanas críticas,0.0,27.83,Variable
general_manufacturing,full_spot_exposure,HUANZA 220,36,25.67,34.44,44.69,0,0,0,1.0,10000,Ventanas críticas,0.0,26.87,Variable
general_manufacturing,full_spot_exposure,CHILCA500,36,25.66,34.56,40.51,0,0,0,1.0,10000,Ventanas críticas,0.0,26.27,Variable
general_manufacturing,full_spot_exposure,OLLEROS 500,36,25.35,34.06,40.88,0,0,0,1.0,10000,Ventanas críticas,0.0,26.05,Variable
general_manufacturing,full_spot_exposure,PARAGSHA2 220,36,25.32,34.15,46.25,0,0,0,1.0,10000,Ventanas críticas,0.0,26.87,Variable
general_manufacturing,full_spot_exposure,CHIRIBAMBA 220,22,25.06,30.82,36.06,0,0,0,1.0,10000,Ventanas críticas,0.0,24.39,Variable
general_manufacturing,full_spot_exposure,FENIX 500,36,25.01,33.95,40.31,0,0,0,1.0,10000,Ventanas críticas,0.0,25.79,Variable
general_manufacturing,full_spot_exposure,SANTA ANA 138,6,24.91,31.33,32.02,0,0,0,1.0,10000,Ventanas críticas,0.0,23.85,Variable
general_manufacturing,full_spot_exposure,POMACOCHA 220,36,24.88,31.78,37.78,0,0,0,1.0,10000,Ventanas críticas,0.0,24.81,Variable
general_manufacturing,full_spot_exposure,ALTO PRADERAS 220,36,24.61,32.2,51.58,0,0,0,1.0,10000,Ventanas críticas,0.0,26.86,Variable
general_manufacturing,full_spot_exposure,OROYA NUEVA 220,36,24.44,31.09,38.17,0,0,0,1.0,10000,Ventanas críticas,0.0,24.5,Variable
general_manufacturing,full_spot_exposure,PACHACHACA 220,36,24.38,30.26,38.23,0,0,0,1.0,10000,Ventanas críticas,0.0,24.27,Variable
general_manufacturing,full_spot_exposure,ASIA 220,36,24.31,30.68,49.81,0,0,0,1.0,10000,Ventanas críticas,0.0,26.08,Variable
general_manufacturing,full_spot_exposure,YANANGO 220,36,24.14,31.64,40.42,0,0,0,1.0,10000,Ventanas críticas,0.0,24.83,Variable
general_manufacturing,full_spot_exposure,MATUCANA 220,36,24.08,32.29,38.75,0,0,0,1.0,10000,Ventanas críticas,0.0,24.72,Variable
general_manufacturing,full_spot_exposure,MOYOPAMPA 60,36,23.91,32.23,40.15,0,0,0,1.0,10000,Ventanas críticas,0.0,24.84,Variable
general_manufacturing,full_spot_exposure,CARHUAMAYO 138,36,23.63,31.91,38.58,0,0,0,1.0,10000,Ventanas críticas,0.0,24.4,Variable
general_manufacturing,full_spot_exposure,SANTA ISABEL 220,36,22.53,31.06,34.96,0,0,0,1.0,10000,Ventanas críticas,0.0,23.15,Variable
general_manufacturing,full_spot_exposure,OROYA NUEVA 50,36,22.4,29.78,33.22,0,0,0,1.0,10000,Ventanas críticas,0.0,22.51,Variable
general_manufacturing,full_spot_exposure,CHILCA UNO 220,36,22.0,28.53,39.19,0,0,0,1.0,10000,Ventanas críticas,0.0,22.91,Variable
general_manufacturing,full_spot_exposure,CONDORCOCHA 44,36,21.77,29.16,34.2,0,0,0,1.0,10000,Ventanas críticas,0.0,22.22,Variable
general_manufacturing,full_spot_exposure,CHIMAY 220,36,21.74,27.85,36.4,0,0,0,1.0,10000,Ventanas críticas,0.0,22.21,Variable
general_manufacturing,full_spot_exposure,CHAGLLA 220,36,21.67,31.84,34.08,0,0,0,1.0,10000,Ventanas críticas,0.0,22.82,Variable
general_manufacturing,full_spot_exposure,CS COENERGY 22.9,1,21.52,21.52,21.52,0,0,0,1.0,10000,Volatilidad,0.0,18.29,Variable
general_manufacturing,full_spot_exposure,CONDORCOCHA 138,36,21.43,28.73,34.09,0,0,0,1.0,10000,Ventanas críticas,0.0,21.94,Variable
general_manufacturing,full_spot_exposure,LAS FLORES 220,36,21.24,27.38,38.8,0,0,0,1.0,10000,Ventanas críticas,0.0,22.22,Variable
general_manufacturing,full_spot_exposure,HUAYUCACHI 220,36,21.12,25.47,30.2,0,0,0,1.0,10000,Ventanas críticas,0.0,20.4,Variable
general_manufacturing,full_spot_exposure,CARIPA 138,36,21.11,28.31,33.4,0,0,0,1.0,10000,Ventanas críticas,0.0,21.59,Variable
general_manufacturing,full_spot_exposure,CHILCA DOS 13.8,36,21.1,27.82,38.15,0,0,0,1.0,10000,Ventanas críticas,0.0,22.17,Variable
general_manufacturing,full_spot_exposure,HUANCAVELICA 220,36,20.99,26.57,30.71,0,0,0,1.0,10000,Ventanas críticas,0.0,20.7,Variable
general_manufacturing,full_spot_exposure,CH OROYA 50,36,20.82,26.99,32.19,0,0,0,1.0,10000,Ventanas críticas,0.0,20.94,Variable
general_manufacturing,full_spot_exposure,CALLAHUANCA 60,36,20.63,26.94,34.87,0,0,0,1.0,10000,Ventanas críticas,0.0,21.25,Variable
general_manufacturing,full_spot_exposure,CHILCA REP 220,36,20.33,26.37,37.88,0,0,0,1.0,10000,Ventanas críticas,0.0,21.43,Variable
general_manufacturing,full_spot_exposure,YAUPI 138,36,20.18,27.8,34.55,0,0,0,1.0,10000,Ventanas críticas,0.0,21.21,Variable
general_manufacturing,full_spot_exposure,CERRO DEL AGUILA 220,36,20.14,25.31,33.19,0,0,0,1.0,10000,Ventanas críticas,0.0,20.37,Variable
general_manufacturing,full_spot_exposure,LA VIRGEN 138,36,19.44,26.72,32.14,0,0,0,1.0,10000,Ventanas críticas,0.0,20.25,Variable
general_manufacturing,full_spot_exposure,YAUPI13.8,36,19.38,26.57,33.88,0,0,0,1.0,10000,Ventanas críticas,0.0,20.45,Variable
general_manufacturing,full_spot_exposure,YARUCAYA 13.8,36,18.69,23.87,35.58,0,0,0,1.0,10000,Ventanas críticas,0.0,19.71,Variable
general_manufacturing,full_spot_exposure,CAMPO ARMIÑO 220,36,17.98,21.99,24.15,0,0,0,1.0,10000,Ventanas críticas,0.0,17.21,Variable
general_manufacturing,full_spot_exposure,MALPASO 50,36,17.94,23.08,28.3,0,0,0,1.0,10000,Ventanas críticas,0.0,18.09,Variable
general_manufacturing,full_spot_exposure,RESTITUCIÓN 220,36,17.49,21.47,23.48,0,0,0,1.0,10000,Ventanas críticas,0.0,16.76,Variable
general_manufacturing,full_spot_exposure,PLATANAL 220,36,16.27,20.52,22.61,0,0,0,1.0,10000,Ventanas críticas,0.0,15.84,Variable
general_manufacturing,full_spot_exposure,CORACORA 60,4,14.94,23.33,27.73,0,0,4,1.0,10000,Prima de estrés,0.0,16.71,Variable
general_manufacturing,full_spot_exposure,NAZCA 22.9,4,14.52,22.87,27.35,0,0,4,1.0,10000,Prima de estrés,0.0,16.36,Variable
general_manufacturing,full_spot_exposure,LLIPATA 60,4,13.98,22.42,27.22,0,0,4,1.0,10000,Prima de estrés,0.0,15.98,Variable
general_manufacturing,full_spot_exposure,ALTO LA LUNA 10,14,11.98,17.91,20.6,0,0,11,1.0,10000,Prima de estrés,0.0,12.96,Variable
general_manufacturing,full_spot_exposure,ALTO LA LUNA 60,14,11.68,17.37,20.1,0,0,11,1.0,10000,Prima de estrés,0.0,12.62,Variable
general_manufacturing,full_spot_exposure,PISCO 10,14,11.47,17.01,19.56,0,0,11,1.0,10000,Prima de estrés,0.0,12.35,Variable
general_manufacturing,full_spot_exposure,VILLACURI 22.9,14,11.39,17.21,20.36,0,0,11,1.0,10000,Prima de estrés,0.0,12.48,Variable
general_manufacturing,full_spot_exposure,PARACAS 22,14,11.3,16.84,23.37,0,0,11,1.0,10000,Prima de estrés,0.0,12.8,Variable
general_manufacturing,full_spot_exposure,PARACAS 10,14,11.22,16.39,23.54,0,0,11,1.0,10000,Prima de estrés,0.0,12.68,Variable
general_manufacturing,full_spot_exposure,TAMBO DE MORA 10,5,10.71,15.66,20.26,0,0,4,1.0,10000,Prima de estrés,0.0,11.77,Variable
general_manufacturing,full_spot_exposure,VILLACURI 60,14,10.6,15.75,19.26,0,0,11,1.0,10000,Prima de estrés,0.0,11.6,Variable
general_manufacturing,full_spot_exposure,PEDREGAL 10,5,10.22,15.32,19.7,0,0,4,1.0,10000,Prima de estrés,0.0,11.39,Variable
general_manufacturing,full_spot_exposure,PUEBLO NUEVO 10,5,9.76,13.76,16.12,0,0,4,1.0,10000,Prima de estrés,0.0,10.25,Variable
general_manufacturing,full_spot_exposure,INDEPENDENCIA 10,14,9.68,14.04,20.76,0,0,11,1.0,10000,Prima de estrés,0.0,10.98,Variable
general_manufacturing,full_spot_exposure,CHALA 60,1,8.41,8.41,8.41,0,0,1,1.0,10000,Prima de estrés,0.0,7.15,Variable
general_manufacturing,full_spot_exposure,BELLA UNION 60,1,7.97,7.97,7.97,0,0,1,1.0,10000,Prima de estrés,0.0,6.77,Variable
general_manufacturing,full_spot_exposure,JAHUAY 60,1,7.45,7.45,7.45,0,0,1,1.0,10000,Prima de estrés,0.0,6.33,Variable
general_manufacturing,full_spot_exposure,FUNSUR 60,1,7.34,7.34,7.34,0,0,1,1.0,10000,Prima de estrés,0.0,6.24,Variable
general_manufacturing,full_spot_exposure,MINA 60,1,6.77,6.77,6.77,0,0,1,1.0,10000,Prima de estrés,0.0,5.76,Variable
general_manufacturing,full_spot_exposure,HUARANGO 60,1,6.26,6.26,6.26,0,0,1,1.0,10000,Prima de estrés,0.0,5.32,Variable
general_manufacturing,full_spot_exposure,LOMAS 60,1,6.26,6.26,6.26,0,0,1,1.0,10000,Prima de estrés,0.0,5.32,Variable
general_manufacturing,hedged_10pct_spot,PLANTAETANOL 60,36,53.8,62.9,67.0,0,2,0,0.1,10000,Nivel de precio,0.056,50.82,Estable
general_manufacturing,hedged_10pct_spot,HUAYLLACHO 15,36,53.47,63.4,66.47,0,2,0,0.1,10000,Nivel de precio,0.056,50.72,Estable
general_manufacturing,hedged_10pct_spot,ZORRITOS 220,36,53.38,63.23,66.93,0,1,0,0.1,10000,Nivel de precio,0.028,50.28,Estable
general_manufacturing,hedged_10pct_spot,SAN IGNACIO 15,36,53.26,63.12,66.16,0,2,0,0.1,10000,Nivel de precio,0.056,50.51,Estable
general_manufacturing,hedged_10pct_spot,SAN ANTONIO 15,36,53.25,63.12,66.16,0,2,0,0.1,10000,Nivel de precio,0.056,50.5,Estable
general_manufacturing,hedged_10pct_spot,NCTUMBES60,36,53.2,63.39,66.37,0,1,0,0.1,10000,Nivel de precio,0.028,50.16,Estable
general_manufacturing,hedged_10pct_spot,GE1 33,36,52.35,62.06,66.53,0,1,0,0.1,10000,Nivel de precio,0.028,49.47,Estable
general_manufacturing,hedged_10pct_spot,MISAPUQUIO 33,36,52.23,62.38,65.62,0,1,0,0.1,10000,Nivel de precio,0.028,49.36,Estable
general_manufacturing,hedged_10pct_spot,TINTAYA EXISTENTE 138,36,52.02,62.05,65.41,0,1,0,0.1,10000,Nivel de precio,0.028,49.15,Estable
general_manufacturing,hedged_10pct_spot,TALARA 220,36,51.91,61.33,66.31,0,1,0,0.1,10000,Nivel de precio,0.028,49.06,Estable
general_manufacturing,hedged_10pct_spot,PIURA OESTE 220,36,51.9,61.72,66.05,0,1,0,0.1,10000,Nivel de precio,0.028,49.11,Estable
general_manufacturing,hedged_10pct_spot,TINTAYA NUEVA 220,36,51.7,61.79,65.03,0,1,0,0.1,10000,Nivel de precio,0.028,48.88,Estable
general_manufacturing,hedged_10pct_spot,TALARA13.2,36,51.67,61.54,66.53,0,1,0,0.1,10000,Nivel de precio,0.028,49.03,Estable
general_manufacturing,hedged_10pct_spot,GALLITO CIEGO 60,36,51.32,60.62,63.09,0,0,0,0.1,10000,Nivel de precio,0.0,47.71,Estable
general_manufacturing,hedged_10pct_spot,BELAUNDE 138,36,51.18,60.37,63.72,0,0,0,0.1,10000,Nivel de precio,0.0,47.68,Estable
general_manufacturing,hedged_10pct_spot,VALLE DEL CHIRA 220,14,49.61,59.48,64.69,0,0,0,0.1,10000,Nivel de precio,0.0,46.9,Estable
general_manufacturing,hedged_10pct_spot,PARIAC 66,36,48.51,58.01,62.54,0,0,0,0.1,10000,Nivel de precio,0.0,45.71,Estable
general_manufacturing,hedged_10pct_spot,JULIACA10,36,47.17,57.12,60.47,0,0,0,0.1,10000,Nivel de precio,0.0,44.58,Estable
general_manufacturing,hedged_10pct_spot,JAEN 138,24,46.29,57.07,60.28,0,0,0,0.1,10000,Nivel de precio,0.0,44.14,Estable
general_manufacturing,hedged_10pct_spot,TOCACHE 138,36,43.76,53.08,58.03,0,0,0,0.1,10000,Nivel de precio,0.0,41.67,Estable
general_manufacturing,hedged_10pct_spot,JULIACA 138,36,42.63,52.81,55.92,0,0,0,0.1,10000,Nivel de precio,0.0,40.77,Estable
general_manufacturing,hedged_10pct_spot,GUADALUPE 60,36,42.23,50.74,52.91,0,0,0,0.1,10000,Nivel de precio,0.0,39.62,Estable
general_manufacturing,hedged_10pct_spot,PLANTA CASA GRANDE 13.8,1,42.13,42.13,42.13,0,0,0,0.1,10000,Nivel de precio,0.0,35.81,Sensible
general_manufacturing,hedged_10pct_spot,CALLALLI 138,36,42.1,52.31,56.01,0,0,0,0.1,10000,Nivel de precio,0.0,40.42,Estable
general_manufacturing,hedged_10pct_spot,LA BREA 220,21,41.71,52.53,58.5,0,0,0,0.1,10000,Nivel de precio,0.0,40.68,Estable
general_manufacturing,hedged_10pct_spot,ILO1 138,36,40.6,49.51,53.25,0,0,0,0.1,10000,Nivel de precio,0.0,38.63,Estable
general_manufacturing,hedged_10pct_spot,AYAVIRI 138,36,40.34,51.16,54.28,0,0,0,0.1,10000,Nivel de precio,0.0,39.08,Estable
general_manufacturing,hedged_10pct_spot,TOQUEPALA 138,36,40.34,49.24,53.15,0,0,0,0.1,10000,Nivel de precio,0.0,38.44,Estable
general_manufacturing,hedged_10pct_spot,PUNO 138,36,40.28,50.44,53.71,0,0,0,0.1,10000,Nivel de precio,0.0,38.79,Estable
general_manufacturing,hedged_10pct_spot,ILO ELP 138,36,40.06,49.01,52.76,0,0,0,0.1,10000,Nivel de precio,0.0,38.19,Estable
general_manufacturing,hedged_10pct_spot,CHICLAYO 220,36,40.04,49.38,50.96,0,0,0,0.1,10000,Nivel de precio,0.0,38.01,Estable
general_manufacturing,hedged_10pct_spot,PUNO 220,36,39.86,50.21,53.28,0,0,0,0.1,10000,Nivel de precio,0.0,38.48,Estable
general_manufacturing,hedged_10pct_spot,ARICOTA2 138,36,39.65,48.54,52.43,0,0,0,0.1,10000,Nivel de precio,0.0,37.84,Estable
general_manufacturing,hedged_10pct_spot,PUERTO MALDONADO 10,36,39.63,52.22,56.41,0,0,0,0.1,10000,Nivel de precio,0.0,39.35,Estable
general_manufacturing,hedged_10pct_spot,CT ETEN 220,36,39.63,49.0,50.84,0,0,0,0.1,10000,Nivel de precio,0.0,37.71,Estable
general_manufacturing,hedged_10pct_spot,RECKA 220,36,39.61,48.98,50.56,0,0,0,0.1,10000,Nivel de precio,0.0,37.65,Estable
general_manufacturing,hedged_10pct_spot,ETEN 18,36,39.56,48.82,50.66,0,0,0,0.1,10000,Nivel de precio,0.0,37.61,Estable
general_manufacturing,hedged_10pct_spot,RECKA 18,36,39.54,48.98,50.43,0,0,0,0.1,10000,Nivel de precio,0.0,37.6,Estable
general_manufacturing,hedged_10pct_spot,BOTIFLACA 138,36,39.42,48.18,52.23,0,0,0,0.1,10000,Nivel de precio,0.0,37.62,Estable
general_manufacturing,hedged_10pct_spot,MOLLENDO 138,36,39.31,49.8,53.59,0,0,0,0.1,10000,Nivel de precio,0.0,38.18,Estable
general_manufacturing,hedged_10pct_spot,LA NIÑA 220,36,39.31,48.46,50.8,0,0,0,0.1,10000,Nivel de precio,0.0,37.43,Estable
general_manufacturing,hedged_10pct_spot,CHILINA 33,36,39.25,49.53,51.99,0,0,0,0.1,10000,Nivel de precio,0.0,37.84,Estable
general_manufacturing,hedged_10pct_spot,ARICOTA 66,36,39.22,47.71,51.99,0,0,0,0.1,10000,Nivel de precio,0.0,37.38,Estable
general_manufacturing,hedged_10pct_spot,CACLIC 220,36,39.21,48.51,51.03,0,0,0,0.1,10000,Nivel de precio,0.0,37.43,Estable
general_manufacturing,hedged_10pct_spot,PUERTO MALDONADO 138,36,39.2,51.16,56.49,0,0,0,0.1,10000,Nivel de precio,0.0,38.9,Estable
general_manufacturing,hedged_10pct_spot,AZANGARO 138,36,39.04,49.93,53.33,0,0,0,0.1,10000,Nivel de precio,0.0,38.05,Estable
general_manufacturing,hedged_10pct_spot,PUCALLPA 60,36,38.79,48.01,53.93,0,0,0,0.1,10000,Nivel de precio,0.0,37.55,Estable
general_manufacturing,hedged_10pct_spot,CT PLANTA PUCALLPA 60,36,38.74,47.96,53.8,0,0,0,0.1,10000,Nivel de precio,0.0,37.49,Estable
general_manufacturing,hedged_10pct_spot,ARICOTA1 66,36,38.66,47.14,51.01,0,0,0,0.1,10000,Nivel de precio,0.0,36.83,Variable
general_manufacturing,hedged_10pct_spot,LOS HEROES 66,36,38.63,46.72,51.02,0,0,0,0.1,10000,Nivel de precio,0.0,36.72,Variable
general_manufacturing,hedged_10pct_spot,GUADALUPE 220,36,38.58,47.25,50.11,0,0,0,0.1,10000,Nivel de precio,0.0,36.69,Estable
general_manufacturing,hedged_10pct_spot,CHILINA 138,36,38.53,47.51,51.83,0,0,0,0.1,10000,Nivel de precio,0.0,36.99,Variable
general_manufacturing,hedged_10pct_spot,COMBAPATA 138,36,38.45,48.88,51.28,0,0,0,0.1,10000,Nivel de precio,0.0,37.22,Estable
general_manufacturing,hedged_10pct_spot,REPARTICIÓN 138,36,38.42,48.35,52.49,0,0,0,0.1,10000,Nivel de precio,0.0,37.25,Estable
general_manufacturing,hedged_10pct_spot,CUTERVO 138,36,38.39,48.24,50.28,0,0,0,0.1,10000,Nivel de precio,0.0,36.88,Estable
general_manufacturing,hedged_10pct_spot,PUCALLPA 138,36,38.29,47.09,53.24,0,0,0,0.1,10000,Nivel de precio,0.0,36.99,Estable
general_manufacturing,hedged_10pct_spot,LOS HEROES 220,36,38.09,45.56,50.31,0,0,0,0.1,10000,Nivel de precio,0.0,36.08,Variable
general_manufacturing,hedged_10pct_spot,CERRO VERDE 138,36,37.79,46.53,50.5,0,0,0,0.1,10000,Nivel de precio,0.0,36.22,Variable
general_manufacturing,hedged_10pct_spot,AGROLMOS 60,6,37.57,46.92,49.41,0,0,0,0.1,10000,Nivel de precio,0.0,36.05,Variable
general_manufacturing,hedged_10pct_spot,MOQUEGUA 138,36,37.32,45.08,49.47,0,0,0,0.1,10000,Nivel de precio,0.0,35.49,Variable
general_manufacturing,hedged_10pct_spot,PLANTA SAN JACINTO 13.8,36,37.25,46.37,49.29,0,0,0,0.1,10000,Nivel de precio,0.0,35.75,Variable
general_manufacturing,hedged_10pct_spot,CAJAMARCA 220,36,37.09,46.5,49.07,0,0,0,0.1,10000,Nivel de precio,0.0,35.68,Variable
general_manufacturing,hedged_10pct_spot,SANTUARIO 138,36,37.05,46.22,50.47,0,0,0,0.1,10000,Nivel de precio,0.0,35.8,Variable
general_manufacturing,hedged_10pct_spot,MOQUEGUA 220,36,36.97,45.02,48.93,0,0,0,0.1,10000,Nivel de precio,0.0,35.23,Variable
general_manufacturing,hedged_10pct_spot,SOCABAYA 138,36,36.81,45.83,49.83,0,0,0,0.1,10000,Nivel de precio,0.0,35.5,Variable
general_manufacturing,hedged_10pct_spot,TRUJILLO 220,36,36.7,45.96,49.5,0,0,0,0.1,10000,Nivel de precio,0.0,35.43,Variable
general_manufacturing,hedged_10pct_spot,ILO2 220,36,36.67,44.83,48.65,0,0,0,0.1,10000,Nivel de precio,0.0,35.01,Variable
general_manufacturing,hedged_10pct_spot,CHARCANI VI 33,36,36.46,44.64,47.14,0,0,0,0.1,10000,Nivel de precio,0.0,34.64,Variable
general_manufacturing,hedged_10pct_spot,SOCABAYA 220,36,36.42,45.22,49.09,0,0,0,0.1,10000,Nivel de precio,0.0,35.06,Variable
general_manufacturing,hedged_10pct_spot,CARHUAQUERO 220,36,36.32,46.87,48.85,0,0,0,0.1,10000,Nivel de precio,0.0,35.39,Variable
general_manufacturing,hedged_10pct_spot,MONTALVO 220,36,36.03,43.85,48.43,0,0,0,0.1,10000,Nivel de precio,0.0,34.44,Variable
general_manufacturing,hedged_10pct_spot,HUALLIN60,21,35.86,47.95,51.42,0,0,0,0.1,10000,Nivel de precio,0.0,35.84,Sensible
general_manufacturing,hedged_10pct_spot,AUCAYACU 138,36,35.62,45.85,52.13,0,0,0,0.1,10000,Nivel de precio,0.0,35.31,Variable
general_manufacturing,hedged_10pct_spot,S.E. ILO4 500,36,35.36,43.33,47.15,0,0,0,0.1,10000,Nivel de precio,0.0,33.82,Variable
general_manufacturing,hedged_10pct_spot,BIOENERGIA 13.8,36,35.24,46.43,55.67,0,0,0,0.1,10000,Nivel de precio,0.0,35.82,Variable
general_manufacturing,hedged_10pct_spot,RUBI 220,33,35.02,43.37,48.19,0,0,0,0.1,10000,Volatilidad,0.0,33.83,Variable
general_manufacturing,hedged_10pct_spot,CHIMBOTE1 138,36,34.97,45.06,48.71,0,0,0,0.1,10000,Nivel de precio,0.0,34.31,Variable
general_manufacturing,hedged_10pct_spot,CHAPARRAL 138,18,34.91,43.25,44.96,0,0,0,0.1,10000,Volatilidad,0.0,33.27,Variable
general_manufacturing,hedged_10pct_spot,DUNA HUAMBOS 34.5,31,34.85,46.88,49.44,0,0,0,0.1,10000,Nivel de precio,0.0,34.82,Variable
general_manufacturing,hedged_10pct_spot,SAN JOSE 500,36,34.79,42.77,46.52,0,0,0,0.1,10000,Nivel de precio,0.0,33.33,Variable
general_manufacturing,hedged_10pct_spot,PUERTO BRAVO 500,36,34.67,42.76,46.09,0,0,0,0.1,10000,Nivel de precio,0.0,33.21,Variable
general_manufacturing,hedged_10pct_spot,PUERTO BRAVO 18,36,34.56,42.72,45.96,0,0,0,0.1,10000,Nivel de precio,0.0,33.13,Variable
general_manufacturing,hedged_10pct_spot,LA RAMADA 220,36,34.54,45.17,47.81,0,0,0,0.1,10000,Nivel de precio,0.0,34.0,Variable
general_manufacturing,hedged_10pct_spot,CHIMBOTE1 220,36,34.37,44.8,48.97,0,0,0,0.1,10000,Nivel de precio,0.0,34.02,Variable
general_manufacturing,hedged_10pct_spot,CARHUAQUERO 10_S,24,33.99,46.05,49.23,0,0,0,0.1,10000,Nivel de precio,0.0,34.19,Variable
general_manufacturing,hedged_10pct_spot,QUENCORO 138,36,33.94,44.65,48.77,0,0,0,0.1,10000,Nivel de precio,0.0,33.75,Variable
general_manufacturing,hedged_10pct_spot,CHARCANI I 33,36,33.85,43.05,46.08,0,0,0,0.1,10000,Nivel de precio,0.0,32.91,Variable
general_manufacturing,hedged_10pct_spot,DOLORESPATA 138,36,33.74,44.37,48.63,0,0,0,0.1,10000,Nivel de precio,0.0,33.57,Variable
general_manufacturing,hedged_10pct_spot,QUITARACSA 220,36,33.08,44.15,47.14,0,0,0,0.1,10000,Nivel de precio,0.0,33.0,Variable
general_manufacturing,hedged_10pct_spot,MAZUCO138,36,32.99,47.69,54.16,0,0,0,0.1,10000,Volatilidad,0.0,34.89,Variable
general_manufacturing,hedged_10pct_spot,CACHIMAYO 138,36,32.65,43.37,48.14,0,0,0,0.1,10000,Nivel de precio,0.0,32.76,Variable
general_manufacturing,hedged_10pct_spot,ZAÑA 60,36,32.36,42.97,51.6,0,0,0,0.1,10000,Nivel de precio,0.0,33.05,Variable
general_manufacturing,hedged_10pct_spot,SAN NICOLAS 13.8,36,32.33,40.49,52.62,0,0,0,0.1,10000,Prima de estrés,0.0,32.56,Variable
general_manufacturing,hedged_10pct_spot,AGUAYTIA 138,36,31.96,44.48,47.45,0,0,0,0.1,10000,Nivel de precio,0.0,32.62,Variable
general_manufacturing,hedged_10pct_spot,TINGO MARIA 138,36,31.85,43.52,46.33,0,0,0,0.1,10000,Nivel de precio,0.0,32.16,Variable
general_manufacturing,hedged_10pct_spot,AGUAYTIA 22.9,36,31.61,44.35,46.94,0,0,0,0.1,10000,Nivel de precio,0.0,32.35,Variable
general_manufacturing,hedged_10pct_spot,PURMACANA 20,36,31.48,42.67,48.36,0,0,0,0.1,10000,Nivel de precio,0.0,32.09,Variable
general_manufacturing,hedged_10pct_spot,AGUAYTIA 220,36,31.35,44.2,46.82,0,0,0,0.1,10000,Nivel de precio,0.0,32.18,Variable
general_manufacturing,hedged_10pct_spot,SAN MARTIN 220,9,31.33,36.16,38.19,0,0,0,0.1,10000,Volatilidad,0.0,28.87,Variable
general_manufacturing,hedged_10pct_spot,PAQUILLUSI 220,9,30.8,38.4,44.39,0,0,0,0.1,10000,Volatilidad,0.0,30.12,Variable
general_manufacturing,hedged_10pct_spot,HUALLANCA 138,36,30.76,43.2,46.51,0,0,0,0.1,10000,Nivel de precio,0.0,31.62,Variable
general_manufacturing,hedged_10pct_spot,CHARCANI IV 33,36,30.74,42.0,45.05,0,0,0,0.1,10000,Ventanas críticas,0.0,31.09,Variable
general_manufacturing,hedged_10pct_spot,COTARUSE 220,36,30.47,40.11,46.9,0,0,0,0.1,10000,Ventanas críticas,0.0,30.77,Variable
general_manufacturing,hedged_10pct_spot,HUANUCO 138,36,30.06,40.76,45.0,0,0,0,0.1,10000,Nivel de precio,0.0,30.47,Variable
general_manufacturing,hedged_10pct_spot,PIEDRA BLANCA 34.5,36,29.31,40.03,45.12,0,0,0,0.1,10000,Nivel de precio,0.0,29.97,Variable
general_manufacturing,hedged_10pct_spot,TUPURI 22.9,36,29.22,44.96,51.77,0,0,0,0.1,10000,Ventanas críticas,0.0,32.15,Variable
general_manufacturing,hedged_10pct_spot,SAN GABAN 138,36,29.18,44.39,50.83,0,0,0,0.1,10000,Ventanas críticas,0.0,31.85,Variable
general_manufacturing,hedged_10pct_spot,SUNNY 220,4,29.08,34.38,35.05,0,0,0,0.1,10000,Volatilidad,0.0,26.94,Variable
general_manufacturing,hedged_10pct_spot,PARAMONGA NUEVA 220,36,28.79,37.32,47.58,0,0,0,0.1,10000,Ventanas críticas,0.0,29.42,Variable
general_manufacturing,hedged_10pct_spot,VIZCARRA 220,36,28.67,39.6,46.9,0,0,0,0.1,10000,Ventanas críticas,0.0,29.84,Variable
general_manufacturing,hedged_10pct_spot,PARAMONGA NUEVA 138,36,28.58,37.07,47.83,0,0,0,0.1,10000,Ventanas críticas,0.0,29.3,Variable
general_manufacturing,hedged_10pct_spot,PARAMONGA EXISTENTE 138,36,28.44,37.17,47.85,0,0,0,0.1,10000,Ventanas críticas,0.0,29.27,Variable
general_manufacturing,hedged_10pct_spot,OQUENDO 60,36,28.34,36.15,46.41,0,0,0,0.1,10000,Ventanas críticas,0.0,28.75,Variable
general_manufacturing,hedged_10pct_spot,MEDIO MUNDO 220,36,28.17,36.35,48.09,0,0,0,0.1,10000,Ventanas críticas,0.0,28.98,Variable
general_manufacturing,hedged_10pct_spot,PACHACHACA50,36,27.71,36.7,41.02,0,0,0,0.1,10000,Ventanas críticas,0.0,27.8,Variable
general_manufacturing,hedged_10pct_spot,SANTIAGO DE CAO 138,1,27.22,27.22,27.22,0,0,0,0.1,10000,Prima de estrés,0.0,23.14,Sensible
general_manufacturing,hedged_10pct_spot,MARCONA 220,36,27.01,34.47,41.78,0,0,0,0.1,10000,Ventanas críticas,0.0,27.04,Variable
general_manufacturing,hedged_10pct_spot,POROMA 220,36,26.97,33.91,41.42,0,0,0,0.1,10000,Ventanas críticas,0.0,26.83,Variable
general_manufacturing,hedged_10pct_spot,LOMERA 220,36,26.54,33.51,43.33,0,0,0,0.1,10000,Ventanas críticas,0.0,26.82,Variable
general_manufacturing,hedged_10pct_spot,HUACHO 220,36,26.39,34.96,41.45,0,0,0,0.1,10000,Ventanas críticas,0.0,26.83,Variable
general_manufacturing,hedged_10pct_spot,SANTA TERESA 220,36,25.79,37.25,45.02,0,0,0,0.1,10000,Ventanas críticas,0.0,27.67,Variable
general_manufacturing,hedged_10pct_spot,CHAVARRIA 220,36,25.65,31.15,45.49,0,0,0,0.1,10000,Ventanas críticas,0.0,26.15,Variable
general_manufacturing,hedged_10pct_spot,ZAPALLAL 220,36,25.6,31.21,44.92,0,0,0,0.1,10000,Ventanas críticas,0.0,26.06,Variable
general_manufacturing,hedged_10pct_spot,MARCONA 60,27,25.38,31.34,35.84,0,0,2,0.1,10000,Ventanas críticas,0.0,24.63,Variable
general_manufacturing,hedged_10pct_spot,VENTANILLA 220,36,25.29,30.68,45.03,0,0,0,0.1,10000,Ventanas críticas,0.0,25.8,Variable
general_manufacturing,hedged_10pct_spot,CARABAYLLO 220,36,25.27,30.95,44.69,0,0,0,0.1,10000,Ventanas críticas,0.0,25.81,Variable
general_manufacturing,hedged_10pct_spot,ICA 220,36,24.89,32.41,42.89,0,0,0,0.1,10000,Ventanas críticas,0.0,25.74,Variable
general_manufacturing,hedged_10pct_spot,INDEPENDENCIA 60,36,24.68,30.38,43.24,0,0,0,0.1,10000,Ventanas críticas,0.0,25.19,Variable
general_manufacturing,hedged_10pct_spot,CT PISCO 60,36,24.67,30.38,43.24,0,0,0,0.1,10000,Ventanas críticas,0.0,25.18,Variable
general_manufacturing,hedged_10pct_spot,INDUSTRIALES 220,36,24.58,30.34,41.71,0,0,0,0.1,10000,Ventanas críticas,0.0,24.9,Variable
general_manufacturing,hedged_10pct_spot,FLAMENCO 220,26,24.55,30.46,35.07,0,0,0,0.1,10000,Ventanas críticas,0.0,23.92,Variable
general_manufacturing,hedged_10pct_spot,CAJAMARQUILLA 220,36,24.49,29.67,44.16,0,0,0,0.1,10000,Ventanas críticas,0.0,25.06,Variable
general_manufacturing,hedged_10pct_spot,CT INDEPENDENCIA 60,36,24.19,29.77,42.76,0,0,0,0.1,10000,Ventanas críticas,0.0,24.74,Variable
general_manufacturing,hedged_10pct_spot,ERSUR 220,26,24.18,29.36,34.38,0,0,0,0.1,10000,Ventanas críticas,0.0,23.38,Variable
general_manufacturing,hedged_10pct_spot,NAZCA NUEVA 220,23,24.16,27.39,34.1,0,0,0,0.1,10000,Ventanas críticas,0.0,22.84,Variable
general_manufacturing,hedged_10pct_spot,PLANICIE 220,36,24.08,29.92,31.66,0,0,0,0.1,10000,Ventanas críticas,0.0,23.06,Variable
general_manufacturing,hedged_10pct_spot,CHEVES 220,36,24.07,32.49,40.7,0,0,0,0.1,10000,Ventanas críticas,0.0,25.06,Variable
general_manufacturing,hedged_10pct_spot,MARAÑON 60,36,23.95,34.5,46.34,0,0,0,0.1,10000,Ventanas críticas,0.0,26.35,Variable
general_manufacturing,hedged_10pct_spot,SANTA ROSA 220,36,23.91,30.13,45.44,0,0,0,0.1,10000,Ventanas críticas,0.0,25.11,Variable
general_manufacturing,hedged_10pct_spot,MACHUPICCHU 138,36,23.78,36.24,43.19,0,0,0,0.1,10000,Ventanas críticas,0.0,26.24,Variable
general_manufacturing,hedged_10pct_spot,CARAPONGO 220,36,23.72,29.14,43.68,0,0,0,0.1,10000,Ventanas críticas,0.0,24.51,Variable
general_manufacturing,hedged_10pct_spot,INDEPENDENCIA 220,36,23.7,29.37,42.97,0,0,0,0.1,10000,Ventanas críticas,0.0,24.45,Variable
general_manufacturing,hedged_10pct_spot,HUANCHOR 50,36,23.66,39.51,48.94,0,0,0,0.1,10000,Ventanas críticas,0.0,27.87,Variable
general_manufacturing,hedged_10pct_spot,PARAGSHA2 138,36,23.51,32.38,40.46,0,0,0,0.1,10000,Ventanas críticas,0.0,24.74,Variable
general_manufacturing,hedged_10pct_spot,CHINCHA NUEVA 220,23,23.42,31.52,41.67,0,0,0,0.1,10000,Ventanas críticas,0.0,24.67,Variable
general_manufacturing,hedged_10pct_spot,CHEVES 13.8,36,23.3,31.9,40.49,0,0,0,0.1,10000,Ventanas críticas,0.0,24.53,Variable
general_manufacturing,hedged_10pct_spot,CAHUA138,36,22.92,31.7,47.73,0,0,0,0.1,10000,Ventanas críticas,0.0,25.4,Variable
general_manufacturing,hedged_10pct_spot,DESIERTO 220,35,22.07,27.59,40.74,0,0,0,0.1,10000,Ventanas críticas,0.0,22.94,Variable
general_manufacturing,hedged_10pct_spot,PUNTA LOMITAS II,36,22.06,26.76,31.43,0,0,0,0.1,10000,Ventanas críticas,0.0,21.33,Variable
general_manufacturing,hedged_10pct_spot,PUNTA LOMITAS I,36,22.0,26.87,30.11,0,0,0,0.1,10000,Ventanas críticas,0.0,21.13,Variable
general_manufacturing,hedged_10pct_spot,CANTERA 220,36,21.92,27.59,41.38,0,0,0,0.1,10000,Ventanas críticas,0.0,22.97,Variable
general_manufacturing,hedged_10pct_spot,PARAGSHA2 220,36,21.85,31.21,39.6,0,0,0,0.1,10000,Ventanas críticas,0.0,23.57,Variable
general_manufacturing,hedged_10pct_spot,CALLAHUANCA EDEGEL 220,36,21.85,26.12,34.14,0,0,0,0.1,10000,Ventanas críticas,0.0,21.48,Variable
general_manufacturing,hedged_10pct_spot,HUINCO 220,36,21.73,27.63,42.67,0,0,0,0.1,10000,Ventanas críticas,0.0,23.09,Variable
general_manufacturing,hedged_10pct_spot,HUANZA 220,36,21.39,27.64,41.14,0,0,0,0.1,10000,Ventanas críticas,0.0,22.71,Variable
general_manufacturing,hedged_10pct_spot,HUAMPANI 60,36,21.36,29.13,42.97,0,0,0,0.1,10000,Ventanas críticas,0.0,23.34,Variable
general_manufacturing,hedged_10pct_spot,SAN JUAN 220,36,21.21,26.58,32.5,0,0,0,0.1,10000,Ventanas críticas,0.0,21.06,Variable
general_manufacturing,hedged_10pct_spot,CHILCA500,36,21.01,24.98,30.81,0,0,0,0.1,10000,Ventanas críticas,0.0,20.32,Variable
general_manufacturing,hedged_10pct_spot,POMACOCHA 220,36,20.84,26.22,28.16,0,0,0,0.1,10000,Ventanas críticas,0.0,20.16,Variable
general_manufacturing,hedged_10pct_spot,OROYA NUEVA 220,36,20.75,27.18,29.29,0,0,0,0.1,10000,Ventanas críticas,0.0,20.53,Variable
general_manufacturing,hedged_10pct_spot,OLLEROS 500,36,20.7,25.33,30.17,0,0,0,0.1,10000,Ventanas críticas,0.0,20.17,Variable
general_manufacturing,hedged_10pct_spot,SANTA ANA 138,6,20.62,25.8,29.03,0,0,0,0.1,10000,Ventanas críticas,0.0,20.08,Variable
general_manufacturing,hedged_10pct_spot,PACHACHACA 220,36,20.43,25.57,28.77,0,0,0,0.1,10000,Ventanas críticas,0.0,19.9,Variable
general_manufacturing,hedged_10pct_spot,FENIX 500,36,20.39,24.16,30.97,0,0,0,0.1,10000,Ventanas críticas,0.0,19.86,Variable
general_manufacturing,hedged_10pct_spot,CARHUAMAYO 138,36,20.37,28.91,32.38,0,0,0,0.1,10000,Ventanas críticas,0.0,21.25,Variable
general_manufacturing,hedged_10pct_spot,CHIRIBAMBA 220,22,20.19,25.06,32.73,0,0,0,0.1,10000,Ventanas críticas,0.0,20.26,Variable
general_manufacturing,hedged_10pct_spot,MATUCANA 220,36,20.05,24.43,32.88,0,0,0,0.1,10000,Ventanas críticas,0.0,20.06,Variable
general_manufacturing,hedged_10pct_spot,ALTO PRADERAS 220,36,20.0,25.5,37.77,0,0,0,0.1,10000,Ventanas críticas,0.0,21.04,Variable
general_manufacturing,hedged_10pct_spot,YANANGO 220,36,19.88,25.14,30.41,0,0,0,0.1,10000,Ventanas críticas,0.0,19.79,Variable
general_manufacturing,hedged_10pct_spot,ASIA 220,36,19.83,25.69,40.79,0,0,0,0.1,10000,Ventanas críticas,0.0,21.46,Variable
general_manufacturing,hedged_10pct_spot,MOYOPAMPA 60,36,19.67,25.36,29.07,0,0,0,0.1,10000,Ventanas críticas,0.0,19.55,Variable
general_manufacturing,hedged_10pct_spot,SANTA ISABEL 220,36,19.49,28.06,32.08,0,0,0,0.1,10000,Ventanas críticas,0.0,20.6,Variable
general_manufacturing,hedged_10pct_spot,CS COENERGY 22.9,1,19.41,19.41,19.41,0,0,0,0.1,10000,Volatilidad,0.0,16.5,Variable
general_manufacturing,hedged_10pct_spot,OROYA NUEVA 50,36,19.16,26.17,30.34,0,0,0,0.1,10000,Ventanas críticas,0.0,19.72,Variable
general_manufacturing,hedged_10pct_spot,CHAGLLA 220,36,18.78,28.9,31.08,0,0,0,0.1,10000,Ventanas críticas,0.0,20.34,Variable
general_manufacturing,hedged_10pct_spot,CONDORCOCHA 44,36,18.69,26.22,31.32,0,0,0,0.1,10000,Ventanas críticas,0.0,19.66,Variable
general_manufacturing,hedged_10pct_spot,CONDORCOCHA 138,36,18.35,25.77,31.21,0,0,0,0.1,10000,Ventanas críticas,0.0,19.38,Variable
general_manufacturing,hedged_10pct_spot,CARIPA 138,36,18.07,25.34,30.52,0,0,0,0.1,10000,Ventanas críticas,0.0,19.05,Variable
general_manufacturing,hedged_10pct_spot,CHIMAY 220,36,17.91,23.12,27.95,0,0,0,0.1,10000,Ventanas críticas,0.0,18.03,Variable
general_manufacturing,hedged_10pct_spot,CHILCA UNO 220,36,17.89,22.78,26.39,0,0,0,0.1,10000,Ventanas críticas,0.0,17.71,Variable
general_manufacturing,hedged_10pct_spot,HUAYUCACHI 220,36,17.83,22.27,26.44,0,0,0,0.1,10000,Ventanas críticas,0.0,17.56,Variable
general_manufacturing,hedged_10pct_spot,CH OROYA 50,36,17.68,23.51,29.31,0,0,0,0.1,10000,Ventanas críticas,0.0,18.23,Variable
general_manufacturing,hedged_10pct_spot,HUANCAVELICA 220,36,17.48,21.71,27.83,0,0,0,0.1,10000,Ventanas críticas,0.0,17.47,Variable
general_manufacturing,hedged_10pct_spot,YAUPI 138,36,17.33,24.86,31.67,0,0,0,0.1,10000,Ventanas críticas,0.0,18.76,Variable
general_manufacturing,hedged_10pct_spot,LAS FLORES 220,36,17.3,21.99,26.2,0,0,0,0.1,10000,Ventanas críticas,0.0,17.21,Variable
general_manufacturing,hedged_10pct_spot,CALLAHUANCA 60,36,17.11,22.93,31.94,0,0,0,0.1,10000,Ventanas críticas,0.0,18.22,Variable
general_manufacturing,hedged_10pct_spot,CHILCA DOS 13.8,36,17.0,22.56,25.41,0,0,0,0.1,10000,Ventanas críticas,0.0,17.1,Variable
general_manufacturing,hedged_10pct_spot,CERRO DEL AGUILA 220,36,16.9,22.37,25.38,0,0,0,0.1,10000,Ventanas críticas,0.0,17.0,Variable
general_manufacturing,hedged_10pct_spot,YAUPI13.8,36,16.53,23.64,31.0,0,0,0,0.1,10000,Ventanas críticas,0.0,18.0,Variable
general_manufacturing,hedged_10pct_spot,LA VIRGEN 138,36,16.51,23.72,29.26,0,0,0,0.1,10000,Ventanas críticas,0.0,17.75,Variable
general_manufacturing,hedged_10pct_spot,CHILCA REP 220,36,16.47,22.08,25.43,0,0,0,0.1,10000,Ventanas críticas,0.0,16.75,Variable
general_manufacturing,hedged_10pct_spot,YARUCAYA 13.8,36,15.74,20.87,32.7,0,0,0,0.1,10000,Ventanas críticas,0.0,17.21,Variable
general_manufacturing,hedged_10pct_spot,CAMPO ARMIÑO 220,36,15.05,19.05,21.27,0,0,0,0.1,10000,Ventanas críticas,0.0,14.72,Variable
general_manufacturing,hedged_10pct_spot,MALPASO 50,36,15.01,20.11,25.42,0,0,0,0.1,10000,Ventanas críticas,0.0,15.6,Variable
general_manufacturing,hedged_10pct_spot,CORACORA 60,4,14.94,23.33,27.73,0,0,4,0.1,10000,Prima de estrés,0.0,16.71,Variable
general_manufacturing,hedged_10pct_spot,RESTITUCIÓN 220,36,14.56,18.49,20.6,0,0,0,0.1,10000,Ventanas críticas,0.0,14.27,Variable
general_manufacturing,hedged_10pct_spot,NAZCA 22.9,4,14.52,22.87,27.35,0,0,4,0.1,10000,Prima de estrés,0.0,16.36,Variable
general_manufacturing,hedged_10pct_spot,LLIPATA 60,4,13.98,22.42,27.22,0,0,4,0.1,10000,Prima de estrés,0.0,15.98,Variable
general_manufacturing,hedged_10pct_spot,PLATANAL 220,36,13.33,17.68,19.67,0,0,0,0.1,10000,Ventanas críticas,0.0,13.37,Variable
general_manufacturing,hedged_10pct_spot,ALTO LA LUNA 10,14,11.57,16.53,17.98,0,0,11,0.1,10000,Prima de estrés,0.0,12.03,Variable
general_manufacturing,hedged_10pct_spot,ALTO LA LUNA 60,14,11.27,16.04,17.41,0,0,11,0.1,10000,Prima de estrés,0.0,11.69,Variable
general_manufacturing,hedged_10pct_spot,PISCO 10,14,11.05,15.5,17.11,0,0,11,0.1,10000,Prima de estrés,0.0,11.42,Variable
general_manufacturing,hedged_10pct_spot,VILLACURI 22.9,14,10.97,15.95,17.55,0,0,11,0.1,10000,Prima de estrés,0.0,11.56,Variable
general_manufacturing,hedged_10pct_spot,PARACAS 22,14,10.88,15.58,20.56,0,0,11,0.1,10000,Prima de estrés,0.0,11.88,Variable
general_manufacturing,hedged_10pct_spot,PARACAS 10,14,10.81,15.13,20.73,0,0,11,0.1,10000,Prima de estrés,0.0,11.76,Variable
general_manufacturing,hedged_10pct_spot,TAMBO DE MORA 10,5,10.35,14.57,18.45,0,0,4,0.1,10000,Prima de estrés,0.0,11.07,Variable
general_manufacturing,hedged_10pct_spot,VILLACURI 60,14,10.18,14.49,16.45,0,0,11,0.1,10000,Prima de estrés,0.0,10.67,Variable
general_manufacturing,hedged_10pct_spot,PEDREGAL 10,5,9.86,14.23,17.89,0,0,4,0.1,10000,Prima de estrés,0.0,10.68,Variable
general_manufacturing,hedged_10pct_spot,PUEBLO NUEVO 10,5,9.4,12.68,14.32,0,0,4,0.1,10000,Prima de estrés,0.0,9.55,Variable
general_manufacturing,hedged_10pct_spot,INDEPENDENCIA 10,14,9.26,12.04,18.96,0,0,11,0.1,10000,Prima de estrés,0.0,10.02,Variable
general_manufacturing,hedged_10pct_spot,CHALA 60,1,8.41,8.41,8.41,0,0,1,0.1,10000,Prima de estrés,0.0,7.15,Variable
general_manufacturing,hedged_10pct_spot,BELLA UNION 60,1,7.97,7.97,7.97,0,0,1,0.1,10000,Prima de estrés,0.0,6.77,Variable
general_manufacturing,hedged_10pct_spot,JAHUAY 60,1,7.45,7.45,7.45,0,0,1,0.1,10000,Prima de estrés,0.0,6.33,Variable
general_manufacturing,hedged_10pct_spot,FUNSUR 60,1,7.34,7.34,7.34,0,0,1,0.1,10000,Prima de estrés,0.0,6.24,Variable
general_manufacturing,hedged_10pct_spot,MINA 60,1,6.77,6.77,6.77,0,0,1,0.1,10000,Prima de estrés,0.0,5.76,Variable
general_manufacturing,hedged_10pct_spot,HUARANGO 60,1,6.26,6.26,6.26,0,0,1,0.1,10000,Prima de estrés,0.0,5.32,Variable
general_manufacturing,hedged_10pct_spot,LOMAS 60,1,6.26,6.26,6.26,0,0,1,0.1,10000,Prima de estrés,0.0,5.32,Variable
general_manufacturing,indexed_50pct_spot,PLANTAETANOL 60,36,60.66,70.22,72.8,0,11,0,0.5,10000,Nivel de precio,0.306,60.35,Estable
general_manufacturing,indexed_50pct_spot,HUAYLLACHO 15,36,60.65,71.04,73.54,0,12,0,0.5,10000,Nivel de precio,0.333,61.08,Estable
general_manufacturing,indexed_50pct_spot,SAN IGNACIO 15,36,60.43,70.62,73.23,0,12,0,0.5,10000,Nivel de precio,0.333,60.83,Estable
general_manufacturing,indexed_50pct_spot,SAN ANTONIO 15,36,60.41,70.62,73.23,0,12,0,0.5,10000,Nivel de precio,0.333,60.82,Estable
general_manufacturing,indexed_50pct_spot,ZORRITOS 220,36,60.2,70.38,71.44,0,11,0,0.5,10000,Nivel de precio,0.306,59.99,Estable
general_manufacturing,indexed_50pct_spot,NCTUMBES60,36,60.02,70.54,71.6,0,11,0,0.5,10000,Nivel de precio,0.306,59.97,Estable
general_manufacturing,indexed_50pct_spot,MISAPUQUIO 33,36,59.47,69.9,72.74,0,11,0,0.5,10000,Nivel de precio,0.306,59.73,Estable
general_manufacturing,indexed_50pct_spot,GE1 33,36,59.15,69.46,70.44,0,10,0,0.5,10000,Nivel de precio,0.278,58.72,Estable
general_manufacturing,indexed_50pct_spot,TINTAYA EXISTENTE 138,36,59.13,69.56,72.51,0,11,0,0.5,10000,Nivel de precio,0.306,59.46,Estable
general_manufacturing,indexed_50pct_spot,TINTAYA NUEVA 220,36,58.77,68.98,72.21,0,10,0,0.5,10000,Nivel de precio,0.278,58.69,Estable
general_manufacturing,indexed_50pct_spot,PIURA OESTE 220,36,58.69,68.3,70.9,0,10,0,0.5,10000,Nivel de precio,0.278,58.29,Estable
general_manufacturing,indexed_50pct_spot,TALARA 220,36,58.67,68.29,70.16,0,9,0,0.5,10000,Nivel de precio,0.25,57.75,Estable
general_manufacturing,indexed_50pct_spot,TALARA13.2,36,58.34,68.36,70.25,0,9,0,0.5,10000,Nivel de precio,0.25,57.63,Estable
general_manufacturing,indexed_50pct_spot,GALLITO CIEGO 60,36,58.28,67.64,70.17,0,10,0,0.5,10000,Nivel de precio,0.278,57.83,Estable
general_manufacturing,indexed_50pct_spot,BELAUNDE 138,36,58.17,67.78,70.83,0,10,0,0.5,10000,Nivel de precio,0.278,57.92,Estable
general_manufacturing,indexed_50pct_spot,VALLE DEL CHIRA 220,14,56.71,66.84,68.58,0,2,0,0.5,10000,Nivel de precio,0.143,54.66,Estable
general_manufacturing,indexed_50pct_spot,PARIAC 66,36,55.5,65.93,69.91,0,5,0,0.5,10000,Nivel de precio,0.139,54.03,Estable
general_manufacturing,indexed_50pct_spot,JULIACA10,36,54.14,64.83,67.74,0,4,0,0.5,10000,Nivel de precio,0.111,52.39,Estable
general_manufacturing,indexed_50pct_spot,JAEN 138,24,53.42,63.52,68.38,0,2,0,0.5,10000,Nivel de precio,0.083,51.43,Estable
general_manufacturing,indexed_50pct_spot,TOCACHE 138,36,50.55,59.54,65.2,0,1,0,0.5,10000,Nivel de precio,0.028,47.83,Estable
general_manufacturing,indexed_50pct_spot,JULIACA 138,36,49.56,60.26,63.24,0,0,0,0.5,10000,Nivel de precio,0.0,46.85,Estable
general_manufacturing,indexed_50pct_spot,CALLALLI 138,36,49.19,59.85,63.24,0,0,0,0.5,10000,Nivel de precio,0.0,46.58,Estable
general_manufacturing,indexed_50pct_spot,GUADALUPE 60,36,49.13,57.52,60.15,0,0,0,0.5,10000,Nivel de precio,0.0,45.51,Estable
general_manufacturing,indexed_50pct_spot,LA BREA 220,21,48.07,58.89,62.06,0,0,0,0.5,10000,Nivel de precio,0.0,45.66,Estable
general_manufacturing,indexed_50pct_spot,ILO1 138,36,47.67,56.53,60.54,0,0,0,0.5,10000,Nivel de precio,0.0,44.66,Estable
general_manufacturing,indexed_50pct_spot,PLANTA CASA GRANDE 13.8,1,47.5,47.5,47.5,0,0,0,0.5,10000,Nivel de precio,0.0,40.37,Sensible
general_manufacturing,indexed_50pct_spot,TOQUEPALA 138,36,47.41,55.9,60.45,0,0,0,0.5,10000,Nivel de precio,0.0,44.37,Estable
general_manufacturing,indexed_50pct_spot,AYAVIRI 138,36,47.2,58.66,61.59,0,0,0,0.5,10000,Nivel de precio,0.0,45.14,Estable
general_manufacturing,indexed_50pct_spot,PUNO 138,36,47.19,57.5,61.06,0,0,0,0.5,10000,Nivel de precio,0.0,44.77,Estable
general_manufacturing,indexed_50pct_spot,ILO ELP 138,36,47.12,55.93,59.94,0,0,0,0.5,10000,Nivel de precio,0.0,44.17,Estable
general_manufacturing,indexed_50pct_spot,CHICLAYO 220,36,46.89,55.5,58.2,0,0,0,0.5,10000,Nivel de precio,0.0,43.71,Estable
general_manufacturing,indexed_50pct_spot,PUNO 220,36,46.75,57.12,60.57,0,0,0,0.5,10000,Nivel de precio,0.0,44.4,Estable
general_manufacturing,indexed_50pct_spot,ARICOTA2 138,36,46.68,55.38,59.58,0,0,0,0.5,10000,Nivel de precio,0.0,43.79,Estable
general_manufacturing,indexed_50pct_spot,CT ETEN 220,36,46.47,55.33,57.76,0,0,0,0.5,10000,Nivel de precio,0.0,43.41,Estable
general_manufacturing,indexed_50pct_spot,RECKA 220,36,46.46,55.34,57.52,0,0,0,0.5,10000,Nivel de precio,0.0,43.37,Estable
general_manufacturing,indexed_50pct_spot,BOTIFLACA 138,36,46.43,55.08,59.38,0,0,0,0.5,10000,Nivel de precio,0.0,43.57,Estable
general_manufacturing,indexed_50pct_spot,ETEN 18,36,46.4,55.16,57.64,0,0,0,0.5,10000,Nivel de precio,0.0,43.32,Estable
general_manufacturing,indexed_50pct_spot,RECKA 18,36,46.39,55.28,57.41,0,0,0,0.5,10000,Nivel de precio,0.0,43.31,Estable
general_manufacturing,indexed_50pct_spot,ARICOTA 66,36,46.22,54.86,59.14,0,0,0,0.5,10000,Nivel de precio,0.0,43.38,Estable
general_manufacturing,indexed_50pct_spot,CHILINA 33,36,46.16,56.85,59.14,0,0,0,0.5,10000,Nivel de precio,0.0,43.86,Estable
general_manufacturing,indexed_50pct_spot,LA NIÑA 220,36,46.11,54.85,58.09,0,0,0,0.5,10000,Nivel de precio,0.0,43.17,Estable
general_manufacturing,indexed_50pct_spot,MOLLENDO 138,36,46.01,57.28,60.93,0,0,0,0.5,10000,Nivel de precio,0.0,44.17,Estable
general_manufacturing,indexed_50pct_spot,CACLIC 220,36,45.93,55.47,57.87,0,0,0,0.5,10000,Nivel de precio,0.0,43.21,Estable
general_manufacturing,indexed_50pct_spot,PUERTO MALDONADO 10,36,45.92,59.57,62.98,0,0,0,0.5,10000,Nivel de precio,0.0,45.0,Estable
general_manufacturing,indexed_50pct_spot,AZANGARO 138,36,45.76,57.79,60.67,0,0,0,0.5,10000,Nivel de precio,0.0,44.14,Estable
general_manufacturing,indexed_50pct_spot,ARICOTA1 66,36,45.58,54.13,58.13,0,0,0,0.5,10000,Nivel de precio,0.0,42.76,Variable
general_manufacturing,indexed_50pct_spot,LOS HEROES 66,36,45.55,53.8,58.12,0,0,0,0.5,10000,Nivel de precio,0.0,42.66,Variable
general_manufacturing,indexed_50pct_spot,CHILINA 138,36,45.37,54.96,58.98,0,0,0,0.5,10000,Nivel de precio,0.0,43.0,Variable
general_manufacturing,indexed_50pct_spot,GUADALUPE 220,36,45.34,54.37,56.93,0,0,0,0.5,10000,Nivel de precio,0.0,42.54,Estable
general_manufacturing,indexed_50pct_spot,PUERTO MALDONADO 138,36,45.28,58.92,63.75,0,0,0,0.5,10000,Nivel de precio,0.0,44.67,Estable
general_manufacturing,indexed_50pct_spot,COMBAPATA 138,36,45.19,57.06,58.37,0,0,0,0.5,10000,Nivel de precio,0.0,43.36,Estable
general_manufacturing,indexed_50pct_spot,REPARTICIÓN 138,36,45.15,56.15,59.65,0,0,0,0.5,10000,Nivel de precio,0.0,43.3,Estable
general_manufacturing,indexed_50pct_spot,PUCALLPA 60,36,45.05,53.98,61.01,0,0,0,0.5,10000,Nivel de precio,0.0,42.92,Estable
general_manufacturing,indexed_50pct_spot,CT PLANTA PUCALLPA 60,36,45.0,53.76,60.89,0,0,0,0.5,10000,Nivel de precio,0.0,42.82,Estable
general_manufacturing,indexed_50pct_spot,LOS HEROES 220,36,44.92,53.24,57.41,0,0,0,0.5,10000,Nivel de precio,0.0,42.14,Variable
general_manufacturing,indexed_50pct_spot,CUTERVO 138,36,44.64,54.74,58.58,0,0,0,0.5,10000,Nivel de precio,0.0,42.56,Estable
general_manufacturing,indexed_50pct_spot,CERRO VERDE 138,36,44.56,54.27,57.6,0,0,0,0.5,10000,Nivel de precio,0.0,42.26,Variable
general_manufacturing,indexed_50pct_spot,PUCALLPA 138,36,44.45,53.11,60.3,0,0,0,0.5,10000,Nivel de precio,0.0,42.32,Estable
general_manufacturing,indexed_50pct_spot,MOQUEGUA 138,36,44.06,52.65,56.68,0,0,0,0.5,10000,Nivel de precio,0.0,41.49,Variable
general_manufacturing,indexed_50pct_spot,AGROLMOS 60,6,43.95,53.67,55.93,0,0,0,0.5,10000,Nivel de precio,0.0,41.58,Variable
general_manufacturing,indexed_50pct_spot,SANTUARIO 138,36,43.72,54.04,57.57,0,0,0,0.5,10000,Nivel de precio,0.0,41.82,Variable
general_manufacturing,indexed_50pct_spot,MOQUEGUA 220,36,43.67,52.22,56.16,0,0,0,0.5,10000,Nivel de precio,0.0,41.13,Variable
general_manufacturing,indexed_50pct_spot,SOCABAYA 138,36,43.49,53.12,56.98,0,0,0,0.5,10000,Nivel de precio,0.0,41.4,Variable
general_manufacturing,indexed_50pct_spot,PLANTA SAN JACINTO 13.8,36,43.47,52.56,55.5,0,0,0,0.5,10000,Nivel de precio,0.0,41.02,Variable
general_manufacturing,indexed_50pct_spot,ILO2 220,36,43.34,51.59,55.89,0,0,0,0.5,10000,Nivel de precio,0.0,40.78,Variable
general_manufacturing,indexed_50pct_spot,CAJAMARCA 220,36,43.2,53.58,54.55,0,0,0,0.5,10000,Nivel de precio,0.0,41.02,Variable
general_manufacturing,indexed_50pct_spot,SOCABAYA 220,36,43.06,52.54,56.32,0,0,0,0.5,10000,Nivel de precio,0.0,40.96,Variable
general_manufacturing,indexed_50pct_spot,TRUJILLO 220,36,43.02,51.67,56.08,0,0,0,0.5,10000,Nivel de precio,0.0,40.69,Variable
general_manufacturing,indexed_50pct_spot,CHARCANI VI 33,36,42.96,52.27,54.29,0,0,0,0.5,10000,Nivel de precio,0.0,40.54,Variable
general_manufacturing,indexed_50pct_spot,MONTALVO 220,36,42.65,51.4,55.67,0,0,0,0.5,10000,Nivel de precio,0.0,40.39,Variable
general_manufacturing,indexed_50pct_spot,CARHUAQUERO 220,36,42.22,53.3,55.18,0,0,0,0.5,10000,Nivel de precio,0.0,40.6,Variable
general_manufacturing,indexed_50pct_spot,S.E. ILO4 500,36,41.8,50.29,54.36,0,0,0,0.5,10000,Nivel de precio,0.0,39.54,Variable
general_manufacturing,indexed_50pct_spot,HUALLIN60,21,41.77,53.73,55.94,0,0,0,0.5,10000,Nivel de precio,0.0,40.62,Sensible
general_manufacturing,indexed_50pct_spot,RUBI 220,33,41.34,50.15,55.45,0,0,0,0.5,10000,Volatilidad,0.0,39.46,Variable
general_manufacturing,indexed_50pct_spot,AUCAYACU 138,36,41.11,53.27,56.37,0,0,0,0.5,10000,Nivel de precio,0.0,40.27,Variable
general_manufacturing,indexed_50pct_spot,SAN JOSE 500,36,41.03,49.68,53.59,0,0,0,0.5,10000,Nivel de precio,0.0,38.92,Variable
general_manufacturing,indexed_50pct_spot,PUERTO BRAVO 500,36,40.89,49.63,53.16,0,0,0,0.5,10000,Nivel de precio,0.0,38.78,Variable
general_manufacturing,indexed_50pct_spot,PUERTO BRAVO 18,36,40.78,49.45,53.0,0,0,0,0.5,10000,Nivel de precio,0.0,38.66,Variable
general_manufacturing,indexed_50pct_spot,DUNA HUAMBOS 34.5,31,40.63,52.48,57.76,0,0,0,0.5,10000,Nivel de precio,0.0,40.07,Variable
general_manufacturing,indexed_50pct_spot,BIOENERGIA 13.8,36,40.56,52.5,59.06,0,0,0,0.5,10000,Nivel de precio,0.0,40.24,Variable
general_manufacturing,indexed_50pct_spot,CHAPARRAL 138,18,40.55,50.72,52.62,0,0,0,0.5,10000,Volatilidad,0.0,38.82,Variable
general_manufacturing,indexed_50pct_spot,CHIMBOTE1 138,36,40.46,50.44,54.38,0,0,0,0.5,10000,Nivel de precio,0.0,38.98,Variable
general_manufacturing,indexed_50pct_spot,CARHUAQUERO 10_S,24,40.39,53.13,54.54,0,0,0,0.5,10000,Nivel de precio,0.0,39.64,Variable
general_manufacturing,indexed_50pct_spot,LA RAMADA 220,36,40.09,51.51,52.82,0,0,0,0.5,10000,Nivel de precio,0.0,38.84,Variable
general_manufacturing,indexed_50pct_spot,CHIMBOTE1 220,36,39.67,50.15,54.55,0,0,0,0.5,10000,Nivel de precio,0.0,38.57,Variable
general_manufacturing,indexed_50pct_spot,CHARCANI I 33,36,39.47,49.97,53.85,0,0,0,0.5,10000,Nivel de precio,0.0,38.33,Variable
general_manufacturing,indexed_50pct_spot,QUENCORO 138,36,39.38,51.97,55.2,0,0,0,0.5,10000,Nivel de precio,0.0,38.99,Variable
general_manufacturing,indexed_50pct_spot,DOLORESPATA 138,36,39.12,51.77,55.07,0,0,0,0.5,10000,Nivel de precio,0.0,38.81,Variable
general_manufacturing,indexed_50pct_spot,QUITARACSA 220,36,38.04,49.96,52.63,0,0,0,0.5,10000,Nivel de precio,0.0,37.5,Variable
general_manufacturing,indexed_50pct_spot,CACHIMAYO 138,36,37.7,49.94,54.46,0,0,0,0.5,10000,Nivel de precio,0.0,37.62,Variable
general_manufacturing,indexed_50pct_spot,MAZUCO138,36,37.67,55.23,61.53,0,0,0,0.5,10000,Volatilidad,0.0,39.99,Variable
general_manufacturing,indexed_50pct_spot,SAN NICOLAS 13.8,36,37.21,46.87,59.8,0,0,0,0.5,10000,Prima de estrés,0.0,37.43,Variable
general_manufacturing,indexed_50pct_spot,ZAÑA 60,36,36.83,51.7,56.17,0,0,0,0.5,10000,Nivel de precio,0.0,37.92,Variable
general_manufacturing,indexed_50pct_spot,AGUAYTIA 138,36,36.63,50.17,55.33,0,0,0,0.5,10000,Nivel de precio,0.0,37.33,Variable
general_manufacturing,indexed_50pct_spot,TINGO MARIA 138,36,36.36,48.9,51.64,0,0,0,0.5,10000,Nivel de precio,0.0,36.33,Variable
general_manufacturing,indexed_50pct_spot,AGUAYTIA 22.9,36,36.25,50.01,54.38,0,0,0,0.5,10000,Nivel de precio,0.0,36.97,Variable
general_manufacturing,indexed_50pct_spot,AGUAYTIA 220,36,35.96,49.8,53.97,0,0,0,0.5,10000,Nivel de precio,0.0,36.73,Variable
general_manufacturing,indexed_50pct_spot,PURMACANA 20,36,35.91,47.37,53.08,0,0,0,0.5,10000,Nivel de precio,0.0,35.97,Variable
general_manufacturing,indexed_50pct_spot,SAN MARTIN 220,9,35.81,41.98,43.22,0,0,0,0.5,10000,Volatilidad,0.0,33.09,Variable
general_manufacturing,indexed_50pct_spot,CHARCANI IV 33,36,35.26,47.81,51.66,0,0,0,0.5,10000,Ventanas críticas,0.0,35.57,Variable
general_manufacturing,indexed_50pct_spot,COTARUSE 220,36,34.9,46.32,52.33,0,0,0,0.5,10000,Ventanas críticas,0.0,35.13,Variable
general_manufacturing,indexed_50pct_spot,HUALLANCA 138,36,34.75,47.73,53.17,0,0,0,0.5,10000,Nivel de precio,0.0,35.55,Variable
general_manufacturing,indexed_50pct_spot,PAQUILLUSI 220,9,34.36,45.08,50.56,0,0,0,0.5,10000,Volatilidad,0.0,34.31,Variable
general_manufacturing,indexed_50pct_spot,HUANUCO 138,36,34.18,46.03,50.38,0,0,0,0.5,10000,Nivel de precio,0.0,34.45,Variable
general_manufacturing,indexed_50pct_spot,SUNNY 220,4,33.47,39.09,39.29,0,0,0,0.5,10000,Volatilidad,0.0,30.72,Variable
general_manufacturing,indexed_50pct_spot,PIEDRA BLANCA 34.5,36,33.35,46.08,50.61,0,0,0,0.5,10000,Nivel de precio,0.0,34.12,Variable
general_manufacturing,indexed_50pct_spot,TUPURI 22.9,36,33.28,51.63,58.91,0,0,0,0.5,10000,Ventanas críticas,0.0,36.72,Variable
general_manufacturing,indexed_50pct_spot,SAN GABAN 138,36,33.14,50.71,57.91,0,0,0,0.5,10000,Ventanas críticas,0.0,36.28,Variable
general_manufacturing,indexed_50pct_spot,PARAMONGA NUEVA 220,36,32.66,44.63,52.35,0,0,0,0.5,10000,Ventanas críticas,0.0,33.71,Variable
general_manufacturing,indexed_50pct_spot,PARAMONGA NUEVA 138,36,32.43,44.35,52.59,0,0,0,0.5,10000,Ventanas críticas,0.0,33.57,Variable
general_manufacturing,indexed_50pct_spot,VIZCARRA 220,36,32.34,46.3,53.69,0,0,0,0.5,10000,Ventanas críticas,0.0,34.18,Variable
general_manufacturing,indexed_50pct_spot,OQUENDO 60,36,32.32,43.57,52.7,0,0,0,0.5,10000,Ventanas críticas,0.0,33.34,Variable
general_manufacturing,indexed_50pct_spot,PARAMONGA EXISTENTE 138,36,32.22,43.91,52.54,0,0,0,0.5,10000,Ventanas críticas,0.0,33.36,Variable
general_manufacturing,indexed_50pct_spot,MEDIO MUNDO 220,36,31.97,43.48,52.74,0,0,0,0.5,10000,Ventanas críticas,0.0,33.17,Variable
general_manufacturing,indexed_50pct_spot,PACHACHACA50,36,31.42,41.55,45.39,0,0,0,0.5,10000,Ventanas críticas,0.0,31.34,Variable
general_manufacturing,indexed_50pct_spot,MARCONA 220,36,30.67,39.72,46.89,0,0,0,0.5,10000,Ventanas críticas,0.0,30.77,Variable
general_manufacturing,indexed_50pct_spot,POROMA 220,36,30.67,39.44,46.56,0,0,0,0.5,10000,Ventanas críticas,0.0,30.65,Variable
general_manufacturing,indexed_50pct_spot,LOMERA 220,36,30.07,37.53,46.44,0,0,0,0.5,10000,Ventanas críticas,0.0,29.88,Variable
general_manufacturing,indexed_50pct_spot,HUACHO 220,36,29.81,38.4,46.92,0,0,0,0.5,10000,Ventanas críticas,0.0,30.05,Variable
general_manufacturing,indexed_50pct_spot,CHAVARRIA 220,36,29.24,37.03,51.07,0,0,0,0.5,10000,Ventanas críticas,0.0,30.08,Variable
general_manufacturing,indexed_50pct_spot,SANTIAGO DE CAO 138,1,29.22,29.22,29.22,0,0,0,0.5,10000,Prima de estrés,0.0,24.83,Sensible
general_manufacturing,indexed_50pct_spot,MARCONA 60,27,29.2,36.51,41.6,0,0,2,0.5,10000,Ventanas críticas,0.0,28.51,Variable
general_manufacturing,indexed_50pct_spot,ZAPALLAL 220,36,29.12,36.73,50.53,0,0,0,0.5,10000,Ventanas críticas,0.0,29.87,Variable
general_manufacturing,indexed_50pct_spot,SANTA TERESA 220,36,28.89,42.99,49.49,0,0,0,0.5,10000,Ventanas críticas,0.0,31.17,Variable
general_manufacturing,indexed_50pct_spot,VENTANILLA 220,36,28.84,35.86,50.6,0,0,0,0.5,10000,Ventanas críticas,0.0,29.53,Variable
general_manufacturing,indexed_50pct_spot,CARABAYLLO 220,36,28.76,36.23,50.3,0,0,0,0.5,10000,Ventanas críticas,0.0,29.55,Variable
general_manufacturing,indexed_50pct_spot,ICA 220,36,28.4,36.68,47.54,0,0,0,0.5,10000,Ventanas críticas,0.0,29.08,Variable
general_manufacturing,indexed_50pct_spot,FLAMENCO 220,26,28.4,36.24,40.13,0,0,0,0.5,10000,Ventanas críticas,0.0,27.86,Variable
general_manufacturing,indexed_50pct_spot,INDEPENDENCIA 60,36,28.22,36.07,49.68,0,0,0,0.5,10000,Ventanas críticas,0.0,29.17,Variable
general_manufacturing,indexed_50pct_spot,CT PISCO 60,36,28.22,36.07,49.68,0,0,0,0.5,10000,Ventanas críticas,0.0,29.17,Variable
general_manufacturing,indexed_50pct_spot,INDUSTRIALES 220,36,28.03,38.19,44.87,0,0,0,0.5,10000,Ventanas críticas,0.0,28.89,Variable
general_manufacturing,indexed_50pct_spot,CAJAMARQUILLA 220,36,27.95,35.19,49.4,0,0,0,0.5,10000,Ventanas críticas,0.0,28.79,Variable
general_manufacturing,indexed_50pct_spot,NAZCA NUEVA 220,23,27.81,35.19,40.33,0,0,0,0.5,10000,Ventanas críticas,0.0,27.36,Variable
general_manufacturing,indexed_50pct_spot,ERSUR 220,26,27.77,35.43,38.0,0,0,0,0.5,10000,Ventanas críticas,0.0,27.05,Variable
general_manufacturing,indexed_50pct_spot,CT INDEPENDENCIA 60,36,27.73,35.63,49.19,0,0,0,0.5,10000,Ventanas críticas,0.0,28.77,Variable
general_manufacturing,indexed_50pct_spot,SANTA ROSA 220,36,27.42,37.41,51.05,0,0,0,0.5,10000,Ventanas críticas,0.0,29.35,Variable
general_manufacturing,indexed_50pct_spot,PLANICIE 220,36,27.41,35.28,40.04,0,0,0,0.5,10000,Ventanas críticas,0.0,27.16,Variable
general_manufacturing,indexed_50pct_spot,CHINCHA NUEVA 220,23,27.34,35.41,47.36,0,0,0,0.5,10000,Ventanas críticas,0.0,28.26,Variable
general_manufacturing,indexed_50pct_spot,CARAPONGO 220,36,27.09,34.44,48.3,0,0,0,0.5,10000,Ventanas críticas,0.0,28.05,Variable
general_manufacturing,indexed_50pct_spot,INDEPENDENCIA 220,36,27.08,34.04,48.76,0,0,0,0.5,10000,Ventanas críticas,0.0,28.01,Variable
general_manufacturing,indexed_50pct_spot,HUANCHOR 50,36,26.93,45.39,55.0,0,0,0,0.5,10000,Ventanas críticas,0.0,31.72,Variable
general_manufacturing,indexed_50pct_spot,CHEVES 220,36,26.67,35.02,45.22,0,0,0,0.5,10000,Ventanas críticas,0.0,27.54,Variable
general_manufacturing,indexed_50pct_spot,MARAÑON 60,36,26.45,37.91,50.2,0,0,0,0.5,10000,Ventanas críticas,0.0,28.91,Variable
general_manufacturing,indexed_50pct_spot,MACHUPICCHU 138,36,26.31,41.11,46.05,0,0,0,0.5,10000,Ventanas críticas,0.0,29.03,Variable
general_manufacturing,indexed_50pct_spot,PARAGSHA2 138,36,26.12,34.29,45.33,0,0,0,0.5,10000,Ventanas críticas,0.0,27.12,Variable
general_manufacturing,indexed_50pct_spot,CHEVES 13.8,36,25.75,34.27,44.88,0,0,0,0.5,10000,Ventanas críticas,0.0,26.89,Variable
general_manufacturing,indexed_50pct_spot,CAHUA138,36,25.38,34.48,52.43,0,0,0,0.5,10000,Ventanas críticas,0.0,27.9,Variable
general_manufacturing,indexed_50pct_spot,DESIERTO 220,35,25.37,31.33,45.6,0,0,0,0.5,10000,Ventanas críticas,0.0,26.09,Variable
general_manufacturing,indexed_50pct_spot,CANTERA 220,36,25.12,30.7,47.63,0,0,0,0.5,10000,Ventanas críticas,0.0,26.12,Variable
general_manufacturing,indexed_50pct_spot,HUINCO 220,36,24.8,32.53,45.24,0,0,0,0.5,10000,Ventanas críticas,0.0,26.08,Variable
general_manufacturing,indexed_50pct_spot,CALLAHUANCA EDEGEL 220,36,24.71,30.53,36.47,0,0,0,0.5,10000,Ventanas críticas,0.0,24.22,Variable
general_manufacturing,indexed_50pct_spot,PUNTA LOMITAS II,36,24.54,28.98,36.17,0,0,0,0.5,10000,Ventanas críticas,0.0,23.72,Variable
general_manufacturing,indexed_50pct_spot,PUNTA LOMITAS I,36,24.52,29.12,34.19,0,0,0,0.5,10000,Ventanas críticas,0.0,23.44,Variable
general_manufacturing,indexed_50pct_spot,SAN JUAN 220,36,24.28,30.52,40.75,0,0,0,0.5,10000,Ventanas críticas,0.0,24.67,Variable
general_manufacturing,indexed_50pct_spot,HUAMPANI 60,36,24.12,31.47,46.81,0,0,0,0.5,10000,Ventanas críticas,0.0,25.74,Variable
general_manufacturing,indexed_50pct_spot,HUANZA 220,36,24.1,31.31,43.32,0,0,0,0.5,10000,Ventanas críticas,0.0,25.17,Variable
general_manufacturing,indexed_50pct_spot,PARAGSHA2 220,36,24.09,33.2,43.57,0,0,0,0.5,10000,Ventanas críticas,0.0,25.68,Variable
general_manufacturing,indexed_50pct_spot,CHILCA500,36,23.97,30.63,35.36,0,0,0,0.5,10000,Ventanas críticas,0.0,23.75,Variable
general_manufacturing,indexed_50pct_spot,OLLEROS 500,36,23.65,30.51,35.73,0,0,0,0.5,10000,Ventanas críticas,0.0,23.63,Variable
general_manufacturing,indexed_50pct_spot,POMACOCHA 220,36,23.41,29.41,33.11,0,0,0,0.5,10000,Ventanas críticas,0.0,22.85,Variable
general_manufacturing,indexed_50pct_spot,SANTA ANA 138,6,23.35,28.62,31.02,0,0,0,0.5,10000,Ventanas críticas,0.0,22.32,Variable
general_manufacturing,indexed_50pct_spot,FENIX 500,36,23.32,29.7,35.16,0,0,0,0.5,10000,Ventanas críticas,0.0,23.19,Variable
general_manufacturing,indexed_50pct_spot,CHIRIBAMBA 220,22,23.2,27.84,34.65,0,0,0,0.5,10000,Ventanas críticas,0.0,22.6,Variable
general_manufacturing,indexed_50pct_spot,OROYA NUEVA 220,36,23.08,29.09,33.85,0,0,0,0.5,10000,Ventanas críticas,0.0,22.74,Variable
general_manufacturing,indexed_50pct_spot,ALTO PRADERAS 220,36,22.98,29.23,47.02,0,0,0,0.5,10000,Ventanas críticas,0.0,24.7,Variable
general_manufacturing,indexed_50pct_spot,PACHACHACA 220,36,22.93,28.68,33.69,0,0,0,0.5,10000,Ventanas críticas,0.0,22.54,Variable
general_manufacturing,indexed_50pct_spot,ASIA 220,36,22.72,28.48,47.04,0,0,0,0.5,10000,Ventanas críticas,0.0,24.4,Variable
general_manufacturing,indexed_50pct_spot,MATUCANA 220,36,22.59,27.88,34.84,0,0,0,0.5,10000,Ventanas críticas,0.0,22.36,Variable
general_manufacturing,indexed_50pct_spot,YANANGO 220,36,22.56,28.37,35.88,0,0,0,0.5,10000,Ventanas críticas,0.0,22.63,Variable
general_manufacturing,indexed_50pct_spot,CARHUAMAYO 138,36,22.49,30.91,34.99,0,0,0,0.5,10000,Ventanas críticas,0.0,23.1,Variable
general_manufacturing,indexed_50pct_spot,MOYOPAMPA 60,36,22.39,29.09,36.26,0,0,0,0.5,10000,Ventanas críticas,0.0,22.79,Variable
general_manufacturing,indexed_50pct_spot,CS COENERGY 22.9,1,21.51,21.51,21.51,0,0,0,0.5,10000,Volatilidad,0.0,18.29,Variable
general_manufacturing,indexed_50pct_spot,SANTA ISABEL 220,36,21.48,30.06,34.0,0,0,0,0.5,10000,Ventanas críticas,0.0,22.28,Variable
general_manufacturing,indexed_50pct_spot,OROYA NUEVA 50,36,21.28,28.58,32.26,0,0,0,0.5,10000,Ventanas críticas,0.0,21.56,Variable
general_manufacturing,indexed_50pct_spot,CONDORCOCHA 44,36,20.72,28.19,33.24,0,0,0,0.5,10000,Ventanas críticas,0.0,21.36,Variable
general_manufacturing,indexed_50pct_spot,CHAGLLA 220,36,20.69,30.86,33.08,0,0,0,0.5,10000,Ventanas críticas,0.0,21.99,Variable
general_manufacturing,indexed_50pct_spot,CHILCA UNO 220,36,20.53,26.47,34.13,0,0,0,0.5,10000,Ventanas críticas,0.0,20.98,Variable
general_manufacturing,indexed_50pct_spot,CONDORCOCHA 138,36,20.37,27.74,33.13,0,0,0,0.5,10000,Ventanas críticas,0.0,21.07,Variable
general_manufacturing,indexed_50pct_spot,CHIMAY 220,36,20.32,25.36,32.58,0,0,0,0.5,10000,Ventanas críticas,0.0,20.37,Variable
general_manufacturing,indexed_50pct_spot,CARIPA 138,36,20.07,27.32,32.44,0,0,0,0.5,10000,Ventanas críticas,0.0,20.73,Variable
general_manufacturing,indexed_50pct_spot,HUAYUCACHI 220,36,19.94,24.2,28.39,0,0,0,0.5,10000,Ventanas críticas,0.0,19.28,Variable
general_manufacturing,indexed_50pct_spot,LAS FLORES 220,36,19.83,25.35,33.87,0,0,0,0.5,10000,Ventanas críticas,0.0,20.34,Variable
general_manufacturing,indexed_50pct_spot,CH OROYA 50,36,19.73,25.51,31.23,0,0,0,0.5,10000,Ventanas críticas,0.0,19.94,Variable
general_manufacturing,indexed_50pct_spot,HUANCAVELICA 220,36,19.69,24.29,29.75,0,0,0,0.5,10000,Ventanas críticas,0.0,19.39,Variable
general_manufacturing,indexed_50pct_spot,CHILCA DOS 13.8,36,19.62,25.4,33.12,0,0,0,0.5,10000,Ventanas críticas,0.0,20.15,Variable
general_manufacturing,indexed_50pct_spot,CALLAHUANCA 60,36,19.32,24.84,33.89,0,0,0,0.5,10000,Ventanas críticas,0.0,19.99,Variable
general_manufacturing,indexed_50pct_spot,YAUPI 138,36,19.23,26.82,33.59,0,0,0,0.5,10000,Ventanas críticas,0.0,20.4,Variable
general_manufacturing,indexed_50pct_spot,CERRO DEL AGUILA 220,36,18.99,24.32,29.79,0,0,0,0.5,10000,Ventanas críticas,0.0,19.1,Variable
general_manufacturing,indexed_50pct_spot,CHILCA REP 220,36,18.94,24.53,33.05,0,0,0,0.5,10000,Ventanas críticas,0.0,19.62,Variable
general_manufacturing,indexed_50pct_spot,LA VIRGEN 138,36,18.47,25.72,31.18,0,0,0,0.5,10000,Ventanas críticas,0.0,19.42,Variable
general_manufacturing,indexed_50pct_spot,YAUPI13.8,36,18.43,25.6,32.92,0,0,0,0.5,10000,Ventanas críticas,0.0,19.63,Variable
general_manufacturing,indexed_50pct_spot,YARUCAYA 13.8,36,17.69,22.87,34.62,0,0,0,0.5,10000,Ventanas críticas,0.0,18.87,Variable
general_manufacturing,indexed_50pct_spot,CAMPO ARMIÑO 220,36,17.0,20.99,23.19,0,0,0,0.5,10000,Ventanas críticas,0.0,16.38,Variable
general_manufacturing,indexed_50pct_spot,MALPASO 50,36,16.97,22.09,27.34,0,0,0,0.5,10000,Ventanas críticas,0.0,17.26,Variable
general_manufacturing,indexed_50pct_spot,RESTITUCIÓN 220,36,16.52,20.47,22.52,0,0,0,0.5,10000,Ventanas críticas,0.0,15.93,Variable
general_manufacturing,indexed_50pct_spot,PLATANAL 220,36,15.29,19.57,21.63,0,0,0,0.5,10000,Ventanas críticas,0.0,15.02,Variable
general_manufacturing,indexed_50pct_spot,CORACORA 60,4,14.94,23.33,27.73,0,0,4,0.5,10000,Prima de estrés,0.0,16.71,Variable
general_manufacturing,indexed_50pct_spot,NAZCA 22.9,4,14.52,22.87,27.35,0,0,4,0.5,10000,Prima de estrés,0.0,16.36,Variable
general_manufacturing,indexed_50pct_spot,LLIPATA 60,4,13.98,22.42,27.22,0,0,4,0.5,10000,Prima de estrés,0.0,15.98,Variable
general_manufacturing,indexed_50pct_spot,ALTO LA LUNA 10,14,11.96,17.87,20.56,0,0,11,0.5,10000,Prima de estrés,0.0,12.93,Variable
general_manufacturing,indexed_50pct_spot,ALTO LA LUNA 60,14,11.66,17.34,20.06,0,0,11,0.5,10000,Prima de estrés,0.0,12.59,Variable
general_manufacturing,indexed_50pct_spot,PISCO 10,14,11.44,16.97,19.52,0,0,11,0.5,10000,Prima de estrés,0.0,12.32,Variable
general_manufacturing,indexed_50pct_spot,VILLACURI 22.9,14,11.36,17.17,20.32,0,0,11,0.5,10000,Prima de estrés,0.0,12.45,Variable
general_manufacturing,indexed_50pct_spot,PARACAS 22,14,11.28,16.8,23.33,0,0,11,0.5,10000,Prima de estrés,0.0,12.78,Variable
general_manufacturing,indexed_50pct_spot,PARACAS 10,14,11.21,16.35,23.5,0,0,11,0.5,10000,Prima de estrés,0.0,12.66,Variable
general_manufacturing,indexed_50pct_spot,TAMBO DE MORA 10,5,10.7,15.62,20.2,0,0,4,0.5,10000,Prima de estrés,0.0,11.75,Variable
general_manufacturing,indexed_50pct_spot,VILLACURI 60,14,10.58,15.71,19.22,0,0,11,0.5,10000,Prima de estrés,0.0,11.57,Variable
general_manufacturing,indexed_50pct_spot,PEDREGAL 10,5,10.21,15.29,19.65,0,0,4,0.5,10000,Prima de estrés,0.0,11.36,Variable
general_manufacturing,indexed_50pct_spot,PUEBLO NUEVO 10,5,9.75,13.72,16.06,0,0,4,0.5,10000,Prima de estrés,0.0,10.23,Variable
general_manufacturing,indexed_50pct_spot,INDEPENDENCIA 10,14,9.65,14.01,20.71,0,0,11,0.5,10000,Prima de estrés,0.0,10.95,Variable
general_manufacturing,indexed_50pct_spot,CHALA 60,1,8.41,8.41,8.41,0,0,1,0.5,10000,Prima de estrés,0.0,7.15,Variable
general_manufacturing,indexed_50pct_spot,BELLA UNION 60,1,7.97,7.97,7.97,0,0,1,0.5,10000,Prima de estrés,0.0,6.77,Variable
general_manufacturing,indexed_50pct_spot,JAHUAY 60,1,7.45,7.45,7.45,0,0,1,0.5,10000,Prima de estrés,0.0,6.33,Variable
general_manufacturing,indexed_50pct_spot,FUNSUR 60,1,7.34,7.34,7.34,0,0,1,0.5,10000,Prima de estrés,0.0,6.24,Variable
general_manufacturing,indexed_50pct_spot,MINA 60,1,6.77,6.77,6.77,0,0,1,0.5,10000,Prima de estrés,0.0,5.76,Variable
general_manufacturing,indexed_50pct_spot,HUARANGO 60,1,6.26,6.26,6.26,0,0,1,0.5,10000,Prima de estrés,0.0,5.32,Variable
general_manufacturing,indexed_50pct_spot,LOMAS 60,1,6.26,6.26,6.26,0,0,1,0.5,10000,Prima de estrés,0.0,5.32,Variable
mining_continuous_load,balanced_30pct_spot_ppa,PLANTAETANOL 60,36,61.1,70.97,73.35,0,12,0,0.3,50000,Nivel de precio,0.333,61.24,Estable
mining_continuous_load,balanced_30pct_spot_ppa,HUAYLLACHO 15,36,60.96,71.57,74.41,0,12,0,0.3,50000,Nivel de precio,0.333,61.49,Estable
mining_continuous_load,balanced_30pct_spot_ppa,SAN IGNACIO 15,36,60.74,71.1,73.98,0,12,0,0.3,50000,Nivel de precio,0.333,61.2,Estable
mining_continuous_load,balanced_30pct_spot_ppa,SAN ANTONIO 15,36,60.71,71.1,73.98,0,12,0,0.3,50000,Nivel de precio,0.333,61.19,Estable
mining_continuous_load,balanced_30pct_spot_ppa,ZORRITOS 220,36,60.52,70.74,73.53,0,11,0,0.3,50000,Nivel de precio,0.306,60.53,Estable
mining_continuous_load,balanced_30pct_spot_ppa,NCTUMBES60,36,60.33,70.95,73.05,0,11,0,0.3,50000,Nivel de precio,0.306,60.43,Estable
mining_continuous_load,balanced_30pct_spot_ppa,MISAPUQUIO 33,36,59.56,70.05,73.39,0,11,0,0.3,50000,Nivel de precio,0.306,59.91,Estable
mining_continuous_load,balanced_30pct_spot_ppa,GE1 33,36,59.39,69.11,73.38,0,10,0,0.3,50000,Nivel de precio,0.278,59.18,Estable
mining_continuous_load,balanced_30pct_spot_ppa,TINTAYA EXISTENTE 138,36,59.19,69.72,72.86,0,10,0,0.3,50000,Nivel de precio,0.278,59.16,Estable
mining_continuous_load,balanced_30pct_spot_ppa,PIURA OESTE 220,36,58.88,68.14,72.72,0,9,0,0.3,50000,Nivel de precio,0.25,58.19,Estable
mining_continuous_load,balanced_30pct_spot_ppa,TALARA 220,36,58.88,67.78,72.99,0,9,0,0.3,50000,Nivel de precio,0.25,58.14,Estable
mining_continuous_load,balanced_30pct_spot_ppa,TINTAYA NUEVA 220,36,58.81,69.15,72.39,0,10,0,0.3,50000,Nivel de precio,0.278,58.78,Estable
mining_continuous_load,balanced_30pct_spot_ppa,TALARA13.2,36,58.57,68.01,73.25,0,9,0,0.3,50000,Nivel de precio,0.25,58.1,Estable
mining_continuous_load,balanced_30pct_spot_ppa,GALLITO CIEGO 60,36,58.24,67.14,70.13,0,11,0,0.3,50000,Nivel de precio,0.306,58.1,Estable
mining_continuous_load,balanced_30pct_spot_ppa,BELAUNDE 138,36,58.18,67.18,70.83,0,10,0,0.3,50000,Nivel de precio,0.278,57.77,Estable
mining_continuous_load,balanced_30pct_spot_ppa,VALLE DEL CHIRA 220,14,56.88,66.92,71.35,0,2,0,0.3,50000,Nivel de precio,0.143,55.17,Estable
mining_continuous_load,balanced_30pct_spot_ppa,PARIAC 66,36,55.65,65.69,69.98,0,5,0,0.3,50000,Nivel de precio,0.139,54.05,Estable
mining_continuous_load,balanced_30pct_spot_ppa,JULIACA10,36,54.15,64.79,67.67,0,3,0,0.3,50000,Nivel de precio,0.083,51.96,Estable
mining_continuous_load,balanced_30pct_spot_ppa,JAEN 138,24,53.43,63.79,68.16,0,1,0,0.3,50000,Nivel de precio,0.042,50.84,Estable
mining_continuous_load,balanced_30pct_spot_ppa,TOCACHE 138,36,50.64,59.48,65.39,0,1,0,0.3,50000,Nivel de precio,0.028,47.88,Estable
mining_continuous_load,balanced_30pct_spot_ppa,PLANTA CASA GRANDE 13.8,1,49.61,49.61,49.61,0,0,0,0.3,50000,Nivel de precio,0.0,42.17,Sensible
mining_continuous_load,balanced_30pct_spot_ppa,JULIACA 138,36,49.53,60.08,63.1,0,0,0,0.3,50000,Nivel de precio,0.0,46.78,Estable
mining_continuous_load,balanced_30pct_spot_ppa,CALLALLI 138,36,49.14,59.88,63.46,0,0,0,0.3,50000,Nivel de precio,0.0,46.6,Estable
mining_continuous_load,balanced_30pct_spot_ppa,GUADALUPE 60,36,49.01,57.69,59.73,0,0,0,0.3,50000,Nivel de precio,0.0,45.43,Estable
mining_continuous_load,balanced_30pct_spot_ppa,LA BREA 220,21,48.62,59.01,65.18,0,1,0,0.3,50000,Nivel de precio,0.048,47.12,Estable
mining_continuous_load,balanced_30pct_spot_ppa,ILO1 138,36,47.57,56.32,60.49,0,0,0,0.3,50000,Nivel de precio,0.0,44.56,Estable
mining_continuous_load,balanced_30pct_spot_ppa,TOQUEPALA 138,36,47.29,55.9,60.42,0,0,0,0.3,50000,Nivel de precio,0.0,44.32,Estable
mining_continuous_load,balanced_30pct_spot_ppa,AYAVIRI 138,36,47.21,58.49,61.57,0,0,0,0.3,50000,Nivel de precio,0.0,45.1,Estable
mining_continuous_load,balanced_30pct_spot_ppa,PUNO 138,36,47.13,57.57,60.96,0,0,0,0.3,50000,Nivel de precio,0.0,44.74,Estable
mining_continuous_load,balanced_30pct_spot_ppa,ILO ELP 138,36,46.96,55.75,59.96,0,0,0,0.3,50000,Nivel de precio,0.0,44.07,Estable
mining_continuous_load,balanced_30pct_spot_ppa,CHICLAYO 220,36,46.78,55.76,57.59,0,0,0,0.3,50000,Nivel de precio,0.0,43.63,Estable
mining_continuous_load,balanced_30pct_spot_ppa,PUNO 220,36,46.67,57.2,60.52,0,0,0,0.3,50000,Nivel de precio,0.0,44.38,Estable
mining_continuous_load,balanced_30pct_spot_ppa,ARICOTA2 138,36,46.53,55.15,59.66,0,0,0,0.3,50000,Nivel de precio,0.0,43.68,Estable
mining_continuous_load,balanced_30pct_spot_ppa,PUERTO MALDONADO 10,36,46.36,59.82,63.94,0,0,0,0.3,50000,Nivel de precio,0.0,45.41,Estable
mining_continuous_load,balanced_30pct_spot_ppa,CT ETEN 220,36,46.35,55.53,57.25,0,0,0,0.3,50000,Nivel de precio,0.0,43.33,Estable
mining_continuous_load,balanced_30pct_spot_ppa,RECKA 220,36,46.33,55.59,57.02,0,0,0,0.3,50000,Nivel de precio,0.0,43.3,Estable
mining_continuous_load,balanced_30pct_spot_ppa,BOTIFLACA 138,36,46.28,54.96,59.51,0,0,0,0.3,50000,Nivel de precio,0.0,43.49,Estable
mining_continuous_load,balanced_30pct_spot_ppa,ETEN 18,36,46.28,55.32,57.13,0,0,0,0.3,50000,Nivel de precio,0.0,43.23,Estable
mining_continuous_load,balanced_30pct_spot_ppa,RECKA 18,36,46.27,55.53,56.89,0,0,0,0.3,50000,Nivel de precio,0.0,43.24,Estable
mining_continuous_load,balanced_30pct_spot_ppa,ARICOTA 66,36,46.07,54.66,59.21,0,0,0,0.3,50000,Nivel de precio,0.0,43.28,Estable
mining_continuous_load,balanced_30pct_spot_ppa,CHILINA 33,36,46.02,56.48,59.17,0,0,0,0.3,50000,Nivel de precio,0.0,43.71,Estable
mining_continuous_load,balanced_30pct_spot_ppa,LA NIÑA 220,36,46.0,54.71,57.57,0,0,0,0.3,50000,Nivel de precio,0.0,43.01,Estable
mining_continuous_load,balanced_30pct_spot_ppa,MOLLENDO 138,36,45.99,57.21,60.81,0,0,0,0.3,50000,Nivel de precio,0.0,44.12,Estable
mining_continuous_load,balanced_30pct_spot_ppa,CACLIC 220,36,45.86,55.63,57.59,0,0,0,0.3,50000,Nivel de precio,0.0,43.18,Estable
mining_continuous_load,balanced_30pct_spot_ppa,AZANGARO 138,36,45.79,57.58,60.75,0,0,0,0.3,50000,Nivel de precio,0.0,44.11,Estable
mining_continuous_load,balanced_30pct_spot_ppa,PUERTO MALDONADO 138,36,45.7,59.3,64.3,0,0,0,0.3,50000,Nivel de precio,0.0,45.04,Estable
mining_continuous_load,balanced_30pct_spot_ppa,ARICOTA1 66,36,45.43,53.75,58.06,0,0,0,0.3,50000,Nivel de precio,0.0,42.59,Variable
mining_continuous_load,balanced_30pct_spot_ppa,LOS HEROES 66,36,45.38,53.72,58.06,0,0,0,0.3,50000,Nivel de precio,0.0,42.56,Variable
mining_continuous_load,balanced_30pct_spot_ppa,PUCALLPA 60,36,45.29,54.11,61.05,0,0,0,0.3,50000,Nivel de precio,0.0,43.06,Estable
mining_continuous_load,balanced_30pct_spot_ppa,CHILINA 138,36,45.26,54.8,59.07,0,0,0,0.3,50000,Nivel de precio,0.0,42.93,Variable
mining_continuous_load,balanced_30pct_spot_ppa,CT PLANTA PUCALLPA 60,36,45.24,53.97,60.93,0,0,0,0.3,50000,Nivel de precio,0.0,42.99,Estable
mining_continuous_load,balanced_30pct_spot_ppa,GUADALUPE 220,36,45.22,54.26,56.29,0,0,0,0.3,50000,Nivel de precio,0.0,42.36,Estable
mining_continuous_load,balanced_30pct_spot_ppa,COMBAPATA 138,36,45.11,56.48,58.33,0,0,0,0.3,50000,Nivel de precio,0.0,43.17,Estable
mining_continuous_load,balanced_30pct_spot_ppa,REPARTICIÓN 138,36,45.05,56.07,59.67,0,0,0,0.3,50000,Nivel de precio,0.0,43.24,Estable
mining_continuous_load,balanced_30pct_spot_ppa,LOS HEROES 220,36,44.77,53.05,57.21,0,0,0,0.3,50000,Nivel de precio,0.0,41.99,Variable
mining_continuous_load,balanced_30pct_spot_ppa,CUTERVO 138,36,44.7,54.65,58.0,0,0,0,0.3,50000,Nivel de precio,0.0,42.48,Estable
mining_continuous_load,balanced_30pct_spot_ppa,PUCALLPA 138,36,44.68,53.68,60.22,0,0,0,0.3,50000,Nivel de precio,0.0,42.56,Estable
mining_continuous_load,balanced_30pct_spot_ppa,CERRO VERDE 138,36,44.43,54.0,57.5,0,0,0,0.3,50000,Nivel de precio,0.0,42.12,Variable
mining_continuous_load,balanced_30pct_spot_ppa,AGROLMOS 60,6,44.23,53.61,55.9,0,0,0,0.3,50000,Nivel de precio,0.0,41.69,Variable
mining_continuous_load,balanced_30pct_spot_ppa,MOQUEGUA 138,36,43.93,52.45,56.33,0,0,0,0.3,50000,Nivel de precio,0.0,41.33,Variable
mining_continuous_load,balanced_30pct_spot_ppa,SANTUARIO 138,36,43.67,53.76,57.62,0,0,0,0.3,50000,Nivel de precio,0.0,41.73,Variable
mining_continuous_load,balanced_30pct_spot_ppa,MOQUEGUA 220,36,43.55,51.95,55.8,0,0,0,0.3,50000,Nivel de precio,0.0,40.96,Variable
mining_continuous_load,balanced_30pct_spot_ppa,PLANTA SAN JACINTO 13.8,36,43.53,52.01,55.16,0,0,0,0.3,50000,Nivel de precio,0.0,40.86,Variable
mining_continuous_load,balanced_30pct_spot_ppa,SOCABAYA 138,36,43.38,52.84,56.78,0,0,0,0.3,50000,Nivel de precio,0.0,41.25,Variable
mining_continuous_load,balanced_30pct_spot_ppa,CAJAMARCA 220,36,43.29,53.54,54.28,0,0,0,0.3,50000,Nivel de precio,0.0,41.01,Variable
mining_continuous_load,balanced_30pct_spot_ppa,ILO2 220,36,43.24,51.22,55.47,0,0,0,0.3,50000,Nivel de precio,0.0,40.58,Variable
mining_continuous_load,balanced_30pct_spot_ppa,TRUJILLO 220,36,43.01,51.4,55.57,0,0,0,0.3,50000,Nivel de precio,0.0,40.54,Variable
mining_continuous_load,balanced_30pct_spot_ppa,SOCABAYA 220,36,42.96,52.28,55.98,0,0,0,0.3,50000,Nivel de precio,0.0,40.8,Variable
mining_continuous_load,balanced_30pct_spot_ppa,CHARCANI VI 33,36,42.93,51.98,54.08,0,0,0,0.3,50000,Nivel de precio,0.0,40.43,Variable
mining_continuous_load,balanced_30pct_spot_ppa,MONTALVO 220,36,42.55,51.07,55.21,0,0,0,0.3,50000,Nivel de precio,0.0,40.2,Variable
mining_continuous_load,balanced_30pct_spot_ppa,CARHUAQUERO 220,36,42.38,53.44,54.42,0,0,0,0.3,50000,Nivel de precio,0.0,40.59,Variable
mining_continuous_load,balanced_30pct_spot_ppa,HUALLIN60,21,42.17,53.7,56.58,0,0,0,0.3,50000,Nivel de precio,0.0,40.89,Sensible
mining_continuous_load,balanced_30pct_spot_ppa,S.E. ILO4 500,36,41.76,50.16,54.03,0,0,0,0.3,50000,Nivel de precio,0.0,39.44,Variable
mining_continuous_load,balanced_30pct_spot_ppa,AUCAYACU 138,36,41.42,53.24,56.57,0,0,0,0.3,50000,Nivel de precio,0.0,40.44,Variable
mining_continuous_load,balanced_30pct_spot_ppa,RUBI 220,33,41.31,49.59,54.94,0,0,0,0.3,50000,Volatilidad,0.0,39.23,Variable
mining_continuous_load,balanced_30pct_spot_ppa,BIOENERGIA 13.8,36,41.12,52.55,62.34,0,0,0,0.3,50000,Nivel de precio,0.0,40.99,Variable
mining_continuous_load,balanced_30pct_spot_ppa,SAN JOSE 500,36,41.04,49.62,53.37,0,0,0,0.3,50000,Nivel de precio,0.0,38.88,Variable
mining_continuous_load,balanced_30pct_spot_ppa,PUERTO BRAVO 500,36,40.9,49.64,52.96,0,0,0,0.3,50000,Nivel de precio,0.0,38.76,Variable
mining_continuous_load,balanced_30pct_spot_ppa,CHAPARRAL 138,18,40.9,49.87,52.49,0,0,0,0.3,50000,Volatilidad,0.0,38.75,Variable
mining_continuous_load,balanced_30pct_spot_ppa,DUNA HUAMBOS 34.5,31,40.86,52.15,57.26,0,0,0,0.3,50000,Nivel de precio,0.0,40.01,Variable
mining_continuous_load,balanced_30pct_spot_ppa,CHIMBOTE1 138,36,40.79,50.32,54.16,0,0,0,0.3,50000,Nivel de precio,0.0,39.06,Variable
mining_continuous_load,balanced_30pct_spot_ppa,PUERTO BRAVO 18,36,40.79,49.5,52.84,0,0,0,0.3,50000,Nivel de precio,0.0,38.66,Variable
mining_continuous_load,balanced_30pct_spot_ppa,CARHUAQUERO 10_S,24,40.42,52.91,54.29,0,0,0,0.3,50000,Nivel de precio,0.0,39.56,Variable
mining_continuous_load,balanced_30pct_spot_ppa,LA RAMADA 220,36,40.36,51.32,52.83,0,0,0,0.3,50000,Nivel de precio,0.0,38.92,Variable
mining_continuous_load,balanced_30pct_spot_ppa,CHIMBOTE1 220,36,40.05,49.9,54.38,0,0,0,0.3,50000,Nivel de precio,0.0,38.65,Variable
mining_continuous_load,balanced_30pct_spot_ppa,CHARCANI I 33,36,39.78,49.82,53.33,0,0,0,0.3,50000,Nivel de precio,0.0,38.36,Variable
mining_continuous_load,balanced_30pct_spot_ppa,QUENCORO 138,36,39.73,51.64,54.97,0,0,0,0.3,50000,Nivel de precio,0.0,39.03,Variable
mining_continuous_load,balanced_30pct_spot_ppa,DOLORESPATA 138,36,39.48,51.48,54.8,0,0,0,0.3,50000,Nivel de precio,0.0,38.86,Variable
mining_continuous_load,balanced_30pct_spot_ppa,QUITARACSA 220,36,38.42,50.27,52.5,0,0,0,0.3,50000,Nivel de precio,0.0,37.73,Variable
mining_continuous_load,balanced_30pct_spot_ppa,MAZUCO138,36,38.34,55.06,61.61,0,0,0,0.3,50000,Volatilidad,0.0,40.26,Variable
mining_continuous_load,balanced_30pct_spot_ppa,CACHIMAYO 138,36,38.13,50.06,54.3,0,0,0,0.3,50000,Nivel de precio,0.0,37.82,Variable
mining_continuous_load,balanced_30pct_spot_ppa,SAN NICOLAS 13.8,36,37.81,46.57,59.71,0,0,0,0.3,50000,Prima de estrés,0.0,37.61,Variable
mining_continuous_load,balanced_30pct_spot_ppa,ZAÑA 60,36,37.49,50.91,56.71,0,0,0,0.3,50000,Nivel de precio,0.0,38.11,Variable
mining_continuous_load,balanced_30pct_spot_ppa,AGUAYTIA 138,36,37.28,50.79,55.27,0,0,0,0.3,50000,Nivel de precio,0.0,37.77,Variable
mining_continuous_load,balanced_30pct_spot_ppa,TINGO MARIA 138,36,37.11,49.33,52.21,0,0,0,0.3,50000,Nivel de precio,0.0,36.86,Variable
mining_continuous_load,balanced_30pct_spot_ppa,AGUAYTIA 22.9,36,36.91,50.44,54.42,0,0,0,0.3,50000,Nivel de precio,0.0,37.39,Variable
mining_continuous_load,balanced_30pct_spot_ppa,AGUAYTIA 220,36,36.63,50.19,54.09,0,0,0,0.3,50000,Nivel de precio,0.0,37.15,Variable
mining_continuous_load,balanced_30pct_spot_ppa,PURMACANA 20,36,36.59,48.25,53.02,0,0,0,0.3,50000,Nivel de precio,0.0,36.48,Variable
mining_continuous_load,balanced_30pct_spot_ppa,SAN MARTIN 220,9,36.53,42.11,43.22,0,0,0,0.3,50000,Volatilidad,0.0,33.45,Variable
mining_continuous_load,balanced_30pct_spot_ppa,CHARCANI IV 33,36,35.9,48.0,51.87,0,0,0,0.3,50000,Ventanas críticas,0.0,35.94,Variable
mining_continuous_load,balanced_30pct_spot_ppa,COTARUSE 220,36,35.54,46.47,52.76,0,0,0,0.3,50000,Ventanas críticas,0.0,35.52,Variable
mining_continuous_load,balanced_30pct_spot_ppa,PAQUILLUSI 220,9,35.54,44.88,50.81,0,0,0,0.3,50000,Volatilidad,0.0,34.83,Variable
mining_continuous_load,balanced_30pct_spot_ppa,HUALLANCA 138,36,35.45,47.61,52.77,0,0,0,0.3,50000,Nivel de precio,0.0,35.77,Variable
mining_continuous_load,balanced_30pct_spot_ppa,HUANUCO 138,36,35.04,46.33,50.93,0,0,0,0.3,50000,Nivel de precio,0.0,34.99,Variable
mining_continuous_load,balanced_30pct_spot_ppa,SUNNY 220,4,34.3,39.04,39.42,0,0,0,0.3,50000,Volatilidad,0.0,31.11,Variable
mining_continuous_load,balanced_30pct_spot_ppa,PIEDRA BLANCA 34.5,36,34.2,46.52,51.12,0,0,0,0.3,50000,Nivel de precio,0.0,34.69,Variable
mining_continuous_load,balanced_30pct_spot_ppa,TUPURI 22.9,36,34.08,51.47,58.96,0,0,0,0.3,50000,Ventanas críticas,0.0,37.05,Variable
mining_continuous_load,balanced_30pct_spot_ppa,SAN GABAN 138,36,33.97,50.86,57.75,0,0,0,0.3,50000,Ventanas críticas,0.0,36.66,Variable
mining_continuous_load,balanced_30pct_spot_ppa,PARAMONGA NUEVA 220,36,33.36,43.84,52.28,0,0,0,0.3,50000,Ventanas críticas,0.0,33.81,Variable
mining_continuous_load,balanced_30pct_spot_ppa,VIZCARRA 220,36,33.2,46.42,53.53,0,0,0,0.3,50000,Ventanas críticas,0.0,34.58,Variable
mining_continuous_load,balanced_30pct_spot_ppa,OQUENDO 60,36,33.13,43.96,52.73,0,0,0,0.3,50000,Ventanas críticas,0.0,33.81,Variable
mining_continuous_load,balanced_30pct_spot_ppa,PARAMONGA NUEVA 138,36,33.12,43.47,52.55,0,0,0,0.3,50000,Ventanas críticas,0.0,33.66,Variable
mining_continuous_load,balanced_30pct_spot_ppa,PARAMONGA EXISTENTE 138,36,32.96,43.21,52.53,0,0,0,0.3,50000,Ventanas críticas,0.0,33.51,Variable
mining_continuous_load,balanced_30pct_spot_ppa,MEDIO MUNDO 220,36,32.67,42.58,52.71,0,0,0,0.3,50000,Ventanas críticas,0.0,33.25,Variable
mining_continuous_load,balanced_30pct_spot_ppa,PACHACHACA50,36,32.27,42.27,45.92,0,0,0,0.3,50000,Ventanas críticas,0.0,31.98,Variable
mining_continuous_load,balanced_30pct_spot_ppa,MARCONA 220,36,31.61,39.86,46.83,0,0,0,0.3,50000,Ventanas críticas,0.0,31.21,Variable
mining_continuous_load,balanced_30pct_spot_ppa,POROMA 220,36,31.55,38.78,46.31,0,0,0,0.3,50000,Ventanas críticas,0.0,30.84,Variable
mining_continuous_load,balanced_30pct_spot_ppa,SANTIAGO DE CAO 138,1,31.08,31.08,31.08,0,0,0,0.3,50000,Prima de estrés,0.0,26.42,Sensible
mining_continuous_load,balanced_30pct_spot_ppa,LOMERA 220,36,30.94,37.95,47.37,0,0,0,0.3,50000,Ventanas críticas,0.0,30.51,Variable
mining_continuous_load,balanced_30pct_spot_ppa,HUACHO 220,36,30.71,39.23,46.92,0,0,0,0.3,50000,Ventanas críticas,0.0,30.66,Variable
mining_continuous_load,balanced_30pct_spot_ppa,CHAVARRIA 220,36,30.08,36.3,50.26,0,0,0,0.3,50000,Ventanas críticas,0.0,30.15,Variable
mining_continuous_load,balanced_30pct_spot_ppa,MARCONA 60,27,30.03,36.41,40.76,0,0,2,0.3,50000,Ventanas críticas,0.0,28.73,Variable
mining_continuous_load,balanced_30pct_spot_ppa,ZAPALLAL 220,36,29.97,36.43,49.66,0,0,0,0.3,50000,Ventanas críticas,0.0,30.04,Variable
mining_continuous_load,balanced_30pct_spot_ppa,SANTA TERESA 220,36,29.89,43.1,49.49,0,0,0,0.3,50000,Ventanas críticas,0.0,31.65,Variable
mining_continuous_load,balanced_30pct_spot_ppa,VENTANILLA 220,36,29.68,35.37,49.67,0,0,0,0.3,50000,Ventanas críticas,0.0,29.65,Variable
mining_continuous_load,balanced_30pct_spot_ppa,CARABAYLLO 220,36,29.61,36.34,49.39,0,0,0,0.3,50000,Ventanas críticas,0.0,29.82,Variable
mining_continuous_load,balanced_30pct_spot_ppa,ICA 220,36,29.32,36.61,47.63,0,0,0,0.3,50000,Ventanas críticas,0.0,29.49,Variable
mining_continuous_load,balanced_30pct_spot_ppa,FLAMENCO 220,26,29.32,35.92,39.97,0,0,0,0.3,50000,Ventanas críticas,0.0,28.17,Variable
mining_continuous_load,balanced_30pct_spot_ppa,INDEPENDENCIA 60,36,29.15,35.56,48.95,0,0,0,0.3,50000,Ventanas críticas,0.0,29.35,Variable
mining_continuous_load,balanced_30pct_spot_ppa,CT PISCO 60,36,29.14,35.56,48.95,0,0,0,0.3,50000,Ventanas críticas,0.0,29.35,Variable
mining_continuous_load,balanced_30pct_spot_ppa,INDUSTRIALES 220,36,28.95,37.59,45.72,0,0,0,0.3,50000,Ventanas críticas,0.0,29.28,Variable
mining_continuous_load,balanced_30pct_spot_ppa,CAJAMARQUILLA 220,36,28.8,34.74,48.52,0,0,0,0.3,50000,Ventanas críticas,0.0,28.93,Variable
mining_continuous_load,balanced_30pct_spot_ppa,NAZCA NUEVA 220,23,28.78,34.61,39.08,0,0,0,0.3,50000,Ventanas críticas,0.0,27.46,Variable
mining_continuous_load,balanced_30pct_spot_ppa,ERSUR 220,26,28.78,34.67,38.64,0,0,0,0.3,50000,Ventanas críticas,0.0,27.42,Variable
mining_continuous_load,balanced_30pct_spot_ppa,CT INDEPENDENCIA 60,36,28.64,34.8,48.43,0,0,0,0.3,50000,Ventanas críticas,0.0,28.86,Variable
mining_continuous_load,balanced_30pct_spot_ppa,PLANICIE 220,36,28.36,35.08,39.7,0,0,0,0.3,50000,Ventanas críticas,0.0,27.49,Variable
mining_continuous_load,balanced_30pct_spot_ppa,SANTA ROSA 220,36,28.21,36.66,50.09,0,0,0,0.3,50000,Ventanas críticas,0.0,29.37,Variable
mining_continuous_load,balanced_30pct_spot_ppa,CHINCHA NUEVA 220,23,28.07,36.24,46.49,0,0,0,0.3,50000,Ventanas críticas,0.0,28.67,Variable
mining_continuous_load,balanced_30pct_spot_ppa,INDEPENDENCIA 220,36,28.01,34.11,47.87,0,0,0,0.3,50000,Ventanas críticas,0.0,28.31,Variable
mining_continuous_load,balanced_30pct_spot_ppa,CARAPONGO 220,36,27.96,34.16,48.01,0,0,0,0.3,50000,Ventanas críticas,0.0,28.32,Variable
mining_continuous_load,balanced_30pct_spot_ppa,HUANCHOR 50,36,27.87,45.51,55.05,0,0,0,0.3,50000,Ventanas críticas,0.0,32.18,Variable
mining_continuous_load,balanced_30pct_spot_ppa,CHEVES 220,36,27.83,36.39,45.7,0,0,0,0.3,50000,Ventanas críticas,0.0,28.47,Variable
mining_continuous_load,balanced_30pct_spot_ppa,MARAÑON 60,36,27.63,38.7,51.27,0,0,0,0.3,50000,Ventanas críticas,0.0,29.8,Variable
mining_continuous_load,balanced_30pct_spot_ppa,MACHUPICCHU 138,36,27.53,42.0,46.84,0,0,0,0.3,50000,Ventanas críticas,0.0,29.91,Variable
mining_continuous_load,balanced_30pct_spot_ppa,PARAGSHA2 138,36,27.27,35.8,45.82,0,0,0,0.3,50000,Ventanas críticas,0.0,28.09,Variable
mining_continuous_load,balanced_30pct_spot_ppa,CHEVES 13.8,36,26.98,35.7,45.36,0,0,0,0.3,50000,Ventanas críticas,0.0,27.87,Variable
mining_continuous_load,balanced_30pct_spot_ppa,CAHUA138,36,26.59,36.0,52.49,0,0,0,0.3,50000,Ventanas críticas,0.0,28.84,Variable
mining_continuous_load,balanced_30pct_spot_ppa,DESIERTO 220,35,26.3,31.59,45.29,0,0,0,0.3,50000,Ventanas críticas,0.0,26.52,Variable
mining_continuous_load,balanced_30pct_spot_ppa,CANTERA 220,36,26.06,30.92,46.22,0,0,0,0.3,50000,Ventanas críticas,0.0,26.39,Variable
mining_continuous_load,balanced_30pct_spot_ppa,PUNTA LOMITAS II,36,25.92,30.39,36.25,0,0,0,0.3,50000,Ventanas críticas,0.0,24.7,Variable
mining_continuous_load,balanced_30pct_spot_ppa,PUNTA LOMITAS I,36,25.89,30.48,34.84,0,0,0,0.3,50000,Ventanas críticas,0.0,24.5,Variable
mining_continuous_load,balanced_30pct_spot_ppa,HUINCO 220,36,25.72,32.56,46.13,0,0,0,0.3,50000,Ventanas críticas,0.0,26.63,Variable
mining_continuous_load,balanced_30pct_spot_ppa,CALLAHUANCA EDEGEL 220,36,25.69,29.86,37.35,0,0,0,0.3,50000,Ventanas críticas,0.0,24.63,Variable
mining_continuous_load,balanced_30pct_spot_ppa,CS COENERGY 22.9,1,25.49,25.49,25.49,0,0,0,0.3,50000,Volatilidad,0.0,21.67,Variable
mining_continuous_load,balanced_30pct_spot_ppa,PARAGSHA2 220,36,25.39,34.68,44.37,0,0,0,0.3,50000,Ventanas críticas,0.0,26.75,Variable
mining_continuous_load,balanced_30pct_spot_ppa,SAN JUAN 220,36,25.31,31.5,40.51,0,0,0,0.3,50000,Ventanas críticas,0.0,25.34,Variable
mining_continuous_load,balanced_30pct_spot_ppa,HUANZA 220,36,25.17,32.27,44.36,0,0,0,0.3,50000,Ventanas críticas,0.0,26.05,Variable
mining_continuous_load,balanced_30pct_spot_ppa,HUAMPANI 60,36,25.16,32.72,47.44,0,0,0,0.3,50000,Ventanas críticas,0.0,26.62,Variable
mining_continuous_load,balanced_30pct_spot_ppa,CHILCA500,36,24.93,30.2,34.88,0,0,0,0.3,50000,Ventanas críticas,0.0,24.0,Variable
mining_continuous_load,balanced_30pct_spot_ppa,OLLEROS 500,36,24.62,29.97,35.41,0,0,0,0.3,50000,Ventanas críticas,0.0,23.88,Variable
mining_continuous_load,balanced_30pct_spot_ppa,POMACOCHA 220,36,24.53,30.41,33.11,0,0,0,0.3,50000,Ventanas críticas,0.0,23.61,Variable
mining_continuous_load,balanced_30pct_spot_ppa,SANTA ANA 138,6,24.45,29.52,32.81,0,0,0,0.3,50000,Ventanas críticas,0.0,23.3,Variable
mining_continuous_load,balanced_30pct_spot_ppa,FENIX 500,36,24.28,29.52,34.69,0,0,0,0.3,50000,Ventanas críticas,0.0,23.51,Variable
mining_continuous_load,balanced_30pct_spot_ppa,OROYA NUEVA 220,36,24.27,30.46,33.9,0,0,0,0.3,50000,Ventanas críticas,0.0,23.62,Variable
mining_continuous_load,balanced_30pct_spot_ppa,CHIRIBAMBA 220,22,24.21,29.26,35.94,0,0,0,0.3,50000,Ventanas críticas,0.0,23.6,Variable
mining_continuous_load,balanced_30pct_spot_ppa,PACHACHACA 220,36,24.04,29.55,33.8,0,0,0,0.3,50000,Ventanas críticas,0.0,23.27,Variable
mining_continuous_load,balanced_30pct_spot_ppa,ALTO PRADERAS 220,36,23.99,30.06,46.3,0,0,0,0.3,50000,Ventanas críticas,0.0,25.25,Variable
mining_continuous_load,balanced_30pct_spot_ppa,CARHUAMAYO 138,36,23.83,32.39,36.01,0,0,0,0.3,50000,Ventanas críticas,0.0,24.22,Variable
mining_continuous_load,balanced_30pct_spot_ppa,MATUCANA 220,36,23.69,27.62,36.07,0,0,0,0.3,50000,Ventanas críticas,0.0,22.97,Variable
mining_continuous_load,balanced_30pct_spot_ppa,ASIA 220,36,23.68,29.09,45.5,0,0,0,0.3,50000,Ventanas críticas,0.0,24.75,Variable
mining_continuous_load,balanced_30pct_spot_ppa,YANANGO 220,36,23.6,29.52,35.89,0,0,0,0.3,50000,Ventanas críticas,0.0,23.38,Variable
mining_continuous_load,balanced_30pct_spot_ppa,MOYOPAMPA 60,36,23.36,29.36,35.43,0,0,0,0.3,50000,Ventanas críticas,0.0,23.17,Variable
mining_continuous_load,balanced_30pct_spot_ppa,SANTA ISABEL 220,36,22.82,31.38,35.7,0,0,0,0.3,50000,Ventanas críticas,0.0,23.47,Variable
mining_continuous_load,balanced_30pct_spot_ppa,OROYA NUEVA 50,36,22.56,29.9,33.96,0,0,0,0.3,50000,Ventanas críticas,0.0,22.72,Variable
mining_continuous_load,balanced_30pct_spot_ppa,CHAGLLA 220,36,22.11,32.47,34.51,0,0,0,0.3,50000,Ventanas críticas,0.0,23.24,Variable
mining_continuous_load,balanced_30pct_spot_ppa,CONDORCOCHA 44,36,22.07,29.79,34.92,0,0,0,0.3,50000,Ventanas críticas,0.0,22.62,Variable
mining_continuous_load,balanced_30pct_spot_ppa,CONDORCOCHA 138,36,21.73,29.16,34.82,0,0,0,0.3,50000,Ventanas críticas,0.0,22.29,Variable
mining_continuous_load,balanced_30pct_spot_ppa,CHILCA UNO 220,36,21.62,26.7,33.94,0,0,0,0.3,50000,Ventanas críticas,0.0,21.5,Variable
mining_continuous_load,balanced_30pct_spot_ppa,CARIPA 138,36,21.43,28.67,34.12,0,0,0,0.3,50000,Ventanas críticas,0.0,21.93,Variable
mining_continuous_load,balanced_30pct_spot_ppa,CHIMAY 220,36,21.43,26.64,32.81,0,0,0,0.3,50000,Ventanas críticas,0.0,21.23,Variable
mining_continuous_load,balanced_30pct_spot_ppa,HUAYUCACHI 220,36,21.21,25.75,29.83,0,0,0,0.3,50000,Ventanas críticas,0.0,20.46,Variable
mining_continuous_load,balanced_30pct_spot_ppa,CH OROYA 50,36,21.02,26.78,32.86,0,0,0,0.3,50000,Ventanas críticas,0.0,21.08,Variable
mining_continuous_load,balanced_30pct_spot_ppa,LAS FLORES 220,36,20.95,26.21,33.69,0,0,0,0.3,50000,Ventanas críticas,0.0,21.04,Variable
mining_continuous_load,balanced_30pct_spot_ppa,HUANCAVELICA 220,36,20.93,25.24,30.96,0,0,0,0.3,50000,Ventanas críticas,0.0,20.37,Variable
mining_continuous_load,balanced_30pct_spot_ppa,CHILCA DOS 13.8,36,20.68,26.31,32.72,0,0,0,0.3,50000,Ventanas críticas,0.0,20.79,Variable
mining_continuous_load,balanced_30pct_spot_ppa,YAUPI 138,36,20.59,28.4,35.26,0,0,0,0.3,50000,Ventanas críticas,0.0,21.66,Variable
mining_continuous_load,balanced_30pct_spot_ppa,CALLAHUANCA 60,36,20.48,26.21,35.17,0,0,0,0.3,50000,Ventanas críticas,0.0,21.04,Variable
mining_continuous_load,balanced_30pct_spot_ppa,CERRO DEL AGUILA 220,36,20.27,25.61,30.01,0,0,0,0.3,50000,Ventanas críticas,0.0,20.03,Variable
mining_continuous_load,balanced_30pct_spot_ppa,CHILCA REP 220,36,20.08,25.82,32.67,0,0,0,0.3,50000,Ventanas críticas,0.0,20.39,Variable
mining_continuous_load,balanced_30pct_spot_ppa,LA VIRGEN 138,36,19.83,26.88,32.83,0,0,0,0.3,50000,Ventanas críticas,0.0,20.57,Variable
mining_continuous_load,balanced_30pct_spot_ppa,YAUPI13.8,36,19.79,27.23,34.59,0,0,0,0.3,50000,Ventanas críticas,0.0,20.9,Variable
mining_continuous_load,balanced_30pct_spot_ppa,YARUCAYA 13.8,36,18.98,24.08,36.1,0,0,0,0.3,50000,Ventanas críticas,0.0,19.98,Variable
mining_continuous_load,balanced_30pct_spot_ppa,CAMPO ARMIÑO 220,36,18.33,22.36,24.49,0,0,0,0.3,50000,Ventanas críticas,0.0,17.51,Variable
mining_continuous_load,balanced_30pct_spot_ppa,MALPASO 50,36,18.3,23.36,28.9,0,0,0,0.3,50000,Ventanas críticas,0.0,18.41,Variable
mining_continuous_load,balanced_30pct_spot_ppa,RESTITUCIÓN 220,36,17.84,21.8,23.82,0,0,0,0.3,50000,Ventanas críticas,0.0,17.05,Variable
mining_continuous_load,balanced_30pct_spot_ppa,PLATANAL 220,36,16.62,21.06,22.9,0,0,0,0.3,50000,Ventanas críticas,0.0,16.18,Variable
mining_continuous_load,balanced_30pct_spot_ppa,CORACORA 60,4,15.54,24.09,28.51,0,0,4,0.3,50000,Prima de estrés,0.0,17.29,Variable
mining_continuous_load,balanced_30pct_spot_ppa,NAZCA 22.9,4,15.13,23.63,28.12,0,0,4,0.3,50000,Prima de estrés,0.0,16.93,Variable
mining_continuous_load,balanced_30pct_spot_ppa,LLIPATA 60,4,14.58,23.18,27.99,0,0,4,0.3,50000,Prima de estrés,0.0,16.56,Variable
mining_continuous_load,balanced_30pct_spot_ppa,ALTO LA LUNA 10,14,12.99,20.73,23.81,0,0,11,0.3,50000,Prima de estrés,0.0,14.6,Variable
mining_continuous_load,balanced_30pct_spot_ppa,ALTO LA LUNA 60,14,12.69,20.23,23.24,0,0,11,0.3,50000,Prima de estrés,0.0,14.25,Variable
mining_continuous_load,balanced_30pct_spot_ppa,PISCO 10,14,12.47,19.69,22.93,0,0,11,0.3,50000,Prima de estrés,0.0,13.97,Variable
mining_continuous_load,balanced_30pct_spot_ppa,VILLACURI 22.9,14,12.38,20.06,23.26,0,0,11,0.3,50000,Prima de estrés,0.0,14.07,Variable
mining_continuous_load,balanced_30pct_spot_ppa,PARACAS 22,14,12.31,19.82,26.25,0,0,11,0.3,50000,Prima de estrés,0.0,14.43,Variable
mining_continuous_load,balanced_30pct_spot_ppa,PARACAS 10,14,12.24,19.37,26.43,0,0,11,0.3,50000,Prima de estrés,0.0,14.31,Variable
mining_continuous_load,balanced_30pct_spot_ppa,TAMBO DE MORA 10,5,11.98,18.26,24.16,0,0,4,0.3,50000,Prima de estrés,0.0,13.58,Variable
mining_continuous_load,balanced_30pct_spot_ppa,VILLACURI 60,14,11.58,18.6,22.12,0,0,11,0.3,50000,Prima de estrés,0.0,13.18,Variable
mining_continuous_load,balanced_30pct_spot_ppa,PEDREGAL 10,5,11.48,17.86,23.58,0,0,4,0.3,50000,Prima de estrés,0.0,13.17,Variable
mining_continuous_load,balanced_30pct_spot_ppa,PUEBLO NUEVO 10,5,10.99,16.23,19.88,0,0,4,0.3,50000,Prima de estrés,0.0,11.99,Variable
mining_continuous_load,balanced_30pct_spot_ppa,INDEPENDENCIA 10,14,10.65,16.0,24.67,0,0,11,0.3,50000,Prima de estrés,0.0,12.49,Variable
mining_continuous_load,balanced_30pct_spot_ppa,CHALA 60,1,8.92,8.92,8.92,0,0,1,0.3,50000,Prima de estrés,0.0,7.58,Variable
mining_continuous_load,balanced_30pct_spot_ppa,BELLA UNION 60,1,8.49,8.49,8.49,0,0,1,0.3,50000,Prima de estrés,0.0,7.21,Variable
mining_continuous_load,balanced_30pct_spot_ppa,JAHUAY 60,1,7.97,7.97,7.97,0,0,1,0.3,50000,Prima de estrés,0.0,6.77,Variable
mining_continuous_load,balanced_30pct_spot_ppa,FUNSUR 60,1,7.86,7.86,7.86,0,0,1,0.3,50000,Prima de estrés,0.0,6.68,Variable
mining_continuous_load,balanced_30pct_spot_ppa,MINA 60,1,7.29,7.29,7.29,0,0,1,0.3,50000,Prima de estrés,0.0,6.2,Variable
mining_continuous_load,balanced_30pct_spot_ppa,HUARANGO 60,1,6.77,6.77,6.77,0,0,1,0.3,50000,Prima de estrés,0.0,5.76,Variable
mining_continuous_load,balanced_30pct_spot_ppa,LOMAS 60,1,6.77,6.77,6.77,0,0,1,0.3,50000,Prima de estrés,0.0,5.76,Variable
mining_continuous_load,fixed_reference_ppa,PLANTAETANOL 60,36,41.94,51.5,53.73,0,0,0,0.0,50000,Nivel de precio,0.0,39.81,Estable
mining_continuous_load,fixed_reference_ppa,HUAYLLACHO 15,36,41.78,51.16,54.27,0,0,0,0.0,50000,Nivel de precio,0.0,39.73,Estable
mining_continuous_load,fixed_reference_ppa,ZORRITOS 220,36,41.7,51.58,53.85,0,0,0,0.0,50000,Nivel de precio,0.0,39.74,Estable
mining_continuous_load,fixed_reference_ppa,SAN IGNACIO 15,36,41.64,50.88,54.13,0,0,0,0.0,50000,Nivel de precio,0.0,39.58,Estable
mining_continuous_load,fixed_reference_ppa,SAN ANTONIO 15,36,41.62,50.88,54.13,0,0,0,0.0,50000,Nivel de precio,0.0,39.57,Estable
mining_continuous_load,fixed_reference_ppa,NCTUMBES60,36,41.55,51.67,53.9,0,0,0,0.0,50000,Nivel de precio,0.0,39.7,Estable
mining_continuous_load,fixed_reference_ppa,GE1 33,36,41.29,50.91,52.68,0,0,0,0.0,50000,Nivel de precio,0.0,39.21,Estable
mining_continuous_load,fixed_reference_ppa,TINTAYA EXISTENTE 138,36,41.16,50.76,54.07,0,0,0,0.0,50000,Nivel de precio,0.0,39.32,Estable
mining_continuous_load,fixed_reference_ppa,PIURA OESTE 220,36,41.02,51.09,51.68,0,0,0,0.0,50000,Nivel de precio,0.0,38.98,Estable
mining_continuous_load,fixed_reference_ppa,MISAPUQUIO 33,36,40.99,50.56,53.98,0,0,0,0.0,50000,Nivel de precio,0.0,39.18,Estable
mining_continuous_load,fixed_reference_ppa,TINTAYA NUEVA 220,36,40.97,50.42,53.81,0,0,0,0.0,50000,Nivel de precio,0.0,39.11,Estable
mining_continuous_load,fixed_reference_ppa,BELAUNDE 138,36,40.97,50.21,52.89,0,0,0,0.0,50000,Nivel de precio,0.0,38.92,Estable
mining_continuous_load,fixed_reference_ppa,TALARA 220,36,40.97,50.73,51.73,0,0,0,0.0,50000,Nivel de precio,0.0,38.88,Estable
mining_continuous_load,fixed_reference_ppa,GALLITO CIEGO 60,36,40.96,50.08,52.93,0,0,0,0.0,50000,Nivel de precio,0.0,38.89,Estable
mining_continuous_load,fixed_reference_ppa,TALARA13.2,36,40.81,50.87,51.92,0,0,0,0.0,50000,Nivel de precio,0.0,38.87,Estable
mining_continuous_load,fixed_reference_ppa,VALLE DEL CHIRA 220,14,37.81,47.55,49.14,0,0,0,0.0,50000,Nivel de precio,0.0,36.27,Estable
mining_continuous_load,fixed_reference_ppa,PARIAC 66,36,37.77,47.41,50.63,0,0,0,0.0,50000,Nivel de precio,0.0,36.44,Estable
mining_continuous_load,fixed_reference_ppa,JULIACA10,36,36.84,45.94,49.36,0,0,0,0.0,50000,Nivel de precio,0.0,35.47,Estable
mining_continuous_load,fixed_reference_ppa,JAEN 138,24,35.65,45.62,48.52,0,0,0,0.0,50000,Nivel de precio,0.0,34.72,Estable
mining_continuous_load,fixed_reference_ppa,TOCACHE 138,36,33.73,42.82,47.08,0,0,0,0.0,50000,Nivel de precio,0.0,32.94,Estable
mining_continuous_load,fixed_reference_ppa,JULIACA 138,36,32.49,41.68,44.96,0,0,0,0.0,50000,Nivel de precio,0.0,31.78,Estable
mining_continuous_load,fixed_reference_ppa,GUADALUPE 60,36,32.32,40.97,43.35,0,0,0,0.0,50000,Nivel de precio,0.0,31.29,Estable
mining_continuous_load,fixed_reference_ppa,CALLALLI 138,36,31.46,41.11,45.03,0,0,0,0.0,50000,Nivel de precio,0.0,31.19,Estable
mining_continuous_load,fixed_reference_ppa,LA BREA 220,21,30.95,40.31,42.78,0,0,0,0.0,50000,Nivel de precio,0.0,30.42,Estable
mining_continuous_load,fixed_reference_ppa,AYAVIRI 138,36,30.32,39.96,43.35,0,0,0,0.0,50000,Nivel de precio,0.0,30.14,Estable
mining_continuous_load,fixed_reference_ppa,PUERTO MALDONADO 10,36,30.3,40.32,42.91,0,0,0,0.0,50000,Nivel de precio,0.0,30.15,Estable
mining_continuous_load,fixed_reference_ppa,PUNO 138,36,30.25,39.4,42.93,0,0,0,0.0,50000,Nivel de precio,0.0,29.9,Estable
mining_continuous_load,fixed_reference_ppa,CHICLAYO 220,36,30.24,39.24,40.88,0,0,0,0.0,50000,Nivel de precio,0.0,29.55,Estable
mining_continuous_load,fixed_reference_ppa,PUERTO MALDONADO 138,36,30.23,39.96,43.9,0,0,0,0.0,50000,Nivel de precio,0.0,30.18,Estable
mining_continuous_load,fixed_reference_ppa,ILO1 138,36,30.19,38.85,42.59,0,0,0,0.0,50000,Nivel de precio,0.0,29.68,Estable
mining_continuous_load,fixed_reference_ppa,PUNO 220,36,29.97,39.26,42.63,0,0,0,0.0,50000,Nivel de precio,0.0,29.7,Estable
mining_continuous_load,fixed_reference_ppa,TOQUEPALA 138,36,29.97,38.42,42.56,0,0,0,0.0,50000,Nivel de precio,0.0,29.48,Estable
mining_continuous_load,fixed_reference_ppa,CACLIC 220,36,29.95,38.91,41.09,0,0,0,0.0,50000,Nivel de precio,0.0,29.37,Estable
mining_continuous_load,fixed_reference_ppa,CT ETEN 220,36,29.94,38.75,40.78,0,0,0,0.0,50000,Nivel de precio,0.0,29.28,Estable
mining_continuous_load,fixed_reference_ppa,RECKA 220,36,29.92,38.7,40.59,0,0,0,0.0,50000,Nivel de precio,0.0,29.23,Estable
mining_continuous_load,fixed_reference_ppa,MOLLENDO 138,36,29.89,39.13,42.76,0,0,0,0.0,50000,Nivel de precio,0.0,29.65,Estable
mining_continuous_load,fixed_reference_ppa,ETEN 18,36,29.89,38.65,40.69,0,0,0,0.0,50000,Nivel de precio,0.0,29.21,Estable
mining_continuous_load,fixed_reference_ppa,RECKA 18,36,29.87,38.7,40.49,0,0,0,0.0,50000,Nivel de precio,0.0,29.19,Estable
mining_continuous_load,fixed_reference_ppa,ILO ELP 138,36,29.81,38.57,42.28,0,0,0,0.0,50000,Nivel de precio,0.0,29.4,Estable
mining_continuous_load,fixed_reference_ppa,AZANGARO 138,36,29.8,39.18,42.79,0,0,0,0.0,50000,Nivel de precio,0.0,29.62,Estable
mining_continuous_load,fixed_reference_ppa,PUCALLPA 60,36,29.76,38.11,43.46,0,0,0,0.0,50000,Nivel de precio,0.0,29.44,Estable
mining_continuous_load,fixed_reference_ppa,CT PLANTA PUCALLPA 60,36,29.73,37.92,43.36,0,0,0,0.0,50000,Nivel de precio,0.0,29.36,Estable
mining_continuous_load,fixed_reference_ppa,LA NIÑA 220,36,29.69,38.37,40.95,0,0,0,0.0,50000,Nivel de precio,0.0,29.1,Estable
mining_continuous_load,fixed_reference_ppa,CUTERVO 138,36,29.67,38.41,39.95,0,0,0,0.0,50000,Nivel de precio,0.0,28.95,Estable
mining_continuous_load,fixed_reference_ppa,CHILINA 33,36,29.51,38.96,41.86,0,0,0,0.0,50000,Nivel de precio,0.0,29.3,Estable
mining_continuous_load,fixed_reference_ppa,ARICOTA2 138,36,29.48,37.77,42.05,0,0,0,0.0,50000,Nivel de precio,0.0,29.02,Estable
mining_continuous_load,fixed_reference_ppa,PUCALLPA 138,36,29.42,37.42,42.95,0,0,0,0.0,50000,Nivel de precio,0.0,29.03,Estable
mining_continuous_load,fixed_reference_ppa,COMBAPATA 138,36,29.37,38.71,40.93,0,0,0,0.0,50000,Nivel de precio,0.0,29.03,Estable
mining_continuous_load,fixed_reference_ppa,BOTIFLACA 138,36,29.36,38.13,42.0,0,0,0,0.0,50000,Nivel de precio,0.0,29.05,Estable
mining_continuous_load,fixed_reference_ppa,GUADALUPE 220,36,29.21,37.61,40.18,0,0,0,0.0,50000,Nivel de precio,0.0,28.58,Estable
mining_continuous_load,fixed_reference_ppa,REPARTICIÓN 138,36,29.19,38.16,42.05,0,0,0,0.0,50000,Nivel de precio,0.0,28.98,Estable
mining_continuous_load,fixed_reference_ppa,ARICOTA 66,36,29.17,37.3,41.74,0,0,0,0.0,50000,Nivel de precio,0.0,28.71,Estable
mining_continuous_load,fixed_reference_ppa,LOS HEROES 66,36,28.9,37.11,41.05,0,0,0,0.0,50000,Nivel de precio,0.0,28.44,Variable
mining_continuous_load,fixed_reference_ppa,CHILINA 138,36,28.88,37.97,41.8,0,0,0,0.0,50000,Nivel de precio,0.0,28.76,Variable
mining_continuous_load,fixed_reference_ppa,PLANTA CASA GRANDE 13.8,1,28.86,28.86,28.86,0,0,0,0.0,50000,Nivel de precio,0.0,24.53,Sensible
mining_continuous_load,fixed_reference_ppa,ARICOTA1 66,36,28.81,37.09,40.9,0,0,0,0.0,50000,Nivel de precio,0.0,28.37,Variable
mining_continuous_load,fixed_reference_ppa,AUCAYACU 138,36,28.76,36.59,40.94,0,0,0,0.0,50000,Nivel de precio,0.0,28.23,Variable
mining_continuous_load,fixed_reference_ppa,PLANTA SAN JACINTO 13.8,36,28.66,36.29,39.79,0,0,0,0.0,50000,Nivel de precio,0.0,27.94,Variable
mining_continuous_load,fixed_reference_ppa,CERRO VERDE 138,36,28.51,37.22,40.5,0,0,0,0.0,50000,Nivel de precio,0.0,28.21,Variable
mining_continuous_load,fixed_reference_ppa,CAJAMARCA 220,36,28.5,37.05,39.24,0,0,0,0.0,50000,Nivel de precio,0.0,27.97,Variable
mining_continuous_load,fixed_reference_ppa,LOS HEROES 220,36,28.49,36.59,40.39,0,0,0,0.0,50000,Nivel de precio,0.0,28.03,Variable
mining_continuous_load,fixed_reference_ppa,BIOENERGIA 13.8,36,28.46,37.87,39.78,0,0,0,0.0,50000,Nivel de precio,0.0,28.24,Variable
mining_continuous_load,fixed_reference_ppa,TRUJILLO 220,36,28.32,35.96,40.1,0,0,0,0.0,50000,Nivel de precio,0.0,27.75,Variable
mining_continuous_load,fixed_reference_ppa,CARHUAQUERO 220,36,28.31,37.04,39.2,0,0,0,0.0,50000,Nivel de precio,0.0,27.88,Variable
mining_continuous_load,fixed_reference_ppa,SANTUARIO 138,36,28.13,36.92,40.63,0,0,0,0.0,50000,Nivel de precio,0.0,27.99,Variable
mining_continuous_load,fixed_reference_ppa,AGROLMOS 60,6,28.12,35.79,37.47,0,0,0,0.0,50000,Nivel de precio,0.0,27.22,Variable
mining_continuous_load,fixed_reference_ppa,MOQUEGUA 138,36,28.1,36.23,39.74,0,0,0,0.0,50000,Nivel de precio,0.0,27.66,Variable
mining_continuous_load,fixed_reference_ppa,SOCABAYA 138,36,27.94,36.88,40.02,0,0,0,0.0,50000,Nivel de precio,0.0,27.79,Variable
mining_continuous_load,fixed_reference_ppa,MOQUEGUA 220,36,27.85,35.99,39.29,0,0,0,0.0,50000,Nivel de precio,0.0,27.42,Variable
mining_continuous_load,fixed_reference_ppa,DUNA HUAMBOS 34.5,31,27.72,35.42,39.67,0,0,0,0.0,50000,Nivel de precio,0.0,27.28,Variable
mining_continuous_load,fixed_reference_ppa,LA RAMADA 220,36,27.71,35.69,38.9,0,0,0,0.0,50000,Nivel de precio,0.0,27.23,Variable
mining_continuous_load,fixed_reference_ppa,CHARCANI VI 33,36,27.7,34.88,38.22,0,0,0,0.0,50000,Nivel de precio,0.0,26.92,Variable
mining_continuous_load,fixed_reference_ppa,SOCABAYA 220,36,27.65,36.4,39.4,0,0,0,0.0,50000,Nivel de precio,0.0,27.46,Variable
mining_continuous_load,fixed_reference_ppa,CHAPARRAL 138,18,27.65,34.06,36.4,0,0,0,0.0,50000,Volatilidad,0.0,26.42,Variable
mining_continuous_load,fixed_reference_ppa,ILO2 220,36,27.6,35.6,39.07,0,0,0,0.0,50000,Nivel de precio,0.0,27.18,Variable
mining_continuous_load,fixed_reference_ppa,MAZUCO138,36,27.54,37.94,43.03,0,0,0,0.0,50000,Volatilidad,0.0,28.33,Variable
mining_continuous_load,fixed_reference_ppa,CHIMBOTE1 138,36,27.54,35.47,39.3,0,0,0,0.0,50000,Nivel de precio,0.0,27.16,Variable
mining_continuous_load,fixed_reference_ppa,HUALLIN60,21,27.53,35.16,39.5,0,0,0,0.0,50000,Nivel de precio,0.0,27.1,Sensible
mining_continuous_load,fixed_reference_ppa,ZAÑA 60,36,27.52,35.12,39.88,0,0,0,0.0,50000,Nivel de precio,0.0,27.15,Variable
mining_continuous_load,fixed_reference_ppa,QUENCORO 138,36,27.44,36.56,39.41,0,0,0,0.0,50000,Nivel de precio,0.0,27.4,Variable
mining_continuous_load,fixed_reference_ppa,MONTALVO 220,36,27.37,35.32,38.95,0,0,0,0.0,50000,Nivel de precio,0.0,26.99,Variable
mining_continuous_load,fixed_reference_ppa,CHIMBOTE1 220,36,27.28,34.84,39.61,0,0,0,0.0,50000,Nivel de precio,0.0,26.92,Variable
mining_continuous_load,fixed_reference_ppa,DOLORESPATA 138,36,27.27,36.38,39.31,0,0,0,0.0,50000,Nivel de precio,0.0,27.26,Variable
mining_continuous_load,fixed_reference_ppa,QUITARACSA 220,36,27.09,35.22,38.49,0,0,0,0.0,50000,Nivel de precio,0.0,26.77,Variable
mining_continuous_load,fixed_reference_ppa,AGUAYTIA 138,36,27.08,34.87,40.01,0,0,0,0.0,50000,Nivel de precio,0.0,26.9,Variable
mining_continuous_load,fixed_reference_ppa,S.E. ILO4 500,36,26.93,34.22,38.15,0,0,0,0.0,50000,Nivel de precio,0.0,26.4,Variable
mining_continuous_load,fixed_reference_ppa,RUBI 220,33,26.92,34.53,38.86,0,0,0,0.0,50000,Volatilidad,0.0,26.58,Variable
mining_continuous_load,fixed_reference_ppa,AGUAYTIA 22.9,36,26.8,34.71,39.25,0,0,0,0.0,50000,Nivel de precio,0.0,26.63,Variable
mining_continuous_load,fixed_reference_ppa,TINGO MARIA 138,36,26.75,34.08,37.94,0,0,0,0.0,50000,Nivel de precio,0.0,26.25,Variable
mining_continuous_load,fixed_reference_ppa,PAQUILLUSI 220,9,26.66,34.04,36.31,0,0,0,0.0,50000,Volatilidad,0.0,25.95,Variable
mining_continuous_load,fixed_reference_ppa,PURMACANA 20,36,26.65,34.39,37.73,0,0,0,0.0,50000,Nivel de precio,0.0,26.25,Variable
mining_continuous_load,fixed_reference_ppa,CACHIMAYO 138,36,26.64,35.64,39.03,0,0,0,0.0,50000,Nivel de precio,0.0,26.76,Variable
mining_continuous_load,fixed_reference_ppa,SANTIAGO DE CAO 138,1,26.62,26.62,26.62,0,0,0,0.0,50000,Prima de estrés,0.0,22.63,Sensible
mining_continuous_load,fixed_reference_ppa,AGUAYTIA 220,36,26.59,34.56,38.96,0,0,0,0.0,50000,Nivel de precio,0.0,26.45,Variable
mining_continuous_load,fixed_reference_ppa,CHARCANI I 33,36,26.59,34.36,37.2,0,0,0,0.0,50000,Nivel de precio,0.0,26.14,Variable
mining_continuous_load,fixed_reference_ppa,SAN JOSE 500,36,26.52,33.98,37.65,0,0,0,0.0,50000,Nivel de precio,0.0,26.07,Variable
mining_continuous_load,fixed_reference_ppa,PUERTO BRAVO 500,36,26.42,34.02,37.29,0,0,0,0.0,50000,Nivel de precio,0.0,25.99,Variable
mining_continuous_load,fixed_reference_ppa,PUERTO BRAVO 18,36,26.34,33.78,37.21,0,0,0,0.0,50000,Nivel de precio,0.0,25.88,Variable
mining_continuous_load,fixed_reference_ppa,SAN NICOLAS 13.8,36,26.23,32.88,41.27,0,0,0,0.0,50000,Prima de estrés,0.0,26.22,Variable
mining_continuous_load,fixed_reference_ppa,HUALLANCA 138,36,26.23,33.9,38.25,0,0,0,0.0,50000,Nivel de precio,0.0,26.02,Variable
mining_continuous_load,fixed_reference_ppa,SAN MARTIN 220,9,26.04,30.85,31.53,0,0,0,0.0,50000,Volatilidad,0.0,24.16,Variable
mining_continuous_load,fixed_reference_ppa,HUANUCO 138,36,25.85,33.51,36.32,0,0,0,0.0,50000,Nivel de precio,0.0,25.46,Variable
mining_continuous_load,fixed_reference_ppa,CARHUAQUERO 10_S,24,25.8,35.51,38.08,0,0,0,0.0,50000,Nivel de precio,0.0,26.2,Variable
mining_continuous_load,fixed_reference_ppa,PARAMONGA NUEVA 220,36,25.6,32.84,36.84,0,0,0,0.0,50000,Ventanas críticas,0.0,25.26,Variable
mining_continuous_load,fixed_reference_ppa,PIEDRA BLANCA 34.5,36,25.6,32.71,35.94,0,0,0,0.0,50000,Nivel de precio,0.0,25.09,Variable
mining_continuous_load,fixed_reference_ppa,CHARCANI IV 33,36,25.46,33.36,36.76,0,0,0,0.0,50000,Ventanas críticas,0.0,25.31,Variable
mining_continuous_load,fixed_reference_ppa,PARAMONGA NUEVA 138,36,25.42,32.88,37.08,0,0,0,0.0,50000,Ventanas críticas,0.0,25.22,Variable
mining_continuous_load,fixed_reference_ppa,VIZCARRA 220,36,25.34,33.7,40.0,0,0,0,0.0,50000,Ventanas críticas,0.0,25.83,Variable
mining_continuous_load,fixed_reference_ppa,PARAMONGA EXISTENTE 138,36,25.34,32.78,36.99,0,0,0,0.0,50000,Ventanas críticas,0.0,25.15,Variable
mining_continuous_load,fixed_reference_ppa,COTARUSE 220,36,25.29,32.44,38.37,0,0,0,0.0,50000,Ventanas críticas,0.0,25.25,Variable
mining_continuous_load,fixed_reference_ppa,MEDIO MUNDO 220,36,25.25,32.33,37.17,0,0,0,0.0,50000,Ventanas críticas,0.0,25.02,Variable
mining_continuous_load,fixed_reference_ppa,SUNNY 220,4,25.04,30.84,32.53,0,0,0,0.0,50000,Volatilidad,0.0,23.86,Variable
mining_continuous_load,fixed_reference_ppa,OQUENDO 60,36,24.97,31.3,38.88,0,0,0,0.0,50000,Ventanas críticas,0.0,24.89,Variable
mining_continuous_load,fixed_reference_ppa,SAN GABAN 138,36,24.84,34.51,40.58,0,0,0,0.0,50000,Ventanas críticas,0.0,25.89,Variable
mining_continuous_load,fixed_reference_ppa,TUPURI 22.9,36,24.82,34.9,41.13,0,0,0,0.0,50000,Ventanas críticas,0.0,26.06,Variable
mining_continuous_load,fixed_reference_ppa,HUACHO 220,36,24.32,30.63,36.42,0,0,0,0.0,50000,Ventanas críticas,0.0,24.06,Variable
mining_continuous_load,fixed_reference_ppa,PACHACHACA50,36,24.21,31.29,33.5,0,0,0,0.0,50000,Ventanas críticas,0.0,23.74,Variable
mining_continuous_load,fixed_reference_ppa,LOMERA 220,36,24.19,31.1,36.97,0,0,0,0.0,50000,Ventanas críticas,0.0,24.21,Variable
mining_continuous_load,fixed_reference_ppa,MARCONA 220,36,24.01,30.6,34.49,0,0,0,0.0,50000,Ventanas críticas,0.0,23.63,Variable
mining_continuous_load,fixed_reference_ppa,POROMA 220,36,23.98,30.38,33.91,0,0,0,0.0,50000,Ventanas críticas,0.0,23.47,Variable
mining_continuous_load,fixed_reference_ppa,ZAPALLAL 220,36,23.63,28.98,37.84,0,0,0,0.0,50000,Ventanas críticas,0.0,23.55,Variable
mining_continuous_load,fixed_reference_ppa,CHAVARRIA 220,36,23.58,29.06,38.37,0,0,0,0.0,50000,Ventanas críticas,0.0,23.63,Variable
mining_continuous_load,fixed_reference_ppa,SANTA TERESA 220,36,23.53,31.51,37.19,0,0,0,0.0,50000,Ventanas críticas,0.0,24.04,Variable
mining_continuous_load,fixed_reference_ppa,VENTANILLA 220,36,23.32,28.57,38.05,0,0,0,0.0,50000,Ventanas críticas,0.0,23.34,Variable
mining_continuous_load,fixed_reference_ppa,CARABAYLLO 220,36,23.32,28.73,37.63,0,0,0,0.0,50000,Ventanas críticas,0.0,23.32,Variable
mining_continuous_load,fixed_reference_ppa,INDEPENDENCIA 60,36,22.93,28.39,36.5,0,0,0,0.0,50000,Ventanas críticas,0.0,22.89,Variable
mining_continuous_load,fixed_reference_ppa,CT PISCO 60,36,22.93,28.39,36.5,0,0,0,0.0,50000,Ventanas críticas,0.0,22.89,Variable
mining_continuous_load,fixed_reference_ppa,ICA 220,36,22.77,28.44,36.84,0,0,0,0.0,50000,Ventanas críticas,0.0,22.88,Variable
mining_continuous_load,fixed_reference_ppa,CHEVES 220,36,22.65,29.6,35.02,0,0,0,0.0,50000,Ventanas críticas,0.0,22.85,Variable
mining_continuous_load,fixed_reference_ppa,CAJAMARQUILLA 220,36,22.62,27.27,37.29,0,0,0,0.0,50000,Ventanas críticas,0.0,22.59,Variable
mining_continuous_load,fixed_reference_ppa,MARAÑON 60,36,22.61,31.59,37.31,0,0,0,0.0,50000,Ventanas críticas,0.0,23.67,Variable
mining_continuous_load,fixed_reference_ppa,INDUSTRIALES 220,36,22.58,27.69,35.19,0,0,0,0.0,50000,Ventanas críticas,0.0,22.36,Variable
mining_continuous_load,fixed_reference_ppa,PLANICIE 220,36,22.51,27.42,30.07,0,0,0,0.0,50000,Ventanas críticas,0.0,21.49,Variable
mining_continuous_load,fixed_reference_ppa,CT INDEPENDENCIA 60,36,22.47,27.64,36.03,0,0,0,0.0,50000,Ventanas críticas,0.0,22.43,Variable
mining_continuous_load,fixed_reference_ppa,PARAGSHA2 138,36,22.32,29.37,33.02,0,0,0,0.0,50000,Ventanas críticas,0.0,22.34,Variable
mining_continuous_load,fixed_reference_ppa,CHEVES 13.8,36,22.28,29.22,34.13,0,0,0,0.0,50000,Ventanas críticas,0.0,22.45,Variable
mining_continuous_load,fixed_reference_ppa,MARCONA 60,27,22.2,27.62,29.19,0,0,2,0.0,50000,Ventanas críticas,0.0,21.28,Variable
mining_continuous_load,fixed_reference_ppa,MACHUPICCHU 138,36,22.12,30.7,35.75,0,0,0,0.0,50000,Ventanas críticas,0.0,22.99,Variable
mining_continuous_load,fixed_reference_ppa,SANTA ROSA 220,36,22.08,27.17,38.47,0,0,0,0.0,50000,Ventanas críticas,0.0,22.5,Variable
mining_continuous_load,fixed_reference_ppa,INDEPENDENCIA 220,36,22.08,27.87,36.75,0,0,0,0.0,50000,Ventanas críticas,0.0,22.41,Variable
mining_continuous_load,fixed_reference_ppa,CARAPONGO 220,36,22.08,26.91,36.86,0,0,0,0.0,50000,Ventanas críticas,0.0,22.19,Variable
mining_continuous_load,fixed_reference_ppa,CAHUA138,36,22.0,30.73,37.09,0,0,0,0.0,50000,Ventanas críticas,0.0,23.14,Variable
mining_continuous_load,fixed_reference_ppa,NAZCA NUEVA 220,23,21.82,27.05,27.52,0,0,0,0.0,50000,Ventanas críticas,0.0,20.71,Variable
mining_continuous_load,fixed_reference_ppa,FLAMENCO 220,26,21.56,26.36,28.55,0,0,0,0.0,50000,Ventanas críticas,0.0,20.57,Variable
mining_continuous_load,fixed_reference_ppa,ERSUR 220,26,21.44,26.29,28.52,0,0,0,0.0,50000,Ventanas críticas,0.0,20.5,Variable
mining_continuous_load,fixed_reference_ppa,PARAGSHA2 220,36,21.29,29.05,32.75,0,0,0,0.0,50000,Ventanas críticas,0.0,21.76,Variable
mining_continuous_load,fixed_reference_ppa,PUNTA LOMITAS II,36,21.07,25.81,27.8,0,0,0,0.0,50000,Ventanas críticas,0.0,20.1,Variable
mining_continuous_load,fixed_reference_ppa,CHINCHA NUEVA 220,23,21.04,28.22,35.58,0,0,0,0.0,50000,Ventanas críticas,0.0,21.86,Variable
mining_continuous_load,fixed_reference_ppa,PUNTA LOMITAS I,36,20.99,26.04,27.35,0,0,0,0.0,50000,Ventanas críticas,0.0,20.06,Variable
mining_continuous_load,fixed_reference_ppa,CALLAHUANCA EDEGEL 220,36,20.65,25.93,34.48,0,0,0,0.0,50000,Ventanas críticas,0.0,20.95,Variable
mining_continuous_load,fixed_reference_ppa,DESIERTO 220,35,20.63,25.93,34.81,0,0,0,0.0,50000,Ventanas críticas,0.0,20.99,Variable
mining_continuous_load,fixed_reference_ppa,CANTERA 220,36,20.61,26.42,35.03,0,0,0,0.0,50000,Ventanas críticas,0.0,21.13,Variable
mining_continuous_load,fixed_reference_ppa,HUANCHOR 50,36,20.56,30.38,39.12,0,0,0,0.0,50000,Ventanas críticas,0.0,22.71,Variable
mining_continuous_load,fixed_reference_ppa,HUAMPANI 60,36,20.32,25.86,36.25,0,0,0,0.0,50000,Ventanas críticas,0.0,21.04,Variable
mining_continuous_load,fixed_reference_ppa,HUINCO 220,36,20.3,25.33,36.44,0,0,0,0.0,50000,Ventanas críticas,0.0,20.93,Variable
mining_continuous_load,fixed_reference_ppa,HUANZA 220,36,20.29,26.17,34.65,0,0,0,0.0,50000,Ventanas críticas,0.0,20.87,Variable
mining_continuous_load,fixed_reference_ppa,OROYA NUEVA 220,36,20.25,26.05,29.15,0,0,0,0.0,50000,Ventanas críticas,0.0,20.0,Variable
mining_continuous_load,fixed_reference_ppa,CARHUAMAYO 138,36,20.23,28.51,32.3,0,0,0,0.0,50000,Ventanas críticas,0.0,21.07,Variable
mining_continuous_load,fixed_reference_ppa,POMACOCHA 220,36,20.13,25.16,28.2,0,0,0,0.0,50000,Ventanas críticas,0.0,19.58,Variable
mining_continuous_load,fixed_reference_ppa,SAN JUAN 220,36,20.01,25.65,28.08,0,0,0,0.0,50000,Ventanas críticas,0.0,19.63,Variable
mining_continuous_load,fixed_reference_ppa,SANTA ANA 138,6,19.92,25.52,28.34,0,0,0,0.0,50000,Ventanas críticas,0.0,19.6,Variable
mining_continuous_load,fixed_reference_ppa,CHILCA500,36,19.92,24.0,30.86,0,0,0,0.0,50000,Ventanas críticas,0.0,19.59,Variable
mining_continuous_load,fixed_reference_ppa,PACHACHACA 220,36,19.77,24.57,27.93,0,0,0,0.0,50000,Ventanas críticas,0.0,19.23,Variable
mining_continuous_load,fixed_reference_ppa,OLLEROS 500,36,19.63,23.69,30.23,0,0,0,0.0,50000,Ventanas críticas,0.0,19.29,Variable
mining_continuous_load,fixed_reference_ppa,SANTA ISABEL 220,36,19.4,27.13,32.02,0,0,0,0.0,50000,Ventanas críticas,0.0,20.32,Variable
mining_continuous_load,fixed_reference_ppa,FENIX 500,36,19.32,23.48,31.01,0,0,0,0.0,50000,Ventanas críticas,0.0,19.22,Variable
mining_continuous_load,fixed_reference_ppa,MATUCANA 220,36,19.3,24.01,33.25,0,0,0,0.0,50000,Ventanas críticas,0.0,19.68,Variable
mining_continuous_load,fixed_reference_ppa,OROYA NUEVA 50,36,19.07,24.67,30.2,0,0,0,0.0,50000,Ventanas críticas,0.0,19.28,Variable
mining_continuous_load,fixed_reference_ppa,CHAGLLA 220,36,18.93,28.91,30.96,0,0,0,0.0,50000,Ventanas críticas,0.0,20.39,Variable
mining_continuous_load,fixed_reference_ppa,YANANGO 220,36,18.92,24.46,26.99,0,0,0,0.0,50000,Ventanas críticas,0.0,18.67,Variable
mining_continuous_load,fixed_reference_ppa,ALTO PRADERAS 220,36,18.84,25.08,29.55,0,0,0,0.0,50000,Ventanas críticas,0.0,19.18,Variable
mining_continuous_load,fixed_reference_ppa,CONDORCOCHA 44,36,18.76,26.45,31.26,0,0,0,0.0,50000,Ventanas críticas,0.0,19.74,Variable
mining_continuous_load,fixed_reference_ppa,CHIRIBAMBA 220,22,18.71,25.06,32.86,0,0,0,0.0,50000,Ventanas críticas,0.0,19.62,Variable
mining_continuous_load,fixed_reference_ppa,ASIA 220,36,18.69,24.77,34.32,0,0,0,0.0,50000,Ventanas críticas,0.0,19.75,Variable
mining_continuous_load,fixed_reference_ppa,MOYOPAMPA 60,36,18.68,23.11,26.37,0,0,0,0.0,50000,Ventanas críticas,0.0,18.14,Variable
mining_continuous_load,fixed_reference_ppa,CONDORCOCHA 138,36,18.43,26.1,31.16,0,0,0,0.0,50000,Ventanas críticas,0.0,19.49,Variable
mining_continuous_load,fixed_reference_ppa,CARIPA 138,36,18.17,25.68,30.48,0,0,0,0.0,50000,Ventanas críticas,0.0,19.17,Variable
mining_continuous_load,fixed_reference_ppa,CS COENERGY 22.9,1,17.98,17.98,17.98,0,0,0,0.0,50000,Volatilidad,0.0,15.28,Variable
mining_continuous_load,fixed_reference_ppa,CH OROYA 50,36,17.63,22.49,29.12,0,0,0,0.0,50000,Ventanas críticas,0.0,17.93,Variable
mining_continuous_load,fixed_reference_ppa,YAUPI 138,36,17.53,25.07,31.65,0,0,0,0.0,50000,Ventanas críticas,0.0,18.9,Variable
mining_continuous_load,fixed_reference_ppa,HUAYUCACHI 220,36,17.52,21.89,26.43,0,0,0,0.0,50000,Ventanas críticas,0.0,17.32,Variable
mining_continuous_load,fixed_reference_ppa,CHIMAY 220,36,17.3,22.59,23.74,0,0,0,0.0,50000,Ventanas críticas,0.0,16.99,Variable
mining_continuous_load,fixed_reference_ppa,CHILCA UNO 220,36,17.18,21.68,25.56,0,0,0,0.0,50000,Ventanas críticas,0.0,16.99,Variable
mining_continuous_load,fixed_reference_ppa,HUANCAVELICA 220,36,17.03,21.36,27.88,0,0,0,0.0,50000,Ventanas críticas,0.0,17.19,Variable
mining_continuous_load,fixed_reference_ppa,CALLAHUANCA 60,36,16.85,21.92,32.35,0,0,0,0.0,50000,Ventanas críticas,0.0,17.91,Variable
mining_continuous_load,fixed_reference_ppa,LAS FLORES 220,36,16.78,20.92,24.6,0,0,0,0.0,50000,Ventanas críticas,0.0,16.47,Variable
mining_continuous_load,fixed_reference_ppa,YAUPI13.8,36,16.74,23.78,30.98,0,0,0,0.0,50000,Ventanas críticas,0.0,18.13,Variable
mining_continuous_load,fixed_reference_ppa,LA VIRGEN 138,36,16.74,23.88,29.25,0,0,0,0.0,50000,Ventanas críticas,0.0,17.89,Variable
mining_continuous_load,fixed_reference_ppa,CERRO DEL AGUILA 220,36,16.62,21.63,24.31,0,0,0,0.0,50000,Ventanas críticas,0.0,16.54,Variable
mining_continuous_load,fixed_reference_ppa,CHILCA DOS 13.8,36,16.33,20.98,24.26,0,0,0,0.0,50000,Ventanas críticas,0.0,16.23,Variable
mining_continuous_load,fixed_reference_ppa,YARUCAYA 13.8,36,15.92,21.06,32.79,0,0,0,0.0,50000,Ventanas críticas,0.0,17.35,Variable
mining_continuous_load,fixed_reference_ppa,CHILCA REP 220,36,15.87,21.15,23.68,0,0,0,0.0,50000,Ventanas críticas,0.0,15.98,Variable
mining_continuous_load,fixed_reference_ppa,CORACORA 60,4,15.54,24.09,28.51,0,0,4,0.0,50000,Prima de estrés,0.0,17.29,Variable
mining_continuous_load,fixed_reference_ppa,CAMPO ARMIÑO 220,36,15.27,19.27,21.61,0,0,0,0.0,50000,Ventanas críticas,0.0,14.93,Variable
mining_continuous_load,fixed_reference_ppa,MALPASO 50,36,15.23,20.48,25.3,0,0,0,0.0,50000,Ventanas críticas,0.0,15.77,Variable
mining_continuous_load,fixed_reference_ppa,NAZCA 22.9,4,15.13,23.63,28.12,0,0,4,0.0,50000,Prima de estrés,0.0,16.93,Variable
mining_continuous_load,fixed_reference_ppa,RESTITUCIÓN 220,36,14.79,18.76,20.95,0,0,0,0.0,50000,Ventanas críticas,0.0,14.49,Variable
mining_continuous_load,fixed_reference_ppa,LLIPATA 60,4,14.58,23.18,27.99,0,0,4,0.0,50000,Prima de estrés,0.0,16.56,Variable
mining_continuous_load,fixed_reference_ppa,PLATANAL 220,36,13.42,17.39,20.13,0,0,0,0.0,50000,Ventanas críticas,0.0,13.41,Variable
mining_continuous_load,fixed_reference_ppa,ALTO LA LUNA 10,14,11.88,15.47,17.01,0,0,11,0.0,50000,Prima de estrés,0.0,11.77,Variable
mining_continuous_load,fixed_reference_ppa,ALTO LA LUNA 60,14,11.58,14.94,16.52,0,0,11,0.0,50000,Prima de estrés,0.0,11.42,Variable
mining_continuous_load,fixed_reference_ppa,PISCO 10,14,11.36,14.58,15.98,0,0,11,0.0,50000,Prima de estrés,0.0,11.15,Variable
mining_continuous_load,fixed_reference_ppa,VILLACURI 22.9,14,11.28,14.8,16.77,0,0,11,0.0,50000,Prima de estrés,0.0,11.29,Variable
mining_continuous_load,fixed_reference_ppa,PARACAS 22,14,11.2,14.79,19.72,0,0,11,0.0,50000,Prima de estrés,0.0,11.7,Variable
mining_continuous_load,fixed_reference_ppa,PARACAS 10,14,11.13,14.8,19.89,0,0,11,0.0,50000,Prima de estrés,0.0,11.69,Variable
mining_continuous_load,fixed_reference_ppa,VILLACURI 60,14,10.5,13.34,15.69,0,0,11,0.0,50000,Prima de estrés,0.0,10.41,Variable
mining_continuous_load,fixed_reference_ppa,TAMBO DE MORA 10,5,10.49,13.8,16.72,0,0,4,0.0,50000,Prima de estrés,0.0,10.68,Variable
mining_continuous_load,fixed_reference_ppa,PEDREGAL 10,5,10.0,13.41,16.16,0,0,4,0.0,50000,Prima de estrés,0.0,10.27,Variable
mining_continuous_load,fixed_reference_ppa,INDEPENDENCIA 10,14,9.59,12.04,17.22,0,0,11,0.0,50000,Prima de estrés,0.0,9.91,Variable
mining_continuous_load,fixed_reference_ppa,PUEBLO NUEVO 10,5,9.5,11.74,12.4,0,0,4,0.0,50000,Prima de estrés,0.0,9.07,Variable
mining_continuous_load,fixed_reference_ppa,CHALA 60,1,8.92,8.92,8.92,0,0,1,0.0,50000,Prima de estrés,0.0,7.58,Variable
mining_continuous_load,fixed_reference_ppa,BELLA UNION 60,1,8.49,8.49,8.49,0,0,1,0.0,50000,Prima de estrés,0.0,7.21,Variable
mining_continuous_load,fixed_reference_ppa,JAHUAY 60,1,7.97,7.97,7.97,0,0,1,0.0,50000,Prima de estrés,0.0,6.77,Variable
mining_continuous_load,fixed_reference_ppa,FUNSUR 60,1,7.86,7.86,7.86,0,0,1,0.0,50000,Prima de estrés,0.0,6.68,Variable
mining_continuous_load,fixed_reference_ppa,MINA 60,1,7.29,7.29,7.29,0,0,1,0.0,50000,Prima de estrés,0.0,6.2,Variable
mining_continuous_load,fixed_reference_ppa,HUARANGO 60,1,6.77,6.77,6.77,0,0,1,0.0,50000,Prima de estrés,0.0,5.76,Variable
mining_continuous_load,fixed_reference_ppa,LOMAS 60,1,6.77,6.77,6.77,0,0,1,0.0,50000,Prima de estrés,0.0,5.76,Variable
mining_continuous_load,full_spot_exposure,HUAYLLACHO 15,36,67.3,77.66,79.91,0,21,0,1.0,50000,Nivel de precio,0.583,70.44,Estable
mining_continuous_load,full_spot_exposure,PLANTAETANOL 60,36,67.25,77.23,79.32,0,22,0,1.0,50000,Nivel de precio,0.611,70.64,Estable
mining_continuous_load,full_spot_exposure,SAN IGNACIO 15,36,67.1,77.27,79.71,0,21,0,1.0,50000,Nivel de precio,0.583,70.22,Estable
mining_continuous_load,full_spot_exposure,SAN ANTONIO 15,36,67.08,77.27,79.71,0,21,0,1.0,50000,Nivel de precio,0.583,70.21,Estable
mining_continuous_load,full_spot_exposure,ZORRITOS 220,36,66.82,77.63,78.89,0,22,0,1.0,50000,Nivel de precio,0.611,70.48,Estable
mining_continuous_load,full_spot_exposure,NCTUMBES60,36,66.65,77.75,79.03,0,20,0,1.0,50000,Nivel de precio,0.556,69.62,Estable
mining_continuous_load,full_spot_exposure,MISAPUQUIO 33,36,66.34,76.29,79.5,0,20,0,1.0,50000,Nivel de precio,0.556,69.18,Estable
mining_continuous_load,full_spot_exposure,TINTAYA EXISTENTE 138,36,66.2,76.58,79.53,0,20,0,1.0,50000,Nivel de precio,0.556,69.2,Estable
mining_continuous_load,full_spot_exposure,GE1 33,36,65.86,76.55,77.63,0,20,0,1.0,50000,Nivel de precio,0.556,68.75,Estable
mining_continuous_load,full_spot_exposure,TINTAYA NUEVA 220,36,65.86,75.98,79.23,0,18,0,1.0,50000,Nivel de precio,0.5,68.02,Estable
mining_continuous_load,full_spot_exposure,PIURA OESTE 220,36,65.44,75.21,78.42,0,19,0,1.0,50000,Nivel de precio,0.528,67.93,Estable
mining_continuous_load,full_spot_exposure,TALARA 220,36,65.41,75.36,77.55,0,19,0,1.0,50000,Nivel de precio,0.528,67.83,Estable
mining_continuous_load,full_spot_exposure,BELAUNDE 138,36,65.31,75.17,78.04,0,21,0,1.0,50000,Nivel de precio,0.583,68.64,Estable
mining_continuous_load,full_spot_exposure,GALLITO CIEGO 60,36,65.3,75.31,77.63,0,20,0,1.0,50000,Nivel de precio,0.556,68.19,Estable
mining_continuous_load,full_spot_exposure,TALARA13.2,36,65.06,75.56,77.57,0,18,0,1.0,50000,Nivel de precio,0.5,67.3,Estable
mining_continuous_load,full_spot_exposure,VALLE DEL CHIRA 220,14,63.3,72.03,75.97,0,6,0,1.0,50000,Nivel de precio,0.429,64.32,Estable
mining_continuous_load,full_spot_exposure,PARIAC 66,36,62.24,73.19,76.28,0,15,0,1.0,50000,Nivel de precio,0.417,64.0,Estable
mining_continuous_load,full_spot_exposure,JULIACA10,36,61.23,72.17,74.65,0,14,0,1.0,50000,Nivel de precio,0.389,62.63,Estable
mining_continuous_load,full_spot_exposure,JAEN 138,24,60.4,70.08,75.72,0,7,0,1.0,50000,Nivel de precio,0.292,60.43,Estable
mining_continuous_load,full_spot_exposure,TOCACHE 138,36,57.68,66.55,72.46,0,7,0,1.0,50000,Nivel de precio,0.194,56.38,Estable
mining_continuous_load,full_spot_exposure,JULIACA 138,36,56.65,67.55,70.17,0,8,0,1.0,50000,Nivel de precio,0.222,56.24,Estable
mining_continuous_load,full_spot_exposure,CALLALLI 138,36,56.28,66.66,70.36,0,7,0,1.0,50000,Nivel de precio,0.194,55.46,Estable
mining_continuous_load,full_spot_exposure,GUADALUPE 60,36,56.18,65.24,67.41,0,5,0,1.0,50000,Nivel de precio,0.139,53.78,Estable
mining_continuous_load,full_spot_exposure,ILO1 138,36,54.84,63.66,67.58,0,3,0,1.0,50000,Nivel de precio,0.083,51.98,Estable
mining_continuous_load,full_spot_exposure,TOQUEPALA 138,36,54.58,63.01,67.52,0,2,0,1.0,50000,Nivel de precio,0.056,51.28,Estable
mining_continuous_load,full_spot_exposure,LA BREA 220,21,54.45,65.97,69.46,0,3,0,1.0,50000,Nivel de precio,0.143,53.56,Estable
mining_continuous_load,full_spot_exposure,PUNO 138,36,54.31,64.74,68.06,0,3,0,1.0,50000,Nivel de precio,0.083,52.08,Estable
mining_continuous_load,full_spot_exposure,ILO ELP 138,36,54.3,63.12,67.12,0,1,0,1.0,50000,Nivel de precio,0.028,50.7,Estable
mining_continuous_load,full_spot_exposure,AYAVIRI 138,36,54.28,65.71,68.61,0,5,0,1.0,50000,Nivel de precio,0.139,53.23,Estable
mining_continuous_load,full_spot_exposure,CHICLAYO 220,36,53.95,62.76,65.66,0,2,0,1.0,50000,Nivel de precio,0.056,50.65,Estable
mining_continuous_load,full_spot_exposure,ARICOTA2 138,36,53.88,62.67,66.81,0,2,0,1.0,50000,Nivel de precio,0.056,50.77,Estable
mining_continuous_load,full_spot_exposure,PUNO 220,36,53.85,64.43,67.61,0,3,0,1.0,50000,Nivel de precio,0.083,51.73,Estable
mining_continuous_load,full_spot_exposure,BOTIFLACA 138,36,53.64,62.37,66.66,0,1,0,1.0,50000,Nivel de precio,0.028,50.15,Estable
mining_continuous_load,full_spot_exposure,PLANTA CASA GRANDE 13.8,1,53.54,53.54,53.54,0,0,0,1.0,50000,Nivel de precio,0.0,45.51,Sensible
mining_continuous_load,full_spot_exposure,CT ETEN 220,36,53.53,61.93,65.09,0,2,0,1.0,50000,Nivel de precio,0.056,50.17,Estable
mining_continuous_load,full_spot_exposure,RECKA 220,36,53.51,62.02,64.81,0,0,0,1.0,50000,Nivel de precio,0.0,49.31,Estable
mining_continuous_load,full_spot_exposure,ETEN 18,36,53.46,61.91,65.09,0,1,0,1.0,50000,Nivel de precio,0.028,49.71,Estable
mining_continuous_load,full_spot_exposure,RECKA 18,36,53.45,62.02,64.74,0,0,0,1.0,50000,Nivel de precio,0.0,49.27,Estable
mining_continuous_load,full_spot_exposure,ARICOTA 66,36,53.4,62.26,66.36,0,1,0,1.0,50000,Nivel de precio,0.028,49.97,Estable
mining_continuous_load,full_spot_exposure,CHILINA 33,36,53.39,64.17,66.44,0,1,0,1.0,50000,Nivel de precio,0.028,50.45,Estable
mining_continuous_load,full_spot_exposure,MOLLENDO 138,36,53.21,64.37,67.9,0,4,0,1.0,50000,Nivel de precio,0.111,51.89,Estable
mining_continuous_load,full_spot_exposure,LA NIÑA 220,36,53.15,61.64,65.24,0,2,0,1.0,50000,Nivel de precio,0.056,49.95,Estable
mining_continuous_load,full_spot_exposure,CACLIC 220,36,53.13,62.96,65.42,0,1,0,1.0,50000,Nivel de precio,0.028,49.88,Estable
mining_continuous_load,full_spot_exposure,AZANGARO 138,36,52.86,65.32,67.76,0,5,0,1.0,50000,Nivel de precio,0.139,52.36,Estable
mining_continuous_load,full_spot_exposure,ARICOTA1 66,36,52.79,61.52,65.35,0,1,0,1.0,50000,Nivel de precio,0.028,49.35,Variable
mining_continuous_load,full_spot_exposure,PUERTO MALDONADO 10,36,52.77,66.56,68.79,0,7,0,1.0,50000,Nivel de precio,0.194,53.62,Estable
mining_continuous_load,full_spot_exposure,LOS HEROES 66,36,52.76,61.29,65.38,0,1,0,1.0,50000,Nivel de precio,0.028,49.29,Variable
mining_continuous_load,full_spot_exposure,CHILINA 138,36,52.62,62.08,66.34,0,1,0,1.0,50000,Nivel de precio,0.028,49.56,Variable
mining_continuous_load,full_spot_exposure,COMBAPATA 138,36,52.4,63.98,65.59,0,1,0,1.0,50000,Nivel de precio,0.028,49.83,Estable
mining_continuous_load,full_spot_exposure,GUADALUPE 220,36,52.4,60.84,64.13,0,0,0,1.0,50000,Nivel de precio,0.0,48.41,Estable
mining_continuous_load,full_spot_exposure,REPARTICIÓN 138,36,52.35,63.42,66.82,0,1,0,1.0,50000,Nivel de precio,0.028,49.85,Estable
mining_continuous_load,full_spot_exposure,PUCALLPA 60,36,52.22,60.99,68.46,0,2,0,1.0,50000,Nivel de precio,0.056,49.85,Estable
mining_continuous_load,full_spot_exposure,CT PLANTA PUCALLPA 60,36,52.17,60.85,68.34,0,2,0,1.0,50000,Nivel de precio,0.056,49.77,Estable
mining_continuous_load,full_spot_exposure,LOS HEROES 220,36,52.17,60.74,64.62,0,0,0,1.0,50000,Nivel de precio,0.0,48.35,Variable
mining_continuous_load,full_spot_exposure,PUERTO MALDONADO 138,36,52.11,66.15,69.74,0,6,0,1.0,50000,Nivel de precio,0.167,52.95,Estable
mining_continuous_load,full_spot_exposure,CERRO VERDE 138,36,51.8,61.5,64.82,0,0,0,1.0,50000,Nivel de precio,0.0,48.41,Variable
mining_continuous_load,full_spot_exposure,CUTERVO 138,36,51.78,62.15,65.94,0,1,0,1.0,50000,Nivel de precio,0.028,49.14,Estable
mining_continuous_load,full_spot_exposure,PUCALLPA 138,36,51.57,60.37,67.8,0,2,0,1.0,50000,Nivel de precio,0.056,49.3,Estable
mining_continuous_load,full_spot_exposure,MOQUEGUA 138,36,51.33,60.16,63.84,0,0,0,1.0,50000,Nivel de precio,0.0,47.72,Variable
mining_continuous_load,full_spot_exposure,SANTUARIO 138,36,51.02,61.28,64.93,0,0,0,1.0,50000,Nivel de precio,0.0,48.02,Variable
mining_continuous_load,full_spot_exposure,MOQUEGUA 220,36,50.95,59.7,63.26,0,0,0,1.0,50000,Nivel de precio,0.0,47.34,Variable
mining_continuous_load,full_spot_exposure,SOCABAYA 138,36,50.76,60.4,64.18,0,0,0,1.0,50000,Nivel de precio,0.0,47.57,Variable
mining_continuous_load,full_spot_exposure,ILO2 220,36,50.63,59.03,63.01,0,0,0,1.0,50000,Nivel de precio,0.0,46.99,Variable
mining_continuous_load,full_spot_exposure,PLANTA SAN JACINTO 13.8,36,50.57,59.06,63.04,0,0,0,1.0,50000,Nivel de precio,0.0,46.98,Variable
mining_continuous_load,full_spot_exposure,CAJAMARCA 220,36,50.38,59.78,62.14,0,0,0,1.0,50000,Nivel de precio,0.0,46.94,Variable
mining_continuous_load,full_spot_exposure,SOCABAYA 220,36,50.34,59.87,63.44,0,0,0,1.0,50000,Nivel de precio,0.0,47.14,Variable
mining_continuous_load,full_spot_exposure,CHARCANI VI 33,36,50.27,59.85,61.73,0,0,0,1.0,50000,Nivel de precio,0.0,46.85,Variable
mining_continuous_load,full_spot_exposure,AGROLMOS 60,6,50.26,60.37,61.85,0,0,0,1.0,50000,Nivel de precio,0.0,46.99,Variable
mining_continuous_load,full_spot_exposure,TRUJILLO 220,36,50.07,58.55,63.45,0,0,0,1.0,50000,Nivel de precio,0.0,46.68,Variable
mining_continuous_load,full_spot_exposure,MONTALVO 220,36,49.92,58.92,62.78,0,0,0,1.0,50000,Nivel de precio,0.0,46.61,Variable
mining_continuous_load,full_spot_exposure,CARHUAQUERO 220,36,49.29,60.11,62.83,0,0,0,1.0,50000,Nivel de precio,0.0,46.63,Variable
mining_continuous_load,full_spot_exposure,S.E. ILO4 500,36,49.12,57.6,61.66,0,0,0,1.0,50000,Nivel de precio,0.0,45.75,Variable
mining_continuous_load,full_spot_exposure,RUBI 220,33,48.52,57.72,62.59,0,0,0,1.0,50000,Volatilidad,0.0,45.65,Variable
mining_continuous_load,full_spot_exposure,SAN JOSE 500,36,48.32,56.94,61.05,0,0,0,1.0,50000,Nivel de precio,0.0,45.14,Variable
mining_continuous_load,full_spot_exposure,HUALLIN60,21,48.26,60.55,62.6,0,0,0,1.0,50000,Nivel de precio,0.0,46.25,Sensible
mining_continuous_load,full_spot_exposure,PUERTO BRAVO 500,36,48.18,56.98,60.64,0,0,0,1.0,50000,Nivel de precio,0.0,45.02,Variable
mining_continuous_load,full_spot_exposure,PUERTO BRAVO 18,36,48.06,56.94,60.52,0,0,0,1.0,50000,Nivel de precio,0.0,44.94,Variable
mining_continuous_load,full_spot_exposure,AUCAYACU 138,36,47.96,59.44,64.29,0,0,0,1.0,50000,Nivel de precio,0.0,46.09,Variable
mining_continuous_load,full_spot_exposure,DUNA HUAMBOS 34.5,31,47.7,60.0,65.35,0,1,0,1.0,50000,Nivel de precio,0.032,46.75,Variable
mining_continuous_load,full_spot_exposure,CHAPARRAL 138,18,47.63,57.26,61.12,0,0,0,1.0,50000,Volatilidad,0.0,44.92,Variable
mining_continuous_load,full_spot_exposure,CARHUAQUERO 10_S,24,47.55,59.29,61.93,0,0,0,1.0,50000,Nivel de precio,0.0,45.51,Variable
mining_continuous_load,full_spot_exposure,CHIMBOTE1 138,36,47.45,57.55,62.09,0,0,0,1.0,50000,Nivel de precio,0.0,45.05,Variable
mining_continuous_load,full_spot_exposure,BIOENERGIA 13.8,36,47.22,60.25,65.66,0,1,0,1.0,50000,Nivel de precio,0.028,46.58,Variable
mining_continuous_load,full_spot_exposure,LA RAMADA 220,36,47.18,58.5,60.47,0,0,0,1.0,50000,Nivel de precio,0.0,44.93,Variable
mining_continuous_load,full_spot_exposure,CHARCANI I 33,36,46.64,57.93,61.21,0,0,0,1.0,50000,Nivel de precio,0.0,44.65,Variable
mining_continuous_load,full_spot_exposure,QUENCORO 138,36,46.49,59.89,62.29,0,0,0,1.0,50000,Nivel de precio,0.0,45.24,Variable
mining_continuous_load,full_spot_exposure,CHIMBOTE1 220,36,46.46,57.3,62.25,0,0,0,1.0,50000,Nivel de precio,0.0,44.57,Variable
mining_continuous_load,full_spot_exposure,DOLORESPATA 138,36,46.22,59.63,62.12,0,0,0,1.0,50000,Nivel de precio,0.0,45.02,Variable
mining_continuous_load,full_spot_exposure,QUITARACSA 220,36,44.93,57.41,59.0,0,0,0,1.0,50000,Nivel de precio,0.0,43.42,Variable
mining_continuous_load,full_spot_exposure,CACHIMAYO 138,36,44.6,57.78,61.53,0,0,0,1.0,50000,Nivel de precio,0.0,43.74,Variable
mining_continuous_load,full_spot_exposure,MAZUCO138,36,44.12,62.82,68.37,0,2,0,1.0,50000,Volatilidad,0.056,46.65,Variable
mining_continuous_load,full_spot_exposure,SAN NICOLAS 13.8,36,43.91,53.68,66.07,0,2,0,1.0,50000,Prima de estrés,0.056,43.92,Variable
mining_continuous_load,full_spot_exposure,AGUAYTIA 138,36,43.28,57.18,63.95,0,0,0,1.0,50000,Nivel de precio,0.0,43.36,Variable
mining_continuous_load,full_spot_exposure,ZAÑA 60,36,43.08,58.25,62.13,0,0,0,1.0,50000,Nivel de precio,0.0,43.27,Variable
mining_continuous_load,full_spot_exposure,TINGO MARIA 138,36,43.01,55.72,60.26,0,0,0,1.0,50000,Nivel de precio,0.0,42.32,Variable
mining_continuous_load,full_spot_exposure,AGUAYTIA 22.9,36,42.87,56.74,63.03,0,0,0,1.0,50000,Nivel de precio,0.0,42.93,Variable
mining_continuous_load,full_spot_exposure,SAN MARTIN 220,9,42.64,49.86,50.32,0,0,0,1.0,50000,Volatilidad,0.0,39.2,Variable
mining_continuous_load,full_spot_exposure,AGUAYTIA 220,36,42.56,56.52,62.62,0,0,0,1.0,50000,Nivel de precio,0.0,42.68,Variable
mining_continuous_load,full_spot_exposure,PURMACANA 20,36,42.51,54.58,58.82,0,0,0,1.0,50000,Nivel de precio,0.0,41.6,Variable
mining_continuous_load,full_spot_exposure,CHARCANI IV 33,36,41.99,55.06,59.69,0,0,0,1.0,50000,Ventanas críticas,0.0,41.62,Variable
mining_continuous_load,full_spot_exposure,COTARUSE 220,36,41.44,53.82,59.65,0,0,0,1.0,50000,Ventanas críticas,0.0,41.05,Variable
mining_continuous_load,full_spot_exposure,HUALLANCA 138,36,41.12,55.05,59.25,0,0,0,1.0,50000,Nivel de precio,0.0,41.15,Variable
mining_continuous_load,full_spot_exposure,PAQUILLUSI 220,9,40.79,53.01,58.68,0,0,0,1.0,50000,Volatilidad,0.0,40.41,Variable
mining_continuous_load,full_spot_exposure,HUANUCO 138,36,40.61,53.99,57.76,0,0,0,1.0,50000,Nivel de precio,0.0,40.44,Variable
mining_continuous_load,full_spot_exposure,SUNNY 220,4,40.09,47.38,48.31,0,0,0,1.0,50000,Volatilidad,0.0,37.13,Variable
mining_continuous_load,full_spot_exposure,PIEDRA BLANCA 34.5,36,39.67,53.36,57.9,0,0,0,1.0,50000,Nivel de precio,0.0,39.88,Variable
mining_continuous_load,full_spot_exposure,TUPURI 22.9,36,39.51,58.65,66.02,0,1,0,1.0,50000,Ventanas críticas,0.028,42.76,Variable
mining_continuous_load,full_spot_exposure,SAN GABAN 138,36,39.37,57.84,65.16,0,1,0,1.0,50000,Ventanas críticas,0.028,42.37,Variable
mining_continuous_load,full_spot_exposure,PARAMONGA NUEVA 220,36,38.72,51.87,57.89,0,0,0,1.0,50000,Ventanas críticas,0.0,39.08,Variable
mining_continuous_load,full_spot_exposure,OQUENDO 60,36,38.54,50.41,60.24,0,0,0,1.0,50000,Ventanas críticas,0.0,38.98,Variable
mining_continuous_load,full_spot_exposure,PARAMONGA NUEVA 138,36,38.5,51.74,58.17,0,0,0,1.0,50000,Ventanas críticas,0.0,38.99,Variable
mining_continuous_load,full_spot_exposure,VIZCARRA 220,36,38.39,53.87,61.63,0,0,0,1.0,50000,Ventanas críticas,0.0,39.99,Variable
mining_continuous_load,full_spot_exposure,PARAMONGA EXISTENTE 138,36,38.32,51.62,58.3,0,0,0,1.0,50000,Ventanas críticas,0.0,38.89,Variable
mining_continuous_load,full_spot_exposure,MEDIO MUNDO 220,36,38.01,50.58,58.48,0,0,0,1.0,50000,Ventanas críticas,0.0,38.52,Variable
mining_continuous_load,full_spot_exposure,PACHACHACA50,36,37.63,49.07,54.14,0,0,0,1.0,50000,Ventanas críticas,0.0,37.32,Variable
mining_continuous_load,full_spot_exposure,MARCONA 220,36,36.86,47.12,54.47,0,0,0,1.0,50000,Ventanas críticas,0.0,36.54,Variable
mining_continuous_load,full_spot_exposure,POROMA 220,36,36.83,46.31,53.97,0,0,0,1.0,50000,Ventanas críticas,0.0,36.25,Variable
mining_continuous_load,full_spot_exposure,LOMERA 220,36,36.08,46.24,53.06,0,0,0,1.0,50000,Ventanas críticas,0.0,35.76,Variable
mining_continuous_load,full_spot_exposure,HUACHO 220,36,35.8,46.41,54.48,0,0,0,1.0,50000,Ventanas críticas,0.0,35.88,Variable
mining_continuous_load,full_spot_exposure,MARCONA 60,27,35.31,45.41,48.65,0,0,2,1.0,50000,Ventanas críticas,0.0,34.54,Variable
mining_continuous_load,full_spot_exposure,CHAVARRIA 220,36,35.15,45.32,57.93,0,0,0,1.0,50000,Ventanas críticas,0.0,35.84,Variable
mining_continuous_load,full_spot_exposure,ZAPALLAL 220,36,35.01,45.03,57.12,0,0,0,1.0,50000,Ventanas críticas,0.0,35.58,Variable
mining_continuous_load,full_spot_exposure,VENTANILLA 220,36,34.73,44.85,57.03,0,0,0,1.0,50000,Ventanas críticas,0.0,35.4,Variable
mining_continuous_load,full_spot_exposure,SANTA TERESA 220,36,34.72,50.07,55.93,0,0,0,1.0,50000,Ventanas críticas,0.0,36.53,Variable
mining_continuous_load,full_spot_exposure,SANTIAGO DE CAO 138,1,34.67,34.67,34.67,0,0,0,1.0,50000,Prima de estrés,0.0,29.47,Sensible
mining_continuous_load,full_spot_exposure,FLAMENCO 220,26,34.65,45.09,47.31,0,0,0,1.0,50000,Ventanas críticas,0.0,33.96,Variable
mining_continuous_load,full_spot_exposure,CARABAYLLO 220,36,34.62,44.51,56.87,0,0,0,1.0,50000,Ventanas críticas,0.0,35.24,Variable
mining_continuous_load,full_spot_exposure,ICA 220,36,34.47,43.74,55.42,0,0,0,1.0,50000,Ventanas críticas,0.0,34.76,Variable
mining_continuous_load,full_spot_exposure,INDEPENDENCIA 60,36,34.16,44.4,57.23,0,0,0,1.0,50000,Ventanas críticas,0.0,35.06,Variable
mining_continuous_load,full_spot_exposure,CT PISCO 60,36,34.16,44.4,57.23,0,0,0,1.0,50000,Ventanas críticas,0.0,35.06,Variable
mining_continuous_load,full_spot_exposure,NAZCA NUEVA 220,23,33.98,44.16,46.97,0,0,0,1.0,50000,Ventanas críticas,0.0,33.37,Variable
mining_continuous_load,full_spot_exposure,INDUSTRIALES 220,36,33.9,46.4,51.6,0,0,0,1.0,50000,Ventanas críticas,0.0,34.6,Variable
mining_continuous_load,full_spot_exposure,ERSUR 220,26,33.88,44.2,45.7,0,0,0,1.0,50000,Ventanas críticas,0.0,33.15,Variable
mining_continuous_load,full_spot_exposure,CAJAMARQUILLA 220,36,33.81,43.78,55.83,0,0,0,1.0,50000,Ventanas críticas,0.0,34.53,Variable
mining_continuous_load,full_spot_exposure,CT INDEPENDENCIA 60,36,33.66,43.96,56.73,0,0,0,1.0,50000,Ventanas críticas,0.0,34.65,Variable
mining_continuous_load,full_spot_exposure,CHINCHA NUEVA 220,23,33.53,41.96,54.26,0,0,0,1.0,50000,Ventanas críticas,0.0,33.72,Variable
mining_continuous_load,full_spot_exposure,SANTA ROSA 220,36,33.19,45.34,57.54,0,0,0,1.0,50000,Ventanas críticas,0.0,34.9,Variable
mining_continuous_load,full_spot_exposure,PLANICIE 220,36,33.19,43.73,48.77,0,0,0,1.0,50000,Ventanas críticas,0.0,33.18,Variable
mining_continuous_load,full_spot_exposure,CARAPONGO 220,36,32.94,42.94,55.15,0,0,0,1.0,50000,Ventanas críticas,0.0,33.83,Variable
mining_continuous_load,full_spot_exposure,INDEPENDENCIA 220,36,32.94,41.77,55.64,0,0,0,1.0,50000,Ventanas críticas,0.0,33.61,Variable
mining_continuous_load,full_spot_exposure,HUANCHOR 50,36,32.62,52.88,62.48,0,0,0,1.0,50000,Ventanas críticas,0.0,37.27,Variable
mining_continuous_load,full_spot_exposure,CHEVES 220,36,32.17,40.99,52.43,0,0,0,1.0,50000,Ventanas críticas,0.0,32.59,Variable
mining_continuous_load,full_spot_exposure,MARAÑON 60,36,31.81,45.42,56.51,0,0,0,1.0,50000,Ventanas críticas,0.0,34.14,Variable
mining_continuous_load,full_spot_exposure,MACHUPICCHU 138,36,31.73,48.47,53.69,0,0,0,1.0,50000,Ventanas críticas,0.0,34.45,Variable
mining_continuous_load,full_spot_exposure,PARAGSHA2 138,36,31.68,40.23,53.32,0,0,0,1.0,50000,Ventanas críticas,0.0,32.31,Variable
mining_continuous_load,full_spot_exposure,DESIERTO 220,35,31.22,39.82,53.16,0,0,0,1.0,50000,Ventanas críticas,0.0,31.98,Variable
mining_continuous_load,full_spot_exposure,CHEVES 13.8,36,31.16,40.07,51.77,0,0,0,1.0,50000,Ventanas críticas,0.0,31.8,Variable
mining_continuous_load,full_spot_exposure,CANTERA 220,36,30.83,37.51,54.08,0,0,0,1.0,50000,Ventanas críticas,0.0,31.37,Variable
mining_continuous_load,full_spot_exposure,CAHUA138,36,30.67,40.53,58.08,0,0,0,1.0,50000,Ventanas críticas,0.0,32.65,Variable
mining_continuous_load,full_spot_exposure,HUINCO 220,36,30.5,40.71,50.83,0,0,0,1.0,50000,Ventanas críticas,0.0,31.53,Variable
mining_continuous_load,full_spot_exposure,CALLAHUANCA EDEGEL 220,36,30.26,38.74,44.86,0,0,0,1.0,50000,Ventanas críticas,0.0,30.03,Variable
mining_continuous_load,full_spot_exposure,PUNTA LOMITAS II,36,30.1,34.97,43.39,0,0,0,1.0,50000,Ventanas críticas,0.0,28.8,Variable
mining_continuous_load,full_spot_exposure,PUNTA LOMITAS I,36,30.1,35.58,41.96,0,0,0,1.0,50000,Ventanas críticas,0.0,28.73,Variable
mining_continuous_load,full_spot_exposure,SAN JUAN 220,36,29.96,38.51,49.42,0,0,0,1.0,50000,Ventanas críticas,0.0,30.52,Variable
mining_continuous_load,full_spot_exposure,HUAMPANI 60,36,29.62,38.69,54.42,0,0,0,1.0,50000,Ventanas críticas,0.0,31.17,Variable
mining_continuous_load,full_spot_exposure,HUANZA 220,36,29.62,38.44,48.41,0,0,0,1.0,50000,Ventanas críticas,0.0,30.2,Variable
mining_continuous_load,full_spot_exposure,CHILCA500,36,29.6,38.4,44.56,0,0,0,1.0,50000,Ventanas críticas,0.0,29.6,Variable
mining_continuous_load,full_spot_exposure,OLLEROS 500,36,29.28,37.88,45.08,0,0,0,1.0,50000,Ventanas críticas,0.0,29.41,Variable
mining_continuous_load,full_spot_exposure,PARAGSHA2 220,36,29.27,38.11,50.43,0,0,0,1.0,50000,Ventanas críticas,0.0,30.26,Variable
mining_continuous_load,full_spot_exposure,CHIRIBAMBA 220,22,29.04,34.72,40.15,0,0,0,1.0,50000,Ventanas críticas,0.0,27.77,Variable
mining_continuous_load,full_spot_exposure,SANTA ANA 138,6,28.95,35.46,36.4,0,0,0,1.0,50000,Ventanas críticas,0.0,27.35,Variable
mining_continuous_load,full_spot_exposure,FENIX 500,36,28.94,37.79,44.36,0,0,0,1.0,50000,Ventanas críticas,0.0,29.12,Variable
mining_continuous_load,full_spot_exposure,POMACOCHA 220,36,28.82,35.68,41.73,0,0,0,1.0,50000,Ventanas críticas,0.0,28.15,Variable
mining_continuous_load,full_spot_exposure,ALTO PRADERAS 220,36,28.57,36.2,56.08,0,0,0,1.0,50000,Ventanas críticas,0.0,30.32,Variable
mining_continuous_load,full_spot_exposure,OROYA NUEVA 220,36,28.36,35.05,42.05,0,0,0,1.0,50000,Ventanas críticas,0.0,27.83,Variable
mining_continuous_load,full_spot_exposure,PACHACHACA 220,36,28.27,34.23,42.16,0,0,0,1.0,50000,Ventanas críticas,0.0,27.61,Variable
mining_continuous_load,full_spot_exposure,ASIA 220,36,28.23,34.67,53.37,0,0,0,1.0,50000,Ventanas críticas,0.0,29.37,Variable
mining_continuous_load,full_spot_exposure,YANANGO 220,36,28.04,35.53,44.37,0,0,0,1.0,50000,Ventanas críticas,0.0,28.15,Variable
mining_continuous_load,full_spot_exposure,MATUCANA 220,36,27.97,36.13,42.55,0,0,0,1.0,50000,Ventanas críticas,0.0,28.0,Variable
mining_continuous_load,full_spot_exposure,MOYOPAMPA 60,36,27.78,36.13,44.47,0,0,0,1.0,50000,Ventanas críticas,0.0,28.21,Variable
mining_continuous_load,full_spot_exposure,CARHUAMAYO 138,36,27.56,35.99,42.58,0,0,0,1.0,50000,Ventanas críticas,0.0,27.79,Variable
mining_continuous_load,full_spot_exposure,SANTA ISABEL 220,36,26.39,34.98,39.16,0,0,0,1.0,50000,Ventanas críticas,0.0,26.49,Variable
mining_continuous_load,full_spot_exposure,OROYA NUEVA 50,36,26.29,33.86,37.42,0,0,0,1.0,50000,Ventanas críticas,0.0,25.91,Variable
mining_continuous_load,full_spot_exposure,CS COENERGY 22.9,1,26.08,26.08,26.08,0,0,0,1.0,50000,Volatilidad,0.0,22.17,Variable
mining_continuous_load,full_spot_exposure,CHILCA UNO 220,36,25.93,32.48,43.35,0,0,0,1.0,50000,Ventanas críticas,0.0,26.29,Variable
mining_continuous_load,full_spot_exposure,CONDORCOCHA 44,36,25.69,33.24,38.38,0,0,0,1.0,50000,Ventanas críticas,0.0,25.63,Variable
mining_continuous_load,full_spot_exposure,CHIMAY 220,36,25.62,31.78,40.37,0,0,0,1.0,50000,Ventanas críticas,0.0,25.53,Variable
mining_continuous_load,full_spot_exposure,CHAGLLA 220,36,25.57,36.0,38.11,0,0,0,1.0,50000,Ventanas críticas,0.0,26.22,Variable
mining_continuous_load,full_spot_exposure,CONDORCOCHA 138,36,25.35,32.69,38.28,0,0,0,1.0,50000,Ventanas críticas,0.0,25.32,Variable
mining_continuous_load,full_spot_exposure,LAS FLORES 220,36,25.14,31.3,42.97,0,0,0,1.0,50000,Ventanas críticas,0.0,25.58,Variable
mining_continuous_load,full_spot_exposure,CARIPA 138,36,25.03,32.23,37.57,0,0,0,1.0,50000,Ventanas críticas,0.0,24.95,Variable
mining_continuous_load,full_spot_exposure,HUAYUCACHI 220,36,25.01,29.45,34.0,0,0,0,1.0,50000,Ventanas críticas,0.0,23.72,Variable
mining_continuous_load,full_spot_exposure,CHILCA DOS 13.8,36,24.98,31.8,42.07,0,0,0,1.0,50000,Ventanas críticas,0.0,25.5,Variable
mining_continuous_load,full_spot_exposure,HUANCAVELICA 220,36,24.9,30.68,34.41,0,0,0,1.0,50000,Ventanas críticas,0.0,24.04,Variable
mining_continuous_load,full_spot_exposure,CH OROYA 50,36,24.69,30.97,36.31,0,0,0,1.0,50000,Ventanas críticas,0.0,24.3,Variable
mining_continuous_load,full_spot_exposure,CALLAHUANCA 60,36,24.46,30.76,38.76,0,0,0,1.0,50000,Ventanas críticas,0.0,24.51,Variable
mining_continuous_load,full_spot_exposure,CHILCA REP 220,36,24.22,30.37,41.95,0,0,0,1.0,50000,Ventanas críticas,0.0,24.78,Variable
mining_continuous_load,full_spot_exposure,CERRO DEL AGUILA 220,36,24.03,29.18,37.18,0,0,0,1.0,50000,Ventanas críticas,0.0,23.68,Variable
mining_continuous_load,full_spot_exposure,YAUPI 138,36,24.02,31.93,38.72,0,0,0,1.0,50000,Ventanas críticas,0.0,24.6,Variable
mining_continuous_load,full_spot_exposure,LA VIRGEN 138,36,23.34,30.48,36.29,0,0,0,1.0,50000,Ventanas críticas,0.0,23.56,Variable
mining_continuous_load,full_spot_exposure,YAUPI13.8,36,23.21,30.76,38.04,0,0,0,1.0,50000,Ventanas críticas,0.0,23.84,Variable
mining_continuous_load,full_spot_exposure,YARUCAYA 13.8,36,22.51,27.68,39.55,0,0,0,1.0,50000,Ventanas críticas,0.0,22.98,Variable
mining_continuous_load,full_spot_exposure,CAMPO ARMIÑO 220,36,21.84,25.89,27.95,0,0,0,1.0,50000,Ventanas críticas,0.0,20.49,Variable
mining_continuous_load,full_spot_exposure,MALPASO 50,36,21.81,26.92,32.36,0,0,0,1.0,50000,Ventanas críticas,0.0,21.4,Variable
mining_continuous_load,full_spot_exposure,RESTITUCIÓN 220,36,21.35,25.37,27.28,0,0,0,1.0,50000,Ventanas críticas,0.0,20.04,Variable
mining_continuous_load,full_spot_exposure,PLATANAL 220,36,20.13,24.44,26.42,0,0,0,1.0,50000,Ventanas críticas,0.0,19.13,Variable
mining_continuous_load,full_spot_exposure,CORACORA 60,4,15.54,24.09,28.51,0,0,4,1.0,50000,Prima de estrés,0.0,17.29,Variable
mining_continuous_load,full_spot_exposure,NAZCA 22.9,4,15.13,23.63,28.12,0,0,4,1.0,50000,Prima de estrés,0.0,16.93,Variable
mining_continuous_load,full_spot_exposure,LLIPATA 60,4,14.58,23.18,27.99,0,0,4,1.0,50000,Prima de estrés,0.0,16.56,Variable
mining_continuous_load,full_spot_exposure,ALTO LA LUNA 10,14,13.26,21.14,25.08,0,0,11,1.0,50000,Prima de estrés,0.0,15.01,Variable
mining_continuous_load,full_spot_exposure,ALTO LA LUNA 60,14,12.96,20.6,24.57,0,0,11,1.0,50000,Prima de estrés,0.0,14.67,Variable
mining_continuous_load,full_spot_exposure,PISCO 10,14,12.74,20.23,24.03,0,0,11,1.0,50000,Prima de estrés,0.0,14.4,Variable
mining_continuous_load,full_spot_exposure,VILLACURI 22.9,14,12.66,20.44,24.85,0,0,11,1.0,50000,Prima de estrés,0.0,14.54,Variable
mining_continuous_load,full_spot_exposure,PARACAS 22,14,12.59,20.07,27.81,0,0,11,1.0,50000,Prima de estrés,0.0,14.85,Variable
mining_continuous_load,full_spot_exposure,PARACAS 10,14,12.51,19.63,27.99,0,0,11,1.0,50000,Prima de estrés,0.0,14.74,Variable
mining_continuous_load,full_spot_exposure,TAMBO DE MORA 10,5,12.09,18.6,24.73,0,0,4,1.0,50000,Prima de estrés,0.0,13.8,Variable
mining_continuous_load,full_spot_exposure,VILLACURI 60,14,11.87,18.97,23.73,0,0,11,1.0,50000,Prima de estrés,0.0,13.65,Variable
mining_continuous_load,full_spot_exposure,PEDREGAL 10,5,11.6,18.21,24.17,0,0,4,1.0,50000,Prima de estrés,0.0,13.4,Variable
mining_continuous_load,full_spot_exposure,PUEBLO NUEVO 10,5,11.1,16.56,20.44,0,0,4,1.0,50000,Prima de estrés,0.0,12.2,Variable
mining_continuous_load,full_spot_exposure,INDEPENDENCIA 10,14,10.96,17.29,25.24,0,0,11,1.0,50000,Prima de estrés,0.0,13.04,Variable
mining_continuous_load,full_spot_exposure,CHALA 60,1,8.92,8.92,8.92,0,0,1,1.0,50000,Prima de estrés,0.0,7.58,Variable
mining_continuous_load,full_spot_exposure,BELLA UNION 60,1,8.49,8.49,8.49,0,0,1,1.0,50000,Prima de estrés,0.0,7.21,Variable
mining_continuous_load,full_spot_exposure,JAHUAY 60,1,7.97,7.97,7.97,0,0,1,1.0,50000,Prima de estrés,0.0,6.77,Variable
mining_continuous_load,full_spot_exposure,FUNSUR 60,1,7.86,7.86,7.86,0,0,1,1.0,50000,Prima de estrés,0.0,6.68,Variable
mining_continuous_load,full_spot_exposure,MINA 60,1,7.29,7.29,7.29,0,0,1,1.0,50000,Prima de estrés,0.0,6.2,Variable
mining_continuous_load,full_spot_exposure,HUARANGO 60,1,6.77,6.77,6.77,0,0,1,1.0,50000,Prima de estrés,0.0,5.76,Variable
mining_continuous_load,full_spot_exposure,LOMAS 60,1,6.77,6.77,6.77,0,0,1,1.0,50000,Prima de estrés,0.0,5.76,Variable
mining_continuous_load,hedged_10pct_spot,PLANTAETANOL 60,36,55.91,64.99,71.29,0,4,0,0.1,50000,Nivel de precio,0.111,53.77,Estable
mining_continuous_load,hedged_10pct_spot,HUAYLLACHO 15,36,55.51,65.46,68.68,0,6,0,0.1,50000,Nivel de precio,0.167,54.15,Estable
mining_continuous_load,hedged_10pct_spot,ZORRITOS 220,36,55.44,65.33,71.34,0,5,0,0.1,50000,Nivel de precio,0.139,54.06,Estable
mining_continuous_load,hedged_10pct_spot,SAN IGNACIO 15,36,55.28,65.17,68.37,0,5,0,0.1,50000,Nivel de precio,0.139,53.51,Estable
mining_continuous_load,hedged_10pct_spot,SAN ANTONIO 15,36,55.26,65.17,68.37,0,5,0,0.1,50000,Nivel de precio,0.139,53.5,Estable
mining_continuous_load,hedged_10pct_spot,NCTUMBES60,36,55.25,65.49,70.79,0,5,0,0.1,50000,Nivel de precio,0.139,53.94,Estable
mining_continuous_load,hedged_10pct_spot,GE1 33,36,54.39,64.01,71.09,0,2,0,0.1,50000,Nivel de precio,0.056,51.97,Estable
mining_continuous_load,hedged_10pct_spot,MISAPUQUIO 33,36,54.23,64.21,67.86,0,3,0,0.1,50000,Nivel de precio,0.083,51.89,Estable
mining_continuous_load,hedged_10pct_spot,TINTAYA EXISTENTE 138,36,54.04,64.04,67.63,0,3,0,0.1,50000,Nivel de precio,0.083,51.72,Estable
mining_continuous_load,hedged_10pct_spot,TALARA 220,36,53.93,63.21,70.73,0,1,0,0.1,50000,Nivel de precio,0.028,51.1,Estable
mining_continuous_load,hedged_10pct_spot,PIURA OESTE 220,36,53.92,63.58,70.43,0,1,0,0.1,50000,Nivel de precio,0.028,51.14,Estable
mining_continuous_load,hedged_10pct_spot,TINTAYA NUEVA 220,36,53.71,63.79,67.22,0,2,0,0.1,50000,Nivel de precio,0.056,51.03,Estable
mining_continuous_load,hedged_10pct_spot,TALARA13.2,36,53.68,63.44,70.96,0,1,0,0.1,50000,Nivel de precio,0.028,51.08,Estable
mining_continuous_load,hedged_10pct_spot,GALLITO CIEGO 60,36,53.21,62.6,65.12,0,1,0,0.1,50000,Nivel de precio,0.028,49.78,Estable
mining_continuous_load,hedged_10pct_spot,BELAUNDE 138,36,53.11,62.28,65.62,0,1,0,0.1,50000,Nivel de precio,0.028,49.73,Estable
mining_continuous_load,hedged_10pct_spot,VALLE DEL CHIRA 220,14,51.64,61.39,69.08,0,1,0,0.1,50000,Nivel de precio,0.071,50.02,Estable
mining_continuous_load,hedged_10pct_spot,PARIAC 66,36,50.47,60.2,64.35,0,0,0,0.1,50000,Nivel de precio,0.0,47.41,Estable
mining_continuous_load,hedged_10pct_spot,JULIACA10,36,49.15,59.0,62.53,0,0,0,0.1,50000,Nivel de precio,0.0,46.25,Estable
mining_continuous_load,hedged_10pct_spot,JAEN 138,24,48.24,59.02,62.41,0,0,0,0.1,50000,Nivel de precio,0.0,45.83,Estable
mining_continuous_load,hedged_10pct_spot,TOCACHE 138,36,45.71,54.94,60.1,0,0,0,0.1,50000,Nivel de precio,0.0,43.32,Estable
mining_continuous_load,hedged_10pct_spot,JULIACA 138,36,44.6,54.61,57.96,0,0,0,0.1,50000,Nivel de precio,0.0,42.42,Estable
mining_continuous_load,hedged_10pct_spot,PLANTA CASA GRANDE 13.8,1,44.09,44.09,44.09,0,0,0,0.1,50000,Nivel de precio,0.0,37.47,Sensible
mining_continuous_load,hedged_10pct_spot,GUADALUPE 60,36,44.08,52.5,54.79,0,0,0,0.1,50000,Nivel de precio,0.0,41.18,Estable
mining_continuous_load,hedged_10pct_spot,CALLALLI 138,36,44.07,54.17,58.3,0,0,0,0.1,50000,Nivel de precio,0.0,42.12,Estable
mining_continuous_load,hedged_10pct_spot,LA BREA 220,21,43.83,54.13,62.92,0,0,0,0.1,50000,Nivel de precio,0.0,42.69,Estable
mining_continuous_load,hedged_10pct_spot,ILO1 138,36,42.56,51.27,55.29,0,0,0,0.1,50000,Nivel de precio,0.0,40.26,Estable
mining_continuous_load,hedged_10pct_spot,AYAVIRI 138,36,42.32,53.02,56.4,0,0,0,0.1,50000,Nivel de precio,0.0,40.76,Estable
mining_continuous_load,hedged_10pct_spot,TOQUEPALA 138,36,42.29,51.29,55.23,0,0,0,0.1,50000,Nivel de precio,0.0,40.14,Estable
mining_continuous_load,hedged_10pct_spot,PUNO 138,36,42.24,52.1,55.77,0,0,0,0.1,50000,Nivel de precio,0.0,40.4,Estable
mining_continuous_load,hedged_10pct_spot,ILO ELP 138,36,42.0,50.73,54.77,0,0,0,0.1,50000,Nivel de precio,0.0,39.8,Estable
mining_continuous_load,hedged_10pct_spot,CHICLAYO 220,36,41.89,51.11,52.67,0,0,0,0.1,50000,Nivel de precio,0.0,39.53,Estable
mining_continuous_load,hedged_10pct_spot,PUNO 220,36,41.8,51.88,55.32,0,0,0,0.1,50000,Nivel de precio,0.0,40.08,Estable
mining_continuous_load,hedged_10pct_spot,PUERTO MALDONADO 10,36,41.64,54.46,58.45,0,0,0,0.1,50000,Nivel de precio,0.0,41.12,Estable
mining_continuous_load,hedged_10pct_spot,ARICOTA2 138,36,41.58,50.35,54.47,0,0,0,0.1,50000,Nivel de precio,0.0,39.47,Estable
mining_continuous_load,hedged_10pct_spot,CT ETEN 220,36,41.47,50.73,52.53,0,0,0,0.1,50000,Nivel de precio,0.0,39.22,Estable
mining_continuous_load,hedged_10pct_spot,RECKA 220,36,41.45,50.71,52.26,0,0,0,0.1,50000,Nivel de precio,0.0,39.17,Estable
mining_continuous_load,hedged_10pct_spot,ETEN 18,36,41.4,50.53,52.36,0,0,0,0.1,50000,Nivel de precio,0.0,39.12,Estable
mining_continuous_load,hedged_10pct_spot,RECKA 18,36,41.39,50.71,52.14,0,0,0,0.1,50000,Nivel de precio,0.0,39.12,Estable
mining_continuous_load,hedged_10pct_spot,BOTIFLACA 138,36,41.35,50.02,54.32,0,0,0,0.1,50000,Nivel de precio,0.0,39.26,Estable
mining_continuous_load,hedged_10pct_spot,MOLLENDO 138,36,41.24,51.5,55.61,0,0,0,0.1,50000,Nivel de precio,0.0,39.77,Estable
mining_continuous_load,hedged_10pct_spot,PUERTO MALDONADO 138,36,41.2,53.47,58.52,0,0,0,0.1,50000,Nivel de precio,0.0,40.69,Estable
mining_continuous_load,hedged_10pct_spot,CHILINA 33,36,41.17,51.34,54.09,0,0,0,0.1,50000,Nivel de precio,0.0,39.47,Estable
mining_continuous_load,hedged_10pct_spot,ARICOTA 66,36,41.14,49.7,54.02,0,0,0,0.1,50000,Nivel de precio,0.0,39.04,Estable
mining_continuous_load,hedged_10pct_spot,LA NIÑA 220,36,41.13,50.04,52.49,0,0,0,0.1,50000,Nivel de precio,0.0,38.89,Estable
mining_continuous_load,hedged_10pct_spot,CACLIC 220,36,41.08,50.46,52.8,0,0,0,0.1,50000,Nivel de precio,0.0,39.02,Estable
mining_continuous_load,hedged_10pct_spot,AZANGARO 138,36,41.0,51.77,55.42,0,0,0,0.1,50000,Nivel de precio,0.0,39.7,Estable
mining_continuous_load,hedged_10pct_spot,PUCALLPA 60,36,40.71,49.85,55.96,0,0,0,0.1,50000,Nivel de precio,0.0,39.18,Estable
mining_continuous_load,hedged_10pct_spot,CT PLANTA PUCALLPA 60,36,40.67,49.73,55.84,0,0,0,0.1,50000,Nivel de precio,0.0,39.11,Estable
mining_continuous_load,hedged_10pct_spot,ARICOTA1 66,36,40.57,49.06,53.0,0,0,0,0.1,50000,Nivel de precio,0.0,38.47,Variable
mining_continuous_load,hedged_10pct_spot,LOS HEROES 66,36,40.52,48.5,53.01,0,0,0,0.1,50000,Nivel de precio,0.0,38.31,Variable
mining_continuous_load,hedged_10pct_spot,CHILINA 138,36,40.44,49.4,53.99,0,0,0,0.1,50000,Nivel de precio,0.0,38.65,Variable
mining_continuous_load,hedged_10pct_spot,GUADALUPE 220,36,40.39,49.05,51.79,0,0,0,0.1,50000,Nivel de precio,0.0,38.2,Estable
mining_continuous_load,hedged_10pct_spot,COMBAPATA 138,36,40.37,50.86,53.18,0,0,0,0.1,50000,Nivel de precio,0.0,38.86,Estable
mining_continuous_load,hedged_10pct_spot,REPARTICIÓN 138,36,40.3,50.29,54.48,0,0,0,0.1,50000,Nivel de precio,0.0,38.88,Estable
mining_continuous_load,hedged_10pct_spot,CUTERVO 138,36,40.25,49.86,52.14,0,0,0,0.1,50000,Nivel de precio,0.0,38.4,Estable
mining_continuous_load,hedged_10pct_spot,PUCALLPA 138,36,40.2,48.78,55.27,0,0,0,0.1,50000,Nivel de precio,0.0,38.57,Estable
mining_continuous_load,hedged_10pct_spot,LOS HEROES 220,36,39.97,47.32,52.24,0,0,0,0.1,50000,Nivel de precio,0.0,37.65,Variable
mining_continuous_load,hedged_10pct_spot,CERRO VERDE 138,36,39.66,48.27,52.44,0,0,0,0.1,50000,Nivel de precio,0.0,37.78,Variable
mining_continuous_load,hedged_10pct_spot,AGROLMOS 60,6,39.44,48.65,50.92,0,0,0,0.1,50000,Nivel de precio,0.0,37.55,Variable
mining_continuous_load,hedged_10pct_spot,MOQUEGUA 138,36,39.19,46.84,51.39,0,0,0,0.1,50000,Nivel de precio,0.0,37.05,Variable
mining_continuous_load,hedged_10pct_spot,PLANTA SAN JACINTO 13.8,36,39.05,47.92,50.79,0,0,0,0.1,50000,Nivel de precio,0.0,37.17,Variable
mining_continuous_load,hedged_10pct_spot,SANTUARIO 138,36,38.94,48.01,52.56,0,0,0,0.1,50000,Nivel de precio,0.0,37.41,Variable
mining_continuous_load,hedged_10pct_spot,CAJAMARCA 220,36,38.89,48.22,50.55,0,0,0,0.1,50000,Nivel de precio,0.0,37.14,Variable
mining_continuous_load,hedged_10pct_spot,MOQUEGUA 220,36,38.83,46.83,50.83,0,0,0,0.1,50000,Nivel de precio,0.0,36.8,Variable
mining_continuous_load,hedged_10pct_spot,SOCABAYA 138,36,38.67,47.56,51.78,0,0,0,0.1,50000,Nivel de precio,0.0,37.06,Variable
mining_continuous_load,hedged_10pct_spot,ILO2 220,36,38.53,46.64,50.56,0,0,0,0.1,50000,Nivel de precio,0.0,36.58,Variable
mining_continuous_load,hedged_10pct_spot,TRUJILLO 220,36,38.45,47.49,50.96,0,0,0,0.1,50000,Nivel de precio,0.0,36.82,Variable
mining_continuous_load,hedged_10pct_spot,CHARCANI VI 33,36,38.32,46.19,49.13,0,0,0,0.1,50000,Nivel de precio,0.0,36.16,Variable
mining_continuous_load,hedged_10pct_spot,SOCABAYA 220,36,38.27,46.93,51.01,0,0,0,0.1,50000,Nivel de precio,0.0,36.61,Variable
mining_continuous_load,hedged_10pct_spot,CARHUAQUERO 220,36,38.13,48.76,50.33,0,0,0,0.1,50000,Nivel de precio,0.0,36.9,Variable
mining_continuous_load,hedged_10pct_spot,MONTALVO 220,36,37.87,45.56,50.32,0,0,0,0.1,50000,Nivel de precio,0.0,35.98,Variable
mining_continuous_load,hedged_10pct_spot,HUALLIN60,21,37.72,49.38,53.09,0,0,0,0.1,50000,Nivel de precio,0.0,37.28,Sensible
mining_continuous_load,hedged_10pct_spot,AUCAYACU 138,36,37.45,47.81,53.62,0,0,0,0.1,50000,Nivel de precio,0.0,36.85,Variable
mining_continuous_load,hedged_10pct_spot,S.E. ILO4 500,36,37.19,45.15,49.06,0,0,0,0.1,50000,Nivel de precio,0.0,35.38,Variable
mining_continuous_load,hedged_10pct_spot,BIOENERGIA 13.8,36,37.16,48.22,60.03,0,0,0,0.1,50000,Nivel de precio,0.0,37.78,Variable
mining_continuous_load,hedged_10pct_spot,RUBI 220,33,36.83,45.03,50.08,0,0,0,0.1,50000,Volatilidad,0.0,35.34,Variable
mining_continuous_load,hedged_10pct_spot,CHAPARRAL 138,18,36.83,44.8,47.08,0,0,0,0.1,50000,Volatilidad,0.0,34.84,Variable
mining_continuous_load,hedged_10pct_spot,CHIMBOTE1 138,36,36.74,46.63,50.26,0,0,0,0.1,50000,Nivel de precio,0.0,35.73,Variable
mining_continuous_load,hedged_10pct_spot,DUNA HUAMBOS 34.5,31,36.68,48.31,51.35,0,0,0,0.1,50000,Nivel de precio,0.0,36.29,Variable
mining_continuous_load,hedged_10pct_spot,SAN JOSE 500,36,36.59,44.38,48.45,0,0,0,0.1,50000,Nivel de precio,0.0,34.83,Variable
mining_continuous_load,hedged_10pct_spot,PUERTO BRAVO 500,36,36.47,44.39,48.01,0,0,0,0.1,50000,Nivel de precio,0.0,34.71,Variable
mining_continuous_load,hedged_10pct_spot,PUERTO BRAVO 18,36,36.37,44.36,47.9,0,0,0,0.1,50000,Nivel de precio,0.0,34.64,Variable
mining_continuous_load,hedged_10pct_spot,LA RAMADA 220,36,36.32,46.76,49.37,0,0,0,0.1,50000,Nivel de precio,0.0,35.44,Variable
mining_continuous_load,hedged_10pct_spot,CHIMBOTE1 220,36,36.14,46.37,50.5,0,0,0,0.1,50000,Nivel de precio,0.0,35.43,Variable
mining_continuous_load,hedged_10pct_spot,CARHUAQUERO 10_S,24,35.78,47.64,50.73,0,0,0,0.1,50000,Nivel de precio,0.0,35.62,Variable
mining_continuous_load,hedged_10pct_spot,QUENCORO 138,36,35.78,46.67,50.47,0,0,0,0.1,50000,Nivel de precio,0.0,35.34,Variable
mining_continuous_load,hedged_10pct_spot,CHARCANI I 33,36,35.66,44.71,47.98,0,0,0,0.1,50000,Nivel de precio,0.0,34.42,Variable
mining_continuous_load,hedged_10pct_spot,DOLORESPATA 138,36,35.56,46.38,50.33,0,0,0,0.1,50000,Nivel de precio,0.0,35.15,Variable
mining_continuous_load,hedged_10pct_spot,MAZUCO138,36,34.87,49.82,56.2,0,0,0,0.1,50000,Volatilidad,0.0,36.58,Variable
mining_continuous_load,hedged_10pct_spot,QUITARACSA 220,36,34.84,45.75,48.73,0,0,0,0.1,50000,Nivel de precio,0.0,34.43,Variable
mining_continuous_load,hedged_10pct_spot,CACHIMAYO 138,36,34.45,45.24,49.83,0,0,0,0.1,50000,Nivel de precio,0.0,34.29,Variable
mining_continuous_load,hedged_10pct_spot,SAN NICOLAS 13.8,36,34.13,41.93,54.13,0,0,0,0.1,50000,Prima de estrés,0.0,33.96,Variable
mining_continuous_load,hedged_10pct_spot,ZAÑA 60,36,34.1,44.63,53.32,0,0,0,0.1,50000,Nivel de precio,0.0,34.5,Variable
mining_continuous_load,hedged_10pct_spot,AGUAYTIA 138,36,33.75,46.56,49.46,0,0,0,0.1,50000,Nivel de precio,0.0,34.25,Variable
mining_continuous_load,hedged_10pct_spot,TINGO MARIA 138,36,33.64,45.38,48.31,0,0,0,0.1,50000,Nivel de precio,0.0,33.73,Variable
mining_continuous_load,hedged_10pct_spot,AGUAYTIA 22.9,36,33.39,46.41,48.65,0,0,0,0.1,50000,Nivel de precio,0.0,33.93,Variable
mining_continuous_load,hedged_10pct_spot,SAN MARTIN 220,9,33.24,37.88,39.81,0,0,0,0.1,50000,Volatilidad,0.0,30.4,Variable
mining_continuous_load,hedged_10pct_spot,PURMACANA 20,36,33.21,44.38,49.81,0,0,0,0.1,50000,Nivel de precio,0.0,33.51,Variable
mining_continuous_load,hedged_10pct_spot,AGUAYTIA 220,36,33.13,46.25,48.52,0,0,0,0.1,50000,Nivel de precio,0.0,33.75,Variable
mining_continuous_load,hedged_10pct_spot,PAQUILLUSI 220,9,32.77,40.29,46.31,0,0,0,0.1,50000,Volatilidad,0.0,31.77,Variable
mining_continuous_load,hedged_10pct_spot,CHARCANI IV 33,36,32.52,43.55,46.85,0,0,0,0.1,50000,Ventanas críticas,0.0,32.55,Variable
mining_continuous_load,hedged_10pct_spot,HUALLANCA 138,36,32.47,44.69,47.99,0,0,0,0.1,50000,Nivel de precio,0.0,32.98,Variable
mining_continuous_load,hedged_10pct_spot,COTARUSE 220,36,32.2,41.95,48.54,0,0,0,0.1,50000,Ventanas críticas,0.0,32.26,Variable
mining_continuous_load,hedged_10pct_spot,HUANUCO 138,36,31.85,42.59,46.88,0,0,0,0.1,50000,Nivel de precio,0.0,32.01,Variable
mining_continuous_load,hedged_10pct_spot,PIEDRA BLANCA 34.5,36,31.07,41.77,46.99,0,0,0,0.1,50000,Nivel de precio,0.0,31.47,Variable
mining_continuous_load,hedged_10pct_spot,SUNNY 220,4,31.01,36.2,36.76,0,0,0,0.1,50000,Volatilidad,0.0,28.52,Variable
mining_continuous_load,hedged_10pct_spot,TUPURI 22.9,36,31.0,46.77,53.66,0,0,0,0.1,50000,Ventanas críticas,0.0,33.69,Variable
mining_continuous_load,hedged_10pct_spot,SAN GABAN 138,36,30.97,46.23,52.69,0,0,0,0.1,50000,Ventanas críticas,0.0,33.4,Variable
mining_continuous_load,hedged_10pct_spot,PARAMONGA NUEVA 220,36,30.49,39.06,49.01,0,0,0,0.1,50000,Ventanas críticas,0.0,30.84,Variable
mining_continuous_load,hedged_10pct_spot,VIZCARRA 220,36,30.39,41.47,48.64,0,0,0,0.1,50000,Ventanas críticas,0.0,31.34,Variable
mining_continuous_load,hedged_10pct_spot,PARAMONGA NUEVA 138,36,30.27,38.81,49.29,0,0,0,0.1,50000,Ventanas críticas,0.0,30.72,Variable
mining_continuous_load,hedged_10pct_spot,PARAMONGA EXISTENTE 138,36,30.14,38.88,49.32,0,0,0,0.1,50000,Ventanas críticas,0.0,30.68,Variable
mining_continuous_load,hedged_10pct_spot,OQUENDO 60,36,30.08,37.92,47.86,0,0,0,0.1,50000,Ventanas críticas,0.0,30.19,Variable
mining_continuous_load,hedged_10pct_spot,MEDIO MUNDO 220,36,29.85,38.02,49.52,0,0,0,0.1,50000,Ventanas críticas,0.0,30.36,Variable
mining_continuous_load,hedged_10pct_spot,PACHACHACA50,36,29.46,38.68,42.71,0,0,0,0.1,50000,Ventanas críticas,0.0,29.33,Variable
mining_continuous_load,hedged_10pct_spot,SANTIAGO DE CAO 138,1,29.28,29.28,29.28,0,0,0,0.1,50000,Prima de estrés,0.0,24.89,Sensible
mining_continuous_load,hedged_10pct_spot,MARCONA 220,36,28.81,36.32,43.73,0,0,0,0.1,50000,Ventanas críticas,0.0,28.6,Variable
mining_continuous_load,hedged_10pct_spot,POROMA 220,36,28.74,35.68,43.21,0,0,0,0.1,50000,Ventanas críticas,0.0,28.33,Variable
mining_continuous_load,hedged_10pct_spot,LOMERA 220,36,28.23,35.22,44.88,0,0,0,0.1,50000,Ventanas críticas,0.0,28.24,Variable
mining_continuous_load,hedged_10pct_spot,HUACHO 220,36,28.1,36.69,43.22,0,0,0,0.1,50000,Ventanas críticas,0.0,28.3,Variable
mining_continuous_load,hedged_10pct_spot,SANTA TERESA 220,36,27.45,39.08,46.59,0,0,0,0.1,50000,Ventanas críticas,0.0,29.11,Variable
mining_continuous_load,hedged_10pct_spot,CHAVARRIA 220,36,27.31,32.89,46.9,0,0,0,0.1,50000,Ventanas críticas,0.0,27.55,Variable
mining_continuous_load,hedged_10pct_spot,ZAPALLAL 220,36,27.27,32.87,46.36,0,0,0,0.1,50000,Ventanas críticas,0.0,27.44,Variable
mining_continuous_load,hedged_10pct_spot,MARCONA 60,27,27.15,33.29,37.63,0,0,2,0.1,50000,Ventanas críticas,0.0,26.19,Variable
mining_continuous_load,hedged_10pct_spot,VENTANILLA 220,36,26.95,32.55,46.45,0,0,0,0.1,50000,Ventanas críticas,0.0,27.23,Variable
mining_continuous_load,hedged_10pct_spot,CARABAYLLO 220,36,26.93,32.6,46.14,0,0,0,0.1,50000,Ventanas críticas,0.0,27.19,Variable
mining_continuous_load,hedged_10pct_spot,ICA 220,36,26.66,34.08,44.53,0,0,0,0.1,50000,Ventanas críticas,0.0,27.19,Variable
mining_continuous_load,hedged_10pct_spot,INDEPENDENCIA 60,36,26.39,32.11,44.78,0,0,0,0.1,50000,Ventanas críticas,0.0,26.62,Variable
mining_continuous_load,hedged_10pct_spot,CT PISCO 60,36,26.39,32.11,44.78,0,0,0,0.1,50000,Ventanas críticas,0.0,26.62,Variable
mining_continuous_load,hedged_10pct_spot,FLAMENCO 220,26,26.38,32.38,36.9,0,0,0,0.1,50000,Ventanas críticas,0.0,25.5,Variable
mining_continuous_load,hedged_10pct_spot,INDUSTRIALES 220,36,26.26,32.19,43.17,0,0,0,0.1,50000,Ventanas críticas,0.0,26.34,Variable
mining_continuous_load,hedged_10pct_spot,CAJAMARQUILLA 220,36,26.13,31.54,45.52,0,0,0,0.1,50000,Ventanas críticas,0.0,26.47,Variable
mining_continuous_load,hedged_10pct_spot,NAZCA NUEVA 220,23,26.03,29.2,35.72,0,0,0,0.1,50000,Ventanas críticas,0.0,24.37,Variable
mining_continuous_load,hedged_10pct_spot,ERSUR 220,26,26.02,31.21,36.19,0,0,0,0.1,50000,Ventanas críticas,0.0,24.94,Variable
mining_continuous_load,hedged_10pct_spot,CT INDEPENDENCIA 60,36,25.9,31.48,44.31,0,0,0,0.1,50000,Ventanas críticas,0.0,26.17,Variable
mining_continuous_load,hedged_10pct_spot,PLANICIE 220,36,25.76,31.55,33.75,0,0,0,0.1,50000,Ventanas críticas,0.0,24.54,Variable
mining_continuous_load,hedged_10pct_spot,CHEVES 220,36,25.72,34.25,42.44,0,0,0,0.1,50000,Ventanas críticas,0.0,26.51,Variable
mining_continuous_load,hedged_10pct_spot,MARAÑON 60,36,25.53,36.16,47.98,0,0,0,0.1,50000,Ventanas críticas,0.0,27.73,Variable
mining_continuous_load,hedged_10pct_spot,SANTA ROSA 220,36,25.5,31.72,46.84,0,0,0,0.1,50000,Ventanas críticas,0.0,26.43,Variable
mining_continuous_load,hedged_10pct_spot,INDEPENDENCIA 220,36,25.41,31.11,44.54,0,0,0,0.1,50000,Ventanas críticas,0.0,25.9,Variable
mining_continuous_load,hedged_10pct_spot,MACHUPICCHU 138,36,25.39,38.06,44.72,0,0,0,0.1,50000,Ventanas críticas,0.0,27.65,Variable
mining_continuous_load,hedged_10pct_spot,CARAPONGO 220,36,25.35,30.99,45.04,0,0,0,0.1,50000,Ventanas críticas,0.0,25.91,Variable
mining_continuous_load,hedged_10pct_spot,HUANCHOR 50,36,25.34,41.46,50.85,0,0,0,0.1,50000,Ventanas críticas,0.0,29.39,Variable
mining_continuous_load,hedged_10pct_spot,PARAGSHA2 138,36,25.18,34.08,42.39,0,0,0,0.1,50000,Ventanas críticas,0.0,26.21,Variable
mining_continuous_load,hedged_10pct_spot,CHINCHA NUEVA 220,23,25.14,33.33,43.16,0,0,0,0.1,50000,Ventanas críticas,0.0,26.12,Variable
mining_continuous_load,hedged_10pct_spot,CHEVES 13.8,36,24.96,33.69,42.21,0,0,0,0.1,50000,Ventanas críticas,0.0,25.98,Variable
mining_continuous_load,hedged_10pct_spot,CAHUA138,36,24.53,33.55,49.2,0,0,0,0.1,50000,Ventanas críticas,0.0,26.81,Variable
mining_continuous_load,hedged_10pct_spot,PUNTA LOMITAS II,36,23.87,28.59,33.28,0,0,0,0.1,50000,Ventanas críticas,0.0,22.88,Variable
mining_continuous_load,hedged_10pct_spot,PUNTA LOMITAS I,36,23.82,28.7,32.02,0,0,0,0.1,50000,Ventanas críticas,0.0,22.7,Variable
mining_continuous_load,hedged_10pct_spot,DESIERTO 220,35,23.75,29.33,42.16,0,0,0,0.1,50000,Ventanas críticas,0.0,24.34,Variable
mining_continuous_load,hedged_10pct_spot,CANTERA 220,36,23.56,29.18,42.76,0,0,0,0.1,50000,Ventanas críticas,0.0,24.31,Variable
mining_continuous_load,hedged_10pct_spot,PARAGSHA2 220,36,23.49,32.89,41.47,0,0,0,0.1,50000,Ventanas críticas,0.0,25.01,Variable
mining_continuous_load,hedged_10pct_spot,CALLAHUANCA EDEGEL 220,36,23.43,27.62,35.59,0,0,0,0.1,50000,Ventanas críticas,0.0,22.79,Variable
mining_continuous_load,hedged_10pct_spot,HUINCO 220,36,23.32,29.42,44.12,0,0,0,0.1,50000,Ventanas críticas,0.0,24.47,Variable
mining_continuous_load,hedged_10pct_spot,HUANZA 220,36,23.0,29.39,42.52,0,0,0,0.1,50000,Ventanas críticas,0.0,24.07,Variable
mining_continuous_load,hedged_10pct_spot,HUAMPANI 60,36,22.94,30.8,44.7,0,0,0,0.1,50000,Ventanas críticas,0.0,24.73,Variable
mining_continuous_load,hedged_10pct_spot,SAN JUAN 220,36,22.86,28.26,34.58,0,0,0,0.1,50000,Ventanas críticas,0.0,22.54,Variable
mining_continuous_load,hedged_10pct_spot,CHILCA500,36,22.6,26.49,32.33,0,0,0,0.1,50000,Ventanas críticas,0.0,21.64,Variable
mining_continuous_load,hedged_10pct_spot,POMACOCHA 220,36,22.43,27.9,30.03,0,0,0,0.1,50000,Ventanas críticas,0.0,21.57,Variable
mining_continuous_load,hedged_10pct_spot,OROYA NUEVA 220,36,22.32,28.75,31.24,0,0,0,0.1,50000,Ventanas críticas,0.0,21.92,Variable
mining_continuous_load,hedged_10pct_spot,SANTA ANA 138,6,22.29,27.76,31.01,0,0,0,0.1,50000,Ventanas críticas,0.0,21.62,Variable
mining_continuous_load,hedged_10pct_spot,OLLEROS 500,36,22.29,26.87,31.68,0,0,0,0.1,50000,Ventanas críticas,0.0,21.5,Variable
mining_continuous_load,hedged_10pct_spot,CS COENERGY 22.9,1,22.27,22.27,22.27,0,0,0,0.1,50000,Volatilidad,0.0,18.93,Variable
mining_continuous_load,hedged_10pct_spot,PACHACHACA 220,36,21.98,27.22,30.45,0,0,0,0.1,50000,Ventanas críticas,0.0,21.27,Variable
mining_continuous_load,hedged_10pct_spot,CARHUAMAYO 138,36,21.96,30.59,34.29,0,0,0,0.1,50000,Ventanas críticas,0.0,22.67,Variable
mining_continuous_load,hedged_10pct_spot,FENIX 500,36,21.96,25.69,32.5,0,0,0,0.1,50000,Ventanas críticas,0.0,21.18,Variable
mining_continuous_load,hedged_10pct_spot,CHIRIBAMBA 220,22,21.85,26.77,34.21,0,0,0,0.1,50000,Ventanas críticas,0.0,21.66,Variable
mining_continuous_load,hedged_10pct_spot,ALTO PRADERAS 220,36,21.62,27.13,40.01,0,0,0,0.1,50000,Ventanas críticas,0.0,22.51,Variable
mining_continuous_load,hedged_10pct_spot,MATUCANA 220,36,21.59,25.84,34.31,0,0,0,0.1,50000,Ventanas críticas,0.0,21.32,Variable
mining_continuous_load,hedged_10pct_spot,YANANGO 220,36,21.43,26.72,32.11,0,0,0,0.1,50000,Ventanas críticas,0.0,21.14,Variable
mining_continuous_load,hedged_10pct_spot,ASIA 220,36,21.4,27.35,42.04,0,0,0,0.1,50000,Ventanas críticas,0.0,22.77,Variable
mining_continuous_load,hedged_10pct_spot,MOYOPAMPA 60,36,21.2,26.91,31.12,0,0,0,0.1,50000,Ventanas críticas,0.0,20.93,Variable
mining_continuous_load,hedged_10pct_spot,SANTA ISABEL 220,36,21.06,29.58,33.97,0,0,0,0.1,50000,Ventanas críticas,0.0,21.97,Variable
mining_continuous_load,hedged_10pct_spot,OROYA NUEVA 50,36,20.71,27.68,32.24,0,0,0,0.1,50000,Ventanas críticas,0.0,21.07,Variable
mining_continuous_load,hedged_10pct_spot,CHAGLLA 220,36,20.38,30.71,32.71,0,0,0,0.1,50000,Ventanas críticas,0.0,21.75,Variable
mining_continuous_load,hedged_10pct_spot,CONDORCOCHA 44,36,20.27,27.94,33.2,0,0,0,0.1,50000,Ventanas críticas,0.0,21.09,Variable
mining_continuous_load,hedged_10pct_spot,CONDORCOCHA 138,36,19.93,27.4,33.09,0,0,0,0.1,50000,Ventanas críticas,0.0,20.78,Variable
mining_continuous_load,hedged_10pct_spot,CARIPA 138,36,19.64,26.89,32.39,0,0,0,0.1,50000,Ventanas críticas,0.0,20.42,Variable
mining_continuous_load,hedged_10pct_spot,CHILCA UNO 220,36,19.48,24.56,28.29,0,0,0,0.1,50000,Ventanas críticas,0.0,19.15,Variable
mining_continuous_load,hedged_10pct_spot,CHIMAY 220,36,19.43,24.59,29.67,0,0,0,0.1,50000,Ventanas críticas,0.0,19.34,Variable
mining_continuous_load,hedged_10pct_spot,HUAYUCACHI 220,36,19.37,23.98,28.07,0,0,0,0.1,50000,Ventanas críticas,0.0,18.92,Variable
mining_continuous_load,hedged_10pct_spot,CH OROYA 50,36,19.21,24.98,31.13,0,0,0,0.1,50000,Ventanas críticas,0.0,19.56,Variable
mining_continuous_load,hedged_10pct_spot,HUANCAVELICA 220,36,19.04,23.31,29.23,0,0,0,0.1,50000,Ventanas críticas,0.0,18.78,Variable
mining_continuous_load,hedged_10pct_spot,YAUPI 138,36,18.88,26.64,33.54,0,0,0,0.1,50000,Ventanas críticas,0.0,20.18,Variable
mining_continuous_load,hedged_10pct_spot,LAS FLORES 220,36,18.86,23.43,28.11,0,0,0,0.1,50000,Ventanas críticas,0.0,18.56,Variable
mining_continuous_load,hedged_10pct_spot,CALLAHUANCA 60,36,18.6,24.49,33.41,0,0,0,0.1,50000,Ventanas críticas,0.0,19.51,Variable
mining_continuous_load,hedged_10pct_spot,CHILCA DOS 13.8,36,18.54,24.34,27.06,0,0,0,0.1,50000,Ventanas críticas,0.0,18.49,Variable
mining_continuous_load,hedged_10pct_spot,CERRO DEL AGUILA 220,36,18.44,23.84,27.11,0,0,0,0.1,50000,Ventanas críticas,0.0,18.33,Variable
mining_continuous_load,hedged_10pct_spot,YAUPI13.8,36,18.07,25.47,32.86,0,0,0,0.1,50000,Ventanas críticas,0.0,19.43,Variable
mining_continuous_load,hedged_10pct_spot,LA VIRGEN 138,36,18.06,25.08,31.1,0,0,0,0.1,50000,Ventanas críticas,0.0,19.06,Variable
mining_continuous_load,hedged_10pct_spot,CHILCA REP 220,36,18.01,23.55,27.24,0,0,0,0.1,50000,Ventanas críticas,0.0,18.08,Variable
mining_continuous_load,hedged_10pct_spot,YARUCAYA 13.8,36,17.21,22.28,34.37,0,0,0,0.1,50000,Ventanas críticas,0.0,18.47,Variable
mining_continuous_load,hedged_10pct_spot,CAMPO ARMIÑO 220,36,16.56,20.64,22.77,0,0,0,0.1,50000,Ventanas críticas,0.0,16.03,Variable
mining_continuous_load,hedged_10pct_spot,MALPASO 50,36,16.54,21.58,27.17,0,0,0,0.1,50000,Ventanas críticas,0.0,16.91,Variable
mining_continuous_load,hedged_10pct_spot,RESTITUCIÓN 220,36,16.08,20.03,22.1,0,0,0,0.1,50000,Ventanas críticas,0.0,15.56,Variable
mining_continuous_load,hedged_10pct_spot,CORACORA 60,4,15.54,24.09,28.51,0,0,4,0.1,50000,Prima de estrés,0.0,17.29,Variable
mining_continuous_load,hedged_10pct_spot,NAZCA 22.9,4,15.13,23.63,28.12,0,0,4,0.1,50000,Prima de estrés,0.0,16.93,Variable
mining_continuous_load,hedged_10pct_spot,PLATANAL 220,36,14.84,19.34,21.14,0,0,0,0.1,50000,Ventanas críticas,0.0,14.69,Variable
mining_continuous_load,hedged_10pct_spot,LLIPATA 60,4,14.58,23.18,27.99,0,0,4,0.1,50000,Prima de estrés,0.0,16.56,Variable
mining_continuous_load,hedged_10pct_spot,ALTO LA LUNA 10,14,12.51,18.29,20.88,0,0,11,0.1,50000,Prima de estrés,0.0,13.34,Variable
mining_continuous_load,hedged_10pct_spot,ALTO LA LUNA 60,14,12.21,17.8,20.31,0,0,11,0.1,50000,Prima de estrés,0.0,12.99,Variable
mining_continuous_load,hedged_10pct_spot,PISCO 10,14,12.0,17.26,20.0,0,0,11,0.1,50000,Prima de estrés,0.0,12.71,Variable
mining_continuous_load,hedged_10pct_spot,VILLACURI 22.9,14,11.92,18.17,19.78,0,0,11,0.1,50000,Prima de estrés,0.0,12.87,Variable
mining_continuous_load,hedged_10pct_spot,PARACAS 22,14,11.84,17.81,22.75,0,0,11,0.1,50000,Prima de estrés,0.0,13.19,Variable
mining_continuous_load,hedged_10pct_spot,PARACAS 10,14,11.76,17.36,22.93,0,0,11,0.1,50000,Prima de estrés,0.0,13.07,Variable
mining_continuous_load,hedged_10pct_spot,TAMBO DE MORA 10,5,11.44,16.65,21.48,0,0,4,0.1,50000,Prima de estrés,0.0,12.53,Variable
mining_continuous_load,hedged_10pct_spot,VILLACURI 60,14,11.12,16.71,18.66,0,0,11,0.1,50000,Prima de estrés,0.0,11.98,Variable
mining_continuous_load,hedged_10pct_spot,PEDREGAL 10,5,10.94,16.25,20.9,0,0,4,0.1,50000,Prima de estrés,0.0,12.12,Variable
mining_continuous_load,hedged_10pct_spot,PUEBLO NUEVO 10,5,10.46,14.62,17.2,0,0,4,0.1,50000,Prima de estrés,0.0,10.94,Variable
mining_continuous_load,hedged_10pct_spot,INDEPENDENCIA 10,14,10.21,13.7,22.0,0,0,11,0.1,50000,Prima de estrés,0.0,11.32,Variable
mining_continuous_load,hedged_10pct_spot,CHALA 60,1,8.92,8.92,8.92,0,0,1,0.1,50000,Prima de estrés,0.0,7.58,Variable
mining_continuous_load,hedged_10pct_spot,BELLA UNION 60,1,8.49,8.49,8.49,0,0,1,0.1,50000,Prima de estrés,0.0,7.21,Variable
mining_continuous_load,hedged_10pct_spot,JAHUAY 60,1,7.97,7.97,7.97,0,0,1,0.1,50000,Prima de estrés,0.0,6.77,Variable
mining_continuous_load,hedged_10pct_spot,FUNSUR 60,1,7.86,7.86,7.86,0,0,1,0.1,50000,Prima de estrés,0.0,6.68,Variable
mining_continuous_load,hedged_10pct_spot,MINA 60,1,7.29,7.29,7.29,0,0,1,0.1,50000,Prima de estrés,0.0,6.2,Variable
mining_continuous_load,hedged_10pct_spot,HUARANGO 60,1,6.77,6.77,6.77,0,0,1,0.1,50000,Prima de estrés,0.0,5.76,Variable
mining_continuous_load,hedged_10pct_spot,LOMAS 60,1,6.77,6.77,6.77,0,0,1,0.1,50000,Prima de estrés,0.0,5.76,Variable
mining_continuous_load,indexed_50pct_spot,PLANTAETANOL 60,36,64.25,74.28,76.21,0,18,0,0.5,50000,Nivel de precio,0.5,66.41,Estable
mining_continuous_load,indexed_50pct_spot,HUAYLLACHO 15,36,64.25,74.73,77.29,0,17,0,0.5,50000,Nivel de precio,0.472,66.27,Estable
mining_continuous_load,indexed_50pct_spot,SAN IGNACIO 15,36,64.01,74.26,77.0,0,17,0,0.5,50000,Nivel de precio,0.472,66.0,Estable
mining_continuous_load,indexed_50pct_spot,SAN ANTONIO 15,36,63.99,74.26,77.0,0,17,0,0.5,50000,Nivel de precio,0.472,65.99,Estable
mining_continuous_load,indexed_50pct_spot,ZORRITOS 220,36,63.75,74.29,75.15,0,17,0,0.5,50000,Nivel de precio,0.472,65.62,Estable
mining_continuous_load,indexed_50pct_spot,NCTUMBES60,36,63.56,74.27,75.31,0,16,0,0.5,50000,Nivel de precio,0.444,65.13,Estable
mining_continuous_load,indexed_50pct_spot,MISAPUQUIO 33,36,63.03,73.35,76.54,0,15,0,0.5,50000,Nivel de precio,0.417,64.43,Estable
mining_continuous_load,indexed_50pct_spot,TINTAYA EXISTENTE 138,36,62.71,73.12,76.29,0,14,0,0.5,50000,Nivel de precio,0.389,63.78,Estable
mining_continuous_load,indexed_50pct_spot,GE1 33,36,62.67,73.02,74.46,0,16,0,0.5,50000,Nivel de precio,0.444,64.29,Estable
mining_continuous_load,indexed_50pct_spot,TINTAYA NUEVA 220,36,62.34,72.53,75.97,0,14,0,0.5,50000,Nivel de precio,0.389,63.41,Estable
mining_continuous_load,indexed_50pct_spot,PIURA OESTE 220,36,62.2,71.77,74.65,0,14,0,0.5,50000,Nivel de precio,0.389,62.96,Estable
mining_continuous_load,indexed_50pct_spot,TALARA 220,36,62.17,71.84,74.06,0,14,0,0.5,50000,Nivel de precio,0.389,62.88,Estable
mining_continuous_load,indexed_50pct_spot,TALARA13.2,36,61.84,71.89,74.33,0,13,0,0.5,50000,Nivel de precio,0.361,62.37,Estable
mining_continuous_load,indexed_50pct_spot,GALLITO CIEGO 60,36,61.74,71.32,73.81,0,13,0,0.5,50000,Nivel de precio,0.361,62.1,Estable
mining_continuous_load,indexed_50pct_spot,BELAUNDE 138,36,61.67,71.36,74.34,0,13,0,0.5,50000,Nivel de precio,0.361,62.16,Estable
mining_continuous_load,indexed_50pct_spot,VALLE DEL CHIRA 220,14,60.2,70.72,72.42,0,3,0,0.5,50000,Nivel de precio,0.214,58.85,Estable
mining_continuous_load,indexed_50pct_spot,PARIAC 66,36,59.03,69.55,73.32,0,10,0,0.5,50000,Nivel de precio,0.278,59.11,Estable
mining_continuous_load,indexed_50pct_spot,JULIACA10,36,57.68,68.5,71.36,0,10,0,0.5,50000,Nivel de precio,0.278,57.95,Estable
mining_continuous_load,indexed_50pct_spot,JAEN 138,24,56.93,66.98,72.03,0,5,0,0.5,50000,Nivel de precio,0.208,56.29,Estable
mining_continuous_load,indexed_50pct_spot,TOCACHE 138,36,54.04,62.86,68.87,0,2,0,0.5,50000,Nivel de precio,0.056,51.2,Estable
mining_continuous_load,indexed_50pct_spot,JULIACA 138,36,53.08,63.87,66.85,0,3,0,0.5,50000,Nivel de precio,0.083,51.13,Estable
mining_continuous_load,indexed_50pct_spot,CALLALLI 138,36,52.7,63.33,67.09,0,1,0,0.5,50000,Nivel de precio,0.028,50.03,Estable
mining_continuous_load,indexed_50pct_spot,GUADALUPE 60,36,52.54,60.79,63.54,0,0,0,0.5,50000,Nivel de precio,0.0,48.37,Estable
mining_continuous_load,indexed_50pct_spot,LA BREA 220,21,51.64,62.08,66.26,0,2,0,0.5,50000,Nivel de precio,0.095,50.13,Estable
mining_continuous_load,indexed_50pct_spot,ILO1 138,36,51.19,59.87,64.15,0,0,0,0.5,50000,Nivel de precio,0.0,47.62,Estable
mining_continuous_load,indexed_50pct_spot,PLANTA CASA GRANDE 13.8,1,51.17,51.17,51.17,0,0,0,0.5,50000,Nivel de precio,0.0,43.49,Sensible
mining_continuous_load,indexed_50pct_spot,TOQUEPALA 138,36,50.91,59.34,64.08,0,0,0,0.5,50000,Nivel de precio,0.0,47.36,Estable
mining_continuous_load,indexed_50pct_spot,AYAVIRI 138,36,50.73,62.21,65.29,0,1,0,0.5,50000,Nivel de precio,0.028,48.59,Estable
mining_continuous_load,indexed_50pct_spot,PUNO 138,36,50.7,61.01,64.68,0,0,0,0.5,50000,Nivel de precio,0.0,47.77,Estable
mining_continuous_load,indexed_50pct_spot,ILO ELP 138,36,50.61,59.25,63.51,0,0,0,0.5,50000,Nivel de precio,0.0,47.11,Estable
mining_continuous_load,indexed_50pct_spot,CHICLAYO 220,36,50.31,58.67,61.66,0,0,0,0.5,50000,Nivel de precio,0.0,46.55,Estable
mining_continuous_load,indexed_50pct_spot,PUNO 220,36,50.25,60.65,64.18,0,0,0,0.5,50000,Nivel de precio,0.0,47.4,Estable
mining_continuous_load,indexed_50pct_spot,ARICOTA2 138,36,50.17,58.93,63.18,0,0,0,0.5,50000,Nivel de precio,0.0,46.79,Estable
mining_continuous_load,indexed_50pct_spot,BOTIFLACA 138,36,49.92,58.48,63.03,0,0,0,0.5,50000,Nivel de precio,0.0,46.54,Estable
mining_continuous_load,indexed_50pct_spot,CT ETEN 220,36,49.88,58.44,61.2,0,0,0,0.5,50000,Nivel de precio,0.0,46.23,Estable
mining_continuous_load,indexed_50pct_spot,RECKA 220,36,49.86,58.45,60.97,0,0,0,0.5,50000,Nivel de precio,0.0,46.19,Estable
mining_continuous_load,indexed_50pct_spot,ETEN 18,36,49.81,58.27,61.08,0,0,0,0.5,50000,Nivel de precio,0.0,46.15,Estable
mining_continuous_load,indexed_50pct_spot,RECKA 18,36,49.8,58.39,60.86,0,0,0,0.5,50000,Nivel de precio,0.0,46.14,Estable
mining_continuous_load,indexed_50pct_spot,ARICOTA 66,36,49.69,58.47,62.73,0,0,0,0.5,50000,Nivel de precio,0.0,46.39,Estable
mining_continuous_load,indexed_50pct_spot,CHILINA 33,36,49.63,60.42,62.8,0,0,0,0.5,50000,Nivel de precio,0.0,46.86,Estable
mining_continuous_load,indexed_50pct_spot,MOLLENDO 138,36,49.51,60.77,64.52,0,0,0,0.5,50000,Nivel de precio,0.0,47.15,Estable
mining_continuous_load,indexed_50pct_spot,PUERTO MALDONADO 10,36,49.5,63.33,66.62,0,2,0,0.5,50000,Nivel de precio,0.056,48.93,Estable
mining_continuous_load,indexed_50pct_spot,LA NIÑA 220,36,49.49,58.19,61.38,0,0,0,0.5,50000,Nivel de precio,0.0,46.02,Estable
mining_continuous_load,indexed_50pct_spot,CACLIC 220,36,49.36,58.81,61.35,0,0,0,0.5,50000,Nivel de precio,0.0,46.11,Estable
mining_continuous_load,indexed_50pct_spot,AZANGARO 138,36,49.27,61.64,64.32,0,0,0,0.5,50000,Nivel de precio,0.0,47.23,Estable
mining_continuous_load,indexed_50pct_spot,ARICOTA1 66,36,49.05,57.68,61.69,0,0,0,0.5,50000,Nivel de precio,0.0,45.74,Variable
mining_continuous_load,indexed_50pct_spot,LOS HEROES 66,36,49.0,57.3,61.67,0,0,0,0.5,50000,Nivel de precio,0.0,45.62,Variable
mining_continuous_load,indexed_50pct_spot,PUERTO MALDONADO 138,36,48.85,62.76,67.37,0,2,0,0.5,50000,Nivel de precio,0.056,48.61,Estable
mining_continuous_load,indexed_50pct_spot,CHILINA 138,36,48.83,58.29,62.71,0,0,0,0.5,50000,Nivel de precio,0.0,45.95,Variable
mining_continuous_load,indexed_50pct_spot,GUADALUPE 220,36,48.71,57.63,60.27,0,0,0,0.5,50000,Nivel de precio,0.0,45.37,Estable
mining_continuous_load,indexed_50pct_spot,COMBAPATA 138,36,48.66,60.44,61.86,0,0,0,0.5,50000,Nivel de precio,0.0,46.29,Estable
mining_continuous_load,indexed_50pct_spot,REPARTICIÓN 138,36,48.59,59.66,63.19,0,0,0,0.5,50000,Nivel de precio,0.0,46.26,Estable
mining_continuous_load,indexed_50pct_spot,PUCALLPA 60,36,48.53,57.56,64.64,0,0,0,0.5,50000,Nivel de precio,0.0,45.92,Estable
mining_continuous_load,indexed_50pct_spot,CT PLANTA PUCALLPA 60,36,48.48,57.35,64.52,0,0,0,0.5,50000,Nivel de precio,0.0,45.83,Estable
mining_continuous_load,indexed_50pct_spot,LOS HEROES 220,36,48.35,56.78,60.9,0,0,0,0.5,50000,Nivel de precio,0.0,45.09,Variable
mining_continuous_load,indexed_50pct_spot,CUTERVO 138,36,48.06,58.19,61.97,0,0,0,0.5,50000,Nivel de precio,0.0,45.47,Estable
mining_continuous_load,indexed_50pct_spot,CERRO VERDE 138,36,47.98,57.65,61.1,0,0,0,0.5,50000,Nivel de precio,0.0,45.17,Variable
mining_continuous_load,indexed_50pct_spot,PUCALLPA 138,36,47.91,56.69,63.92,0,0,0,0.5,50000,Nivel de precio,0.0,45.32,Estable
mining_continuous_load,indexed_50pct_spot,MOQUEGUA 138,36,47.48,56.19,60.16,0,0,0,0.5,50000,Nivel de precio,0.0,44.44,Variable
mining_continuous_load,indexed_50pct_spot,AGROLMOS 60,6,47.47,56.97,58.97,0,0,0,0.5,50000,Nivel de precio,0.0,44.45,Variable
mining_continuous_load,indexed_50pct_spot,SANTUARIO 138,36,47.17,57.43,61.22,0,0,0,0.5,50000,Nivel de precio,0.0,44.77,Variable
mining_continuous_load,indexed_50pct_spot,MOQUEGUA 220,36,47.08,55.72,59.63,0,0,0,0.5,50000,Nivel de precio,0.0,44.06,Variable
mining_continuous_load,indexed_50pct_spot,SOCABAYA 138,36,46.9,56.58,60.49,0,0,0,0.5,50000,Nivel de precio,0.0,44.32,Variable
mining_continuous_load,indexed_50pct_spot,PLANTA SAN JACINTO 13.8,36,46.84,55.74,58.72,0,0,0,0.5,50000,Nivel de precio,0.0,43.82,Variable
mining_continuous_load,indexed_50pct_spot,ILO2 220,36,46.75,55.06,59.35,0,0,0,0.5,50000,Nivel de precio,0.0,43.71,Variable
mining_continuous_load,indexed_50pct_spot,CAJAMARCA 220,36,46.57,56.74,57.97,0,0,0,0.5,50000,Nivel de precio,0.0,43.84,Variable
mining_continuous_load,indexed_50pct_spot,SOCABAYA 220,36,46.47,55.99,59.81,0,0,0,0.5,50000,Nivel de precio,0.0,43.88,Variable
mining_continuous_load,indexed_50pct_spot,CHARCANI VI 33,36,46.38,55.81,57.85,0,0,0,0.5,50000,Nivel de precio,0.0,43.5,Variable
mining_continuous_load,indexed_50pct_spot,TRUJILLO 220,36,46.33,54.79,59.36,0,0,0,0.5,50000,Nivel de precio,0.0,43.45,Variable
mining_continuous_load,indexed_50pct_spot,MONTALVO 220,36,46.05,54.89,59.12,0,0,0,0.5,50000,Nivel de precio,0.0,43.31,Variable
mining_continuous_load,indexed_50pct_spot,CARHUAQUERO 220,36,45.59,56.51,58.62,0,0,0,0.5,50000,Nivel de precio,0.0,43.44,Variable
mining_continuous_load,indexed_50pct_spot,HUALLIN60,21,45.22,57.15,59.09,0,0,0,0.5,50000,Nivel de precio,0.0,43.5,Sensible
mining_continuous_load,indexed_50pct_spot,S.E. ILO4 500,36,45.19,53.53,57.83,0,0,0,0.5,50000,Nivel de precio,0.0,42.39,Variable
mining_continuous_load,indexed_50pct_spot,RUBI 220,33,44.7,53.39,58.9,0,0,0,0.5,50000,Volatilidad,0.0,42.3,Variable
mining_continuous_load,indexed_50pct_spot,AUCAYACU 138,36,44.46,56.44,60.05,0,0,0,0.5,50000,Nivel de precio,0.0,43.12,Variable
mining_continuous_load,indexed_50pct_spot,SAN JOSE 500,36,44.39,52.66,57.08,0,0,0,0.5,50000,Nivel de precio,0.0,41.7,Variable
mining_continuous_load,indexed_50pct_spot,PUERTO BRAVO 500,36,44.24,52.69,56.65,0,0,0,0.5,50000,Nivel de precio,0.0,41.58,Variable
mining_continuous_load,indexed_50pct_spot,PUERTO BRAVO 18,36,44.13,52.54,56.5,0,0,0,0.5,50000,Nivel de precio,0.0,41.47,Variable
mining_continuous_load,indexed_50pct_spot,CHAPARRAL 138,18,44.04,53.81,56.28,0,0,0,0.5,50000,Volatilidad,0.0,41.71,Variable
mining_continuous_load,indexed_50pct_spot,DUNA HUAMBOS 34.5,31,44.03,56.09,61.23,0,0,0,0.5,50000,Nivel de precio,0.0,43.02,Variable
mining_continuous_load,indexed_50pct_spot,BIOENERGIA 13.8,36,43.96,55.72,63.5,0,0,0,0.5,50000,Nivel de precio,0.0,43.24,Variable
mining_continuous_load,indexed_50pct_spot,CHIMBOTE1 138,36,43.8,53.54,57.61,0,0,0,0.5,50000,Nivel de precio,0.0,41.73,Variable
mining_continuous_load,indexed_50pct_spot,CARHUAQUERO 10_S,24,43.74,56.06,57.78,0,0,0,0.5,50000,Nivel de precio,0.0,42.36,Variable
mining_continuous_load,indexed_50pct_spot,LA RAMADA 220,36,43.44,54.78,56.05,0,0,0,0.5,50000,Nivel de precio,0.0,41.65,Variable
mining_continuous_load,indexed_50pct_spot,CHIMBOTE1 220,36,42.99,53.24,57.76,0,0,0,0.5,50000,Nivel de precio,0.0,41.32,Variable
mining_continuous_load,indexed_50pct_spot,CHARCANI I 33,36,42.83,53.55,57.31,0,0,0,0.5,50000,Nivel de precio,0.0,41.26,Variable
mining_continuous_load,indexed_50pct_spot,QUENCORO 138,36,42.77,55.52,58.5,0,0,0,0.5,50000,Nivel de precio,0.0,41.9,Variable
mining_continuous_load,indexed_50pct_spot,DOLORESPATA 138,36,42.5,55.32,58.36,0,0,0,0.5,50000,Nivel de precio,0.0,41.71,Variable
mining_continuous_load,indexed_50pct_spot,QUITARACSA 220,36,41.36,53.13,55.8,0,0,0,0.5,50000,Nivel de precio,0.0,40.27,Variable
mining_continuous_load,indexed_50pct_spot,MAZUCO138,36,41.1,58.93,65.17,0,1,0,0.5,50000,Volatilidad,0.028,43.42,Variable
mining_continuous_load,indexed_50pct_spot,CACHIMAYO 138,36,41.05,53.45,57.75,0,0,0,0.5,50000,Nivel de precio,0.0,40.5,Variable
mining_continuous_load,indexed_50pct_spot,SAN NICOLAS 13.8,36,40.58,50.09,62.87,0,0,0,0.5,50000,Prima de estrés,0.0,40.21,Variable
mining_continuous_load,indexed_50pct_spot,ZAÑA 60,36,40.13,54.87,59.35,0,0,0,0.5,50000,Nivel de precio,0.0,40.68,Variable
mining_continuous_load,indexed_50pct_spot,AGUAYTIA 138,36,39.97,53.55,58.89,0,0,0,0.5,50000,Nivel de precio,0.0,40.21,Variable
mining_continuous_load,indexed_50pct_spot,TINGO MARIA 138,36,39.7,52.25,55.26,0,0,0,0.5,50000,Nivel de precio,0.0,39.22,Variable
mining_continuous_load,indexed_50pct_spot,AGUAYTIA 22.9,36,39.58,53.37,57.91,0,0,0,0.5,50000,Nivel de precio,0.0,39.84,Variable
mining_continuous_load,indexed_50pct_spot,AGUAYTIA 220,36,39.28,53.25,57.5,0,0,0,0.5,50000,Nivel de precio,0.0,39.61,Variable
mining_continuous_load,indexed_50pct_spot,SAN MARTIN 220,9,39.27,45.29,46.45,0,0,0,0.5,50000,Volatilidad,0.0,35.96,Variable
mining_continuous_load,indexed_50pct_spot,PURMACANA 20,36,39.21,50.61,55.98,0,0,0,0.5,50000,Nivel de precio,0.0,38.69,Variable
mining_continuous_load,indexed_50pct_spot,CHARCANI IV 33,36,38.59,51.38,55.03,0,0,0,0.5,50000,Ventanas críticas,0.0,38.47,Variable
mining_continuous_load,indexed_50pct_spot,COTARUSE 220,36,38.17,49.23,55.58,0,0,0,0.5,50000,Ventanas críticas,0.0,37.82,Variable
mining_continuous_load,indexed_50pct_spot,HUALLANCA 138,36,38.04,51.08,56.17,0,0,0,0.5,50000,Nivel de precio,0.0,38.31,Variable
mining_continuous_load,indexed_50pct_spot,PAQUILLUSI 220,9,37.88,48.57,54.08,0,0,0,0.5,50000,Volatilidad,0.0,37.3,Variable
mining_continuous_load,indexed_50pct_spot,HUANUCO 138,36,37.51,49.42,53.96,0,0,0,0.5,50000,Nivel de precio,0.0,37.33,Variable
mining_continuous_load,indexed_50pct_spot,SUNNY 220,4,36.97,42.49,42.73,0,0,0,0.5,50000,Volatilidad,0.0,33.67,Variable
mining_continuous_load,indexed_50pct_spot,PIEDRA BLANCA 34.5,36,36.65,49.46,54.12,0,0,0,0.5,50000,Nivel de precio,0.0,36.98,Variable
mining_continuous_load,indexed_50pct_spot,TUPURI 22.9,36,36.61,55.01,62.41,0,0,0,0.5,50000,Ventanas críticas,0.0,39.59,Variable
mining_continuous_load,indexed_50pct_spot,SAN GABAN 138,36,36.48,53.89,61.37,0,0,0,0.5,50000,Ventanas críticas,0.0,39.09,Variable
mining_continuous_load,indexed_50pct_spot,PARAMONGA NUEVA 220,36,35.92,47.89,55.22,0,0,0,0.5,50000,Ventanas críticas,0.0,36.42,Variable
mining_continuous_load,indexed_50pct_spot,PARAMONGA NUEVA 138,36,35.69,47.6,55.5,0,0,0,0.5,50000,Ventanas críticas,0.0,36.28,Variable
mining_continuous_load,indexed_50pct_spot,VIZCARRA 220,36,35.61,49.7,56.97,0,0,0,0.5,50000,Ventanas críticas,0.0,36.99,Variable
mining_continuous_load,indexed_50pct_spot,OQUENDO 60,36,35.61,47.03,55.7,0,0,0,0.5,50000,Ventanas críticas,0.0,36.14,Variable
mining_continuous_load,indexed_50pct_spot,PARAMONGA EXISTENTE 138,36,35.49,47.19,55.45,0,0,0,0.5,50000,Ventanas críticas,0.0,36.08,Variable
mining_continuous_load,indexed_50pct_spot,MEDIO MUNDO 220,36,35.22,46.72,55.6,0,0,0,0.5,50000,Ventanas críticas,0.0,35.87,Variable
mining_continuous_load,indexed_50pct_spot,PACHACHACA50,36,34.74,44.96,48.9,0,0,0,0.5,50000,Ventanas críticas,0.0,34.21,Variable
mining_continuous_load,indexed_50pct_spot,MARCONA 220,36,34.03,43.08,50.41,0,0,0,0.5,50000,Ventanas críticas,0.0,33.64,Variable
mining_continuous_load,indexed_50pct_spot,POROMA 220,36,34.01,42.81,49.91,0,0,0,0.5,50000,Ventanas críticas,0.0,33.49,Variable
mining_continuous_load,indexed_50pct_spot,LOMERA 220,36,33.32,40.85,49.55,0,0,0,0.5,50000,Ventanas críticas,0.0,32.64,Variable
mining_continuous_load,indexed_50pct_spot,HUACHO 220,36,33.08,41.61,50.22,0,0,0,0.5,50000,Ventanas críticas,0.0,32.82,Variable
mining_continuous_load,indexed_50pct_spot,SANTIAGO DE CAO 138,1,32.87,32.87,32.87,0,0,0,0.5,50000,Prima de estrés,0.0,27.94,Sensible
mining_continuous_load,indexed_50pct_spot,CHAVARRIA 220,36,32.46,39.94,54.04,0,0,0,0.5,50000,Ventanas críticas,0.0,32.7,Variable
mining_continuous_load,indexed_50pct_spot,MARCONA 60,27,32.42,40.03,45.01,0,0,2,0.5,50000,Ventanas críticas,0.0,31.35,Variable
mining_continuous_load,indexed_50pct_spot,ZAPALLAL 220,36,32.35,40.07,53.53,0,0,0,0.5,50000,Ventanas críticas,0.0,32.61,Variable
mining_continuous_load,indexed_50pct_spot,SANTA TERESA 220,36,32.11,46.44,52.66,0,0,0,0.5,50000,Ventanas críticas,0.0,33.96,Variable
mining_continuous_load,indexed_50pct_spot,VENTANILLA 220,36,32.05,39.13,53.59,0,0,0,0.5,50000,Ventanas críticas,0.0,32.25,Variable
mining_continuous_load,indexed_50pct_spot,CARABAYLLO 220,36,31.98,39.72,53.31,0,0,0,0.5,50000,Ventanas críticas,0.0,32.32,Variable
mining_continuous_load,indexed_50pct_spot,FLAMENCO 220,26,31.81,39.66,43.5,0,0,0,0.5,50000,Ventanas críticas,0.0,30.76,Variable
mining_continuous_load,indexed_50pct_spot,ICA 220,36,31.73,39.92,50.71,0,0,0,0.5,50000,Ventanas críticas,0.0,31.87,Variable
mining_continuous_load,indexed_50pct_spot,INDEPENDENCIA 60,36,31.5,39.36,52.75,0,0,0,0.5,50000,Ventanas críticas,0.0,31.93,Variable
mining_continuous_load,indexed_50pct_spot,CT PISCO 60,36,31.5,39.36,52.75,0,0,0,0.5,50000,Ventanas críticas,0.0,31.93,Variable
mining_continuous_load,indexed_50pct_spot,INDUSTRIALES 220,36,31.28,41.57,47.9,0,0,0,0.5,50000,Ventanas críticas,0.0,31.65,Variable
mining_continuous_load,indexed_50pct_spot,NAZCA NUEVA 220,23,31.24,38.59,43.48,0,0,0,0.5,50000,Ventanas críticas,0.0,30.23,Variable
mining_continuous_load,indexed_50pct_spot,ERSUR 220,26,31.18,38.67,41.3,0,0,0,0.5,50000,Ventanas críticas,0.0,29.89,Variable
mining_continuous_load,indexed_50pct_spot,CAJAMARQUILLA 220,36,31.15,38.04,52.33,0,0,0,0.5,50000,Ventanas críticas,0.0,31.37,Variable
mining_continuous_load,indexed_50pct_spot,CT INDEPENDENCIA 60,36,31.0,38.91,52.28,0,0,0,0.5,50000,Ventanas críticas,0.0,31.52,Variable
mining_continuous_load,indexed_50pct_spot,PLANICIE 220,36,30.65,38.64,43.63,0,0,0,0.5,50000,Ventanas críticas,0.0,30.0,Variable
mining_continuous_load,indexed_50pct_spot,CHINCHA NUEVA 220,23,30.61,38.59,50.39,0,0,0,0.5,50000,Ventanas críticas,0.0,30.98,Variable
mining_continuous_load,indexed_50pct_spot,SANTA ROSA 220,36,30.57,40.32,54.01,0,0,0,0.5,50000,Ventanas críticas,0.0,31.94,Variable
mining_continuous_load,indexed_50pct_spot,INDEPENDENCIA 220,36,30.36,37.37,51.87,0,0,0,0.5,50000,Ventanas críticas,0.0,30.79,Variable
mining_continuous_load,indexed_50pct_spot,CARAPONGO 220,36,30.27,37.27,51.23,0,0,0,0.5,50000,Ventanas críticas,0.0,30.62,Variable
mining_continuous_load,indexed_50pct_spot,HUANCHOR 50,36,30.17,48.9,58.51,0,0,0,0.5,50000,Ventanas críticas,0.0,34.58,Variable
mining_continuous_load,indexed_50pct_spot,CHEVES 220,36,29.88,38.21,48.5,0,0,0,0.5,50000,Ventanas críticas,0.0,30.27,Variable
mining_continuous_load,indexed_50pct_spot,MARAÑON 60,36,29.58,41.1,53.3,0,0,0,0.5,50000,Ventanas críticas,0.0,31.58,Variable
mining_continuous_load,indexed_50pct_spot,MACHUPICCHU 138,36,29.48,44.53,48.92,0,0,0,0.5,50000,Ventanas críticas,0.0,31.74,Variable
mining_continuous_load,indexed_50pct_spot,PARAGSHA2 138,36,29.34,37.51,48.79,0,0,0,0.5,50000,Ventanas críticas,0.0,29.9,Variable
mining_continuous_load,indexed_50pct_spot,CHEVES 13.8,36,28.96,37.48,48.14,0,0,0,0.5,50000,Ventanas críticas,0.0,29.62,Variable
mining_continuous_load,indexed_50pct_spot,DESIERTO 220,35,28.62,34.55,48.55,0,0,0,0.5,50000,Ventanas críticas,0.0,28.8,Variable
mining_continuous_load,indexed_50pct_spot,CAHUA138,36,28.56,37.75,55.35,0,0,0,0.5,50000,Ventanas críticas,0.0,30.59,Variable
mining_continuous_load,indexed_50pct_spot,CANTERA 220,36,28.34,33.9,50.55,0,0,0,0.5,50000,Ventanas críticas,0.0,28.81,Variable
mining_continuous_load,indexed_50pct_spot,HUINCO 220,36,27.95,35.42,48.26,0,0,0,0.5,50000,Ventanas críticas,0.0,28.67,Variable
mining_continuous_load,indexed_50pct_spot,PUNTA LOMITAS II,36,27.91,32.37,39.58,0,0,0,0.5,50000,Ventanas críticas,0.0,26.59,Variable
mining_continuous_load,indexed_50pct_spot,PUNTA LOMITAS I,36,27.9,32.5,37.67,0,0,0,0.5,50000,Ventanas críticas,0.0,26.33,Variable
mining_continuous_load,indexed_50pct_spot,CALLAHUANCA EDEGEL 220,36,27.84,33.63,39.52,0,0,0,0.5,50000,Ventanas críticas,0.0,26.86,Variable
mining_continuous_load,indexed_50pct_spot,SAN JUAN 220,36,27.49,33.78,44.34,0,0,0,0.5,50000,Ventanas críticas,0.0,27.47,Variable
mining_continuous_load,indexed_50pct_spot,HUANZA 220,36,27.27,34.62,46.26,0,0,0,0.5,50000,Ventanas críticas,0.0,27.87,Variable
mining_continuous_load,indexed_50pct_spot,HUAMPANI 60,36,27.26,34.63,50.1,0,0,0,0.5,50000,Ventanas críticas,0.0,28.44,Variable
mining_continuous_load,indexed_50pct_spot,PARAGSHA2 220,36,27.26,36.4,46.98,0,0,0,0.5,50000,Ventanas críticas,0.0,28.41,Variable
mining_continuous_load,indexed_50pct_spot,CHILCA500,36,27.12,33.64,38.65,0,0,0,0.5,50000,Ventanas críticas,0.0,26.41,Variable
mining_continuous_load,indexed_50pct_spot,OLLEROS 500,36,26.81,33.7,39.17,0,0,0,0.5,50000,Ventanas críticas,0.0,26.37,Variable
mining_continuous_load,indexed_50pct_spot,SANTA ANA 138,6,26.59,31.96,34.6,0,0,0,0.5,50000,Ventanas críticas,0.0,25.15,Variable
mining_continuous_load,indexed_50pct_spot,POMACOCHA 220,36,26.56,32.73,36.3,0,0,0,0.5,50000,Ventanas críticas,0.0,25.58,Variable
mining_continuous_load,indexed_50pct_spot,FENIX 500,36,26.47,32.66,38.45,0,0,0,0.5,50000,Ventanas críticas,0.0,25.84,Variable
mining_continuous_load,indexed_50pct_spot,CHIRIBAMBA 220,22,26.42,30.89,37.66,0,0,0,0.5,50000,Ventanas críticas,0.0,25.26,Variable
mining_continuous_load,indexed_50pct_spot,OROYA NUEVA 220,36,26.21,32.18,36.97,0,0,0,0.5,50000,Ventanas críticas,0.0,25.39,Variable
mining_continuous_load,indexed_50pct_spot,ALTO PRADERAS 220,36,26.17,32.43,50.77,0,0,0,0.5,50000,Ventanas críticas,0.0,27.5,Variable
mining_continuous_load,indexed_50pct_spot,CS COENERGY 22.9,1,26.06,26.06,26.06,0,0,0,0.5,50000,Volatilidad,0.0,22.15,Variable
mining_continuous_load,indexed_50pct_spot,PACHACHACA 220,36,26.05,31.98,36.86,0,0,0,0.5,50000,Ventanas críticas,0.0,25.25,Variable
mining_continuous_load,indexed_50pct_spot,ASIA 220,36,25.85,31.59,49.83,0,0,0,0.5,50000,Ventanas críticas,0.0,27.01,Variable
mining_continuous_load,indexed_50pct_spot,MATUCANA 220,36,25.69,30.97,37.83,0,0,0,0.5,50000,Ventanas críticas,0.0,24.98,Variable
mining_continuous_load,indexed_50pct_spot,YANANGO 220,36,25.68,31.55,39.08,0,0,0,0.5,50000,Ventanas críticas,0.0,25.31,Variable
mining_continuous_load,indexed_50pct_spot,CARHUAMAYO 138,36,25.63,34.19,38.24,0,0,0,0.5,50000,Ventanas críticas,0.0,25.82,Variable
mining_continuous_load,indexed_50pct_spot,MOYOPAMPA 60,36,25.48,32.24,39.83,0,0,0,0.5,50000,Ventanas críticas,0.0,25.5,Variable
mining_continuous_load,indexed_50pct_spot,SANTA ISABEL 220,36,24.58,33.18,37.43,0,0,0,0.5,50000,Ventanas críticas,0.0,24.97,Variable
mining_continuous_load,indexed_50pct_spot,OROYA NUEVA 50,36,24.39,31.74,35.69,0,0,0,0.5,50000,Ventanas críticas,0.0,24.27,Variable
mining_continuous_load,indexed_50pct_spot,CONDORCOCHA 44,36,23.86,31.49,36.65,0,0,0,0.5,50000,Ventanas críticas,0.0,24.11,Variable
mining_continuous_load,indexed_50pct_spot,CHAGLLA 220,36,23.81,34.24,36.31,0,0,0,0.5,50000,Ventanas críticas,0.0,24.72,Variable
mining_continuous_load,indexed_50pct_spot,CHILCA UNO 220,36,23.68,29.56,37.53,0,0,0,0.5,50000,Ventanas críticas,0.0,23.68,Variable
mining_continuous_load,indexed_50pct_spot,CONDORCOCHA 138,36,23.51,30.93,36.55,0,0,0,0.5,50000,Ventanas críticas,0.0,23.8,Variable
mining_continuous_load,indexed_50pct_spot,CHIMAY 220,36,23.41,28.44,35.79,0,0,0,0.5,50000,Ventanas críticas,0.0,23.01,Variable
mining_continuous_load,indexed_50pct_spot,CARIPA 138,36,23.2,30.45,35.85,0,0,0,0.5,50000,Ventanas críticas,0.0,23.43,Variable
mining_continuous_load,indexed_50pct_spot,HUAYUCACHI 220,36,23.05,27.46,31.59,0,0,0,0.5,50000,Ventanas críticas,0.0,21.98,Variable
mining_continuous_load,indexed_50pct_spot,LAS FLORES 220,36,22.94,28.52,37.28,0,0,0,0.5,50000,Ventanas críticas,0.0,23.05,Variable
mining_continuous_load,indexed_50pct_spot,CH OROYA 50,36,22.82,28.58,34.58,0,0,0,0.5,50000,Ventanas críticas,0.0,22.6,Variable
mining_continuous_load,indexed_50pct_spot,HUANCAVELICA 220,36,22.82,27.31,32.68,0,0,0,0.5,50000,Ventanas críticas,0.0,22.0,Variable
mining_continuous_load,indexed_50pct_spot,CHILCA DOS 13.8,36,22.72,28.46,36.28,0,0,0,0.5,50000,Ventanas críticas,0.0,22.78,Variable
mining_continuous_load,indexed_50pct_spot,CALLAHUANCA 60,36,22.38,27.94,36.93,0,0,0,0.5,50000,Ventanas críticas,0.0,22.59,Variable
mining_continuous_load,indexed_50pct_spot,YAUPI 138,36,22.3,30.16,36.99,0,0,0,0.5,50000,Ventanas críticas,0.0,23.13,Variable
mining_continuous_load,indexed_50pct_spot,CERRO DEL AGUILA 220,36,22.1,27.37,33.02,0,0,0,0.5,50000,Ventanas críticas,0.0,21.74,Variable
mining_continuous_load,indexed_50pct_spot,CHILCA REP 220,36,22.05,27.67,36.36,0,0,0,0.5,50000,Ventanas críticas,0.0,22.29,Variable
mining_continuous_load,indexed_50pct_spot,LA VIRGEN 138,36,21.58,28.68,34.56,0,0,0,0.5,50000,Ventanas críticas,0.0,22.06,Variable
mining_continuous_load,indexed_50pct_spot,YAUPI13.8,36,21.49,29.0,36.31,0,0,0,0.5,50000,Ventanas críticas,0.0,22.37,Variable
mining_continuous_load,indexed_50pct_spot,YARUCAYA 13.8,36,20.72,25.88,37.83,0,0,0,0.5,50000,Ventanas críticas,0.0,21.47,Variable
mining_continuous_load,indexed_50pct_spot,CAMPO ARMIÑO 220,36,20.08,24.09,26.22,0,0,0,0.5,50000,Ventanas críticas,0.0,18.99,Variable
mining_continuous_load,indexed_50pct_spot,MALPASO 50,36,20.06,25.14,30.63,0,0,0,0.5,50000,Ventanas críticas,0.0,19.9,Variable
mining_continuous_load,indexed_50pct_spot,RESTITUCIÓN 220,36,19.6,23.57,25.55,0,0,0,0.5,50000,Ventanas críticas,0.0,18.54,Variable
mining_continuous_load,indexed_50pct_spot,PLATANAL 220,36,18.37,22.74,24.66,0,0,0,0.5,50000,Ventanas críticas,0.0,17.65,Variable
mining_continuous_load,indexed_50pct_spot,CORACORA 60,4,15.54,24.09,28.51,0,0,4,0.5,50000,Prima de estrés,0.0,17.29,Variable
mining_continuous_load,indexed_50pct_spot,NAZCA 22.9,4,15.13,23.63,28.12,0,0,4,0.5,50000,Prima de estrés,0.0,16.93,Variable
mining_continuous_load,indexed_50pct_spot,LLIPATA 60,4,14.58,23.18,27.99,0,0,4,0.5,50000,Prima de estrés,0.0,16.56,Variable
mining_continuous_load,indexed_50pct_spot,ALTO LA LUNA 10,14,13.22,21.07,25.01,0,0,11,0.5,50000,Prima de estrés,0.0,14.97,Variable
mining_continuous_load,indexed_50pct_spot,ALTO LA LUNA 60,14,12.92,20.53,24.5,0,0,11,0.5,50000,Prima de estrés,0.0,14.62,Variable
mining_continuous_load,indexed_50pct_spot,PISCO 10,14,12.7,20.16,23.95,0,0,11,0.5,50000,Prima de estrés,0.0,14.35,Variable
mining_continuous_load,indexed_50pct_spot,VILLACURI 22.9,14,12.62,20.37,24.77,0,0,11,0.5,50000,Prima de estrés,0.0,14.49,Variable
mining_continuous_load,indexed_50pct_spot,PARACAS 22,14,12.55,20.0,27.74,0,0,11,0.5,50000,Prima de estrés,0.0,14.81,Variable
mining_continuous_load,indexed_50pct_spot,PARACAS 10,14,12.48,19.56,27.92,0,0,11,0.5,50000,Prima de estrés,0.0,14.69,Variable
mining_continuous_load,indexed_50pct_spot,TAMBO DE MORA 10,5,12.07,18.54,24.63,0,0,4,0.5,50000,Prima de estrés,0.0,13.76,Variable
mining_continuous_load,indexed_50pct_spot,VILLACURI 60,14,11.83,18.9,23.66,0,0,11,0.5,50000,Prima de estrés,0.0,13.6,Variable
mining_continuous_load,indexed_50pct_spot,PEDREGAL 10,5,11.58,18.15,24.07,0,0,4,0.5,50000,Prima de estrés,0.0,13.36,Variable
mining_continuous_load,indexed_50pct_spot,PUEBLO NUEVO 10,5,11.08,16.5,20.34,0,0,4,0.5,50000,Prima de estrés,0.0,12.16,Variable
mining_continuous_load,indexed_50pct_spot,INDEPENDENCIA 10,14,10.91,17.24,25.14,0,0,11,0.5,50000,Prima de estrés,0.0,12.99,Variable
mining_continuous_load,indexed_50pct_spot,CHALA 60,1,8.92,8.92,8.92,0,0,1,0.5,50000,Prima de estrés,0.0,7.58,Variable
mining_continuous_load,indexed_50pct_spot,BELLA UNION 60,1,8.49,8.49,8.49,0,0,1,0.5,50000,Prima de estrés,0.0,7.21,Variable
mining_continuous_load,indexed_50pct_spot,JAHUAY 60,1,7.97,7.97,7.97,0,0,1,0.5,50000,Prima de estrés,0.0,6.77,Variable
mining_continuous_load,indexed_50pct_spot,FUNSUR 60,1,7.86,7.86,7.86,0,0,1,0.5,50000,Prima de estrés,0.0,6.68,Variable
mining_continuous_load,indexed_50pct_spot,MINA 60,1,7.29,7.29,7.29,0,0,1,0.5,50000,Prima de estrés,0.0,6.2,Variable
mining_continuous_load,indexed_50pct_spot,HUARANGO 60,1,6.77,6.77,6.77,0,0,1,0.5,50000,Prima de estrés,0.0,5.76,Variable
mining_continuous_load,indexed_50pct_spot,LOMAS 60,1,6.77,6.77,6.77,0,0,1,0.5,50000,Prima de estrés,0.0,5.76,Variable
